都道府県コード又は市区町村コード,NO,都道府県名,市区町村名,介護サービス事業所名称,介護サービス事業所名称_カナ,実施サービス,住所,方書,緯度,経度,電話番号,内線番号,FAX番号,法人番号,法人の名称,事業所番号,利用可能曜日,利用可能曜日特記事項,定員,URL,備考
222038,,静岡県,沼津市,あしたか包括介護予防支援事業所,アシタカホウカツカイゴヨボウシエンジギョウショ,介護予防支援事業所,沼津市東椎路1742-1,,,,055-967-2988,,055-967-2966,,社会福祉法人春風会,2201100027,月～土,12/31～1/3を除く。,,,
222038,,静岡県,沼津市,きせがわ包括介護予防支援事業所,キセガワホウカツカイゴヨボウシエンジギョウショ,介護予防支援事業所,沼津市大岡1155,,,,055-954-0003,,055-954-0006,,医療法人社団　真養会,2201100035,月～土,祝日及び１２／３０～１／３を除く,,,
222038,,静岡県,沼津市,千本包括介護予防支援事業所,センボンホウカツカイゴヨボウシエンジギョウショ,介護予防支援事業所,沼津市本字千本1910-206,,,,055-962-5932,,055-962-5348,,社会福祉法人　沼津市社会福祉協議会,2201100050,月～土,１２／２９～１／３を除く,,,
222038,,静岡県,沼津市,かぬき包括介護予防支援事業所,カヌキホウカツカイゴヨボウシエンジギョウショ,介護予防支援事業所,沼津市下香貫猪沼981-2,,,,055-933-3671,,055-934-7322,,社会福祉法人　信愛会,2201100068,月～金,祝日及び１２／３０～１／３は除く,,,
222038,,静岡県,沼津市,三浦・戸田包括介護予防支援事業所,サンウラ・ヘダホウカツカイゴヨボウシエンジギョウショ,介護予防支援事業所,沼津市内浦重須627-7,,,,055-919-5571,,055-919-3949,,社会福祉法人　三保会,2201100076,月～土,１２／２９－１／３を除く,,,
222038,,静岡県,沼津市,戸田包括介護予防支援事業所,ヘダホウカツカイゴヨボウシエンジギョウショ,介護予防支援事業所,沼津市戸田916-2,,,,0558-94-5550,,0558-97-5001,,社会福祉法人　信愛会,2201100084,月～金,12月30日～１月３日を除く,,,
222038,,静岡県,沼津市,片浜・今沢包括介護予防支援事業所,カタハマ・イマザワホウカツカイゴヨボウシエンジギョウショ,介護予防支援事業所,沼津市松長12-3,,,,055-969-7050,,055-968-2177,,社会福祉法人春風会,2201100092,月～土,１２/３１～１/３を除く,,,
222038,,静岡県,沼津市,かどいけ包括介護予防支援事業所,カドイケホウカツカイゴヨボウシエンジギョウショ,介護予防支援事業所,沼津市岡宮1147-8,,,,055-926-8500,,055-926-8509,,社会福祉法人　駿河厚生会,2201100100,月～土,国民の祝日及び１２／３０～１／３を除く,,,
222038,,静岡県,沼津市,第五包括介護予防支援事業所,ダイゴホウカツカイゴヨボウシエンジギョウショ,介護予防支援事業所,沼津市新宿町19-1,　パスコグランドマンション新沼津1階,,,055-939-8022,,055-939-8021,,医療法人社団　真養会,2201100118,月～金,祝日、１２／２９～１／３を除く,,,
222038,,静岡県,沼津市,第三・第四包括介護予防支援事業所,ダイサン・ダイヨンホウカツカイゴヨボウシエンジギョウショ,介護予防支援事業所,沼津市西島町19-1,,,,055-941-6605,,055-941-6658,,社会福祉法人　信愛会,2201100126,月～金,１２／３０～１／３を除く,,,
222038,,静岡県,沼津市,かなおか包括介護予防支援事業所,カナオカホウカツカイゴヨボウシエンジギョウショ,介護予防支援事業所,沼津市西沢田431-11,,,,055-921-2022,,055-924-2189,,社会福祉法人　炉暖会,2201100134,月～金,祝日、１２／２９～１／３を除く,,,
222038,,静岡県,沼津市,タカネ園,タカネエン,通所リハビリテーション,沼津市鳥谷６１１－１,,,,055-967-8800,,055-967-3600,,医療法人社団愛康会,2251180010,月～金,,50,,
222038,,静岡県,沼津市,はら包括介護予防支援事業所,ハラホウカツカイゴヨボウシエンジギョウショ,介護予防支援事業所,沼津市原1200-3,,,,055-969-4055,,055-969-4056,,社会福祉法人春風会,2201100019,月～土,１２／２９～１／３を除く,,,
222038,,静岡県,沼津市,金岡医院,カナオカイイン,居宅療養管理指導、通所リハビリテーション、訪問リハビリテーション、訪問看護,沼津市江原町１５－３８,,,,0559-21-1147,,0559-21-2495,,森田　清司,2211101577,-,,,,
222038,,静岡県,沼津市,岩波医院,イワナミイイン,居宅療養管理指導、通所リハビリテーション、訪問リハビリテーション、訪問看護,沼津市下香貫善太夫３１２５,,,,0559-31-5082,,,,岩波　弥,2211101718,-,,,,
222038,,静岡県,沼津市,寺田医院,テラダイイン,居宅療養管理指導、通所リハビリテーション、訪問リハビリテーション、訪問看護,沼津市上香貫三貫地１１７３－５,,,,0559-31-3181,,0559-32-4148,,寺田　鼎,2211101908,-,,,,
222038,,静岡県,沼津市,新藤医院,シンドウイイン,居宅療養管理指導、通所リハビリテーション、訪問リハビリテーション、訪問看護,沼津市原３３１－１５,,,,0559-66-0278,,,,新藤　正隆,2211101957,-,,,,
222038,,静岡県,沼津市,桜井医院,サクライイイン,居宅療養管理指導、通所リハビリテーション、訪問リハビリテーション、訪問看護,沼津市沼北町１－５－１７,,,,0559-21-1007,,,,桜井　克己,2211102112,-,,,,
222038,,静岡県,沼津市,石坂外科医院,イシザカゲカイイン,居宅療養管理指導、通所リハビリテーション、訪問リハビリテーション、訪問看護,沼津市新宿町１－７,,,,0559-21-0880,,0559-21-0880,,石坂　清六,2211102203,-,,,,
222038,,静岡県,沼津市,大岡医院,オオオカイイン,居宅療養管理指導、通所リハビリテーション、訪問リハビリテーション、訪問看護,沼津市大岡２４７３－４,,,,0559-21-2248,,0559-24-4600,,植松　哲,2211102245,-,,,,
222038,,静岡県,沼津市,小野医院,オノイイン,居宅療養管理指導、通所リハビリテーション、訪問リハビリテーション、訪問看護,沼津市真砂町２２－１７,,,,0559-51-6213,,,,小野　裕弘,2211102286,-,,,,
222038,,静岡県,沼津市,木林産婦人科内科医院,キバヤシサンフジンカナイカイイン,居宅療養管理指導、通所リハビリテーション、訪問リハビリテーション、訪問看護,沼津市新宿町４－５,,,,0559-21-2507,,0589-21-2569,,木林　瑛,2211102450,-,,,,
222038,,静岡県,沼津市,岩端医院,イワハシイイン,居宅療養管理指導、通所リハビリテーション、訪問リハビリテーション、訪問看護,沼津市大手町３－２－１９,,,,0559-62-1368,,,,岩端　秀久,2211102476,-,,,,
222038,,静岡県,沼津市,永倉耳鼻咽喉科クリニック,ナガクラジビインコウカクリニック,居宅療養管理指導、通所リハビリテーション、訪問リハビリテーション、訪問看護,沼津市大手町１－１－３,,,,0559-63-3011,,0559-63-3012,,永倉　鋼太郎,2211102542,-,,,,
222038,,静岡県,沼津市,永野医院,ナガノイイン,居宅療養管理指導、通所リハビリテーション、訪問リハビリテーション、訪問看護,沼津市大岡１４０１－１,,,,0559-62-4450,,0559-52-0865,,永野　圭藏,2211102625,-,,,,
222038,,静岡県,沼津市,山谷内科医院,ヤマヤナイカイイン,居宅療養管理指導、通所リハビリテーション、訪問リハビリテーション、訪問看護,沼津市青野字八石５４－４,,,,0559-66-5333,,0559-66-5333,,山谷　文夫,2211102765,-,,,,
222038,,静岡県,沼津市,おおい神経内科,オオイシンケイナイカ,居宅療養管理指導、通所リハビリテーション、訪問リハビリテーション、訪問看護,沼津市北高島町１７－１５,,,,0559-22-8886,,0559-22-8886,,大井　隆嗣,2211102849,-,,,,
222038,,静岡県,沼津市,林医院,ハヤシイイン,居宅療養管理指導、通所リハビリテーション、訪問リハビリテーション、訪問看護,沼津市住吉町７－１５,,,,0559-31-1120,,0559-31-1120,,林　秀憲,2211102856,-,,,,
222038,,静岡県,沼津市,かぬき岩端医院,カヌキイワハタイイン,居宅療養管理指導、通所リハビリテーション、訪問リハビリテーション、訪問看護,沼津市下香貫前原１４７９－３,,,,0559-32-8189,,0559-32-8192,,岩端　俊久,2211102872,-,,,,
222038,,静岡県,沼津市,坂小児科医院,サカショウニカイイン,居宅療養管理指導、通所リハビリテーション、訪問リハビリテーション、訪問看護,沼津市下香貫前原１４７３－７,,,,0559-31-3233,,0559-32-8137,,坂　芳樹,2211102906,-,,,,
222038,,静岡県,沼津市,山秋眼科医院,ヤマアキガンカイイン,居宅療養管理指導、通所リハビリテーション、訪問リハビリテーション、訪問看護,沼津市筒井町１－５,,,,0559-24-4680,,0559-24-4680,,山秋　久,2211102948,-,,,,
222038,,静岡県,沼津市,よざ小児科医院,ヨザショウニカイイン,居宅療養管理指導、通所リハビリテーション、訪問リハビリテーション、訪問看護,沼津市原字東沖１７８８－５,,,,0559-67-5722,,,,與座　明雄,2211102963,-,,,,
222038,,静岡県,沼津市,西方外科医院,ニシカタゲカイイン,居宅療養管理指導、通所リハビリテーション、訪問リハビリテーション、訪問看護,沼津市共栄町２０－５,,,,0559-21-1333,,0559-21-6166,,西方　俊,2211102971,-,,,,
222038,,静岡県,沼津市,松原医院,マツバライイン,居宅療養管理指導、通所リハビリテーション、訪問リハビリテーション、訪問看護,沼津市白銀町４－３,,,,0559-62-1496,,0559-62-1496,,松原　正典,2211102997,-,,,,
222038,,静岡県,沼津市,あいあい眼科クリニック,アイアイガンカクリニック,居宅療養管理指導、通所リハビリテーション、訪問リハビリテーション、訪問看護,沼津市原１７２１－１７,,,,0559-67-7715,,,,名古　良輔,2211103045,-,,,,
222038,,静岡県,沼津市,一杉麻酔科クリニック,ヒトスギマスイカクリニック,居宅療養管理指導、通所リハビリテーション、訪問リハビリテーション、訪問看護,沼津市大塚５６－１,,,,0559-66-0236,,0559-66-0236,,一杉　安秀,2211103094,-,,,,
222038,,静岡県,沼津市,古屋小児科医院,フルヤショウニカイイン,居宅療養管理指導、通所リハビリテーション、訪問リハビリテーション、訪問看護,沼津市西条町１３４,,,,0559-63-0407,,0559-63-0407,,古屋　冨士夫,2211103136,-,,,,
222038,,静岡県,沼津市,小島レディースクリニック,コジマレディースクリニック,居宅療養管理指導、通所リハビリテーション、訪問リハビリテーション、訪問看護,沼津市大岡字久保１１２５－１,,,,0559-52-1103,,0559-62-8355,,小島　榮吉,2211103185,-,,,,
222038,,静岡県,沼津市,木村眼科医院,キムラガンカイイン,居宅療養管理指導、通所リハビリテーション、訪問リハビリテーション、訪問看護,沼津市原１８４－５,,,,0559-67-4611,,0559-67-4611,,木村　裕子,2211103193,-,,,,
222038,,静岡県,沼津市,羽切医院,ハギリイイン,居宅療養管理指導、通所リハビリテーション、訪問リハビリテーション、訪問看護,沼津市西椎路字南川１３８－１,,,,0559-68-3111,,0559-68-3110,,羽切　眞澄,2211103201,-,,,,
222038,,静岡県,沼津市,関外科胃腸科医院,セキゲカイチョウカイイン,居宅療養管理指導、通所リハビリテーション、訪問リハビリテーション、訪問看護,沼津市花園町９－３,,,,0559-21-2188,,,,関　訓芳,2211103227,-,,,,
222038,,静岡県,沼津市,守重医院,モリシゲイイン,居宅療養管理指導、通所リハビリテーション、訪問リハビリテーション、訪問看護,沼津市我入道江川１,,,,0559-31-2511,,0559-33-4301,,守重　幸雄,2211103235,-,,,,
222038,,静岡県,沼津市,田中医院,タナカイイン,居宅療養管理指導、通所リハビリテーション、訪問リハビリテーション、訪問看護,沼津市高島町２３－１５,,,,0559-21-2053,,0559-23-6307,,田中　信介,2211103276,-,,,,
222038,,静岡県,沼津市,白石医院,シライシイイン,居宅療養管理指導、通所リハビリテーション、訪問リハビリテーション、訪問看護,沼津市市道町１２－２５,,,,0559-51-4593,,,,白石　アンナ,2211103318,-,,,,
222038,,静岡県,沼津市,梅沢医院,ウメサワイイン,居宅療養管理指導、通所リハビリテーション、訪問リハビリテーション、訪問看護,沼津市東間門１－１－３,,,,0559-62-2229,,,,梅澤　さと,2211103391,-,,,,
222038,,静岡県,沼津市,大沢医院,オオサワイイン,居宅療養管理指導、通所リハビリテーション、訪問リハビリテーション、訪問看護,沼津市御幸町１４－１２,,,,0559-31-1019,,0559-31-1019,,大澤　香,2211103425,-,,,,
222038,,静岡県,沼津市,えがわ医院,エガワイイン,居宅療養管理指導、訪問リハビリテーション、訪問看護,沼津市高島本町１２－２０,,,,0559-21-5148,,0559-21-5173,,頴川　功,2211103433,-,,,,
222038,,静岡県,沼津市,えがわ医院通所リハビリセンター,エガワイインツウショリハビリセンター,通所リハビリテーション,沼津市高島本町１２－２０,,,,055-928-7288,,055-921-5173,,頴川　功,2211103433,月～土,国民の祝日、お盆休み及び年末年始は除く,10,,
222038,,静岡県,沼津市,井関マタニティクリニック,イセキマタニティクリニック,居宅療養管理指導、通所リハビリテーション、訪問リハビリテーション、訪問看護,沼津市八幡町１１５,,,,0559-52-4103,,,,井関　紀一,2211103441,-,,,,
222038,,静岡県,沼津市,中ノ森眼科,ナカノモリガンカ,居宅療養管理指導、通所リハビリテーション、訪問リハビリテーション、訪問看護,沼津市緑ケ丘２－３,,,,0559-21-3217,,0559-21-3217,,中ノ森　恒,2211103466,-,,,,
222038,,静岡県,沼津市,本村クリニック,モトムラクリニック,居宅療養管理指導、通所リハビリテーション、訪問リハビリテーション、訪問看護,沼津市大塚８７０,,,,0559-69-0001,,,,本村文一,2211103490,-,,,,
222038,,静岡県,沼津市,かとうクリニック,カトウクリニック,居宅療養管理指導、通所リハビリテーション、訪問リハビリテーション、訪問看護,沼津市若葉町４－１４,,,,0559-26-7722,,,,加藤　進太,2211103532,-,,,,
222038,,静岡県,沼津市,二本松眼科医院,ニホンマツガンカイイン,居宅療養管理指導、通所リハビリテーション、訪問リハビリテーション、訪問看護,沼津市玉江町５－５,,,,0559-31-6111,,,,橋本　貴夫,2211103540,-,,,,
222038,,静岡県,沼津市,ゆうあいクリニック,ユウアイクリニック,居宅療養管理指導、通所リハビリテーション、訪問リハビリテーション、訪問看護,沼津市西椎路１６４－１,,,,0559-69-2777,,,,久保　精一,2211103565,-,,,,
222038,,静岡県,沼津市,青沼胃腸科クリニック,アオヌマイチョウカクリニック,居宅療養管理指導、通所リハビリテーション、訪問リハビリテーション、訪問看護,沼津市大岡８３６－１８,,,,055-929-6205,,,,青沼　宏,2211103599,-,,,,
222038,,静岡県,沼津市,香貫医院,カヌキイイン,居宅療養管理指導、通所リハビリテーション、訪問リハビリテーション、訪問看護,沼津市本郷町２７－１８,,,,055-931-2465,,,,北條　正久,2211103615,-,,,,
222038,,静岡県,沼津市,さわだ・メディカル・クリニック,サワダ・メディカル・クリニック,居宅療養管理指導、訪問リハビリテーション、訪問看護,沼津市西沢田３２５－１,,,,055-921-1711,,,,さわだ・メディカル・クリニック　院長　竹内　文夫,2211103623,-,,,,
222038,,静岡県,沼津市,さわだメディカルクリニック　通所リハビリテーション　「べっく」,サワダメディカルクリニック　ツウショリハビリテーション　「ベック」,通所リハビリテーション,沼津市西沢田３２５－１,,,,055-921-1733,,055-921-1733,,さわだ・メディカル・クリニック　院長　竹内　文夫,2211103623,月～土,祝日、8/14～8/16、12/28～1/4を除く,20,,
222038,,静岡県,沼津市,込宮医院,コミヤイイン,居宅療養管理指導、通所リハビリテーション、訪問リハビリテーション、訪問看護,沼津市新宿町１６－１１,,,,055-921-0135,,,,込宮卓司,2211103656,-,,,,
222038,,静岡県,沼津市,小林内科医院,コバヤシナイカイイン,居宅療養管理指導、通所リハビリテーション、訪問リハビリテーション、訪問看護,沼津市米山町７－８,,,,055-921-2165,,,,小林俊雄,2211103664,-,,,,
222038,,静岡県,沼津市,村岡内科クリニック,ムラオカナイカクリニック,居宅療養管理指導、通所リハビリテーション、訪問リハビリテーション、訪問看護,沼津市大岡１０６６－３,,,,055-954-2000,,,,村岡秀樹,2211103672,-,,,,
222038,,静岡県,沼津市,三島耳鼻咽喉科クリニック,ミシマジビインコウカクリニック,居宅療養管理指導、通所リハビリテーション、訪問リハビリテーション、訪問看護,沼津市下香貫樋ノ口１７０６－１,,,,,,,,三島丈和,2211103680,-,,,,
222038,,静岡県,沼津市,リコー通りクリニック,リコードオリクリニック,居宅療養管理指導、通所リハビリテーション、訪問リハビリテーション、訪問看護,沼津市高島町２９－５,,,,055-929-6336,,,,橋口　明男,2211103730,-,,,,
222038,,静岡県,沼津市,海野皮フ科クリニック,ウンノヒフカクリニック,居宅療養管理指導、通所リハビリテーション、訪問リハビリテーション、訪問看護,沼津市上香貫槙島町１２７０－１,,,,055-935-1211,,,,海野　哲史,2211103748,-,,,,
222038,,静岡県,沼津市,本多眼科分院,ホンダガンカブンイン,居宅療養管理指導、通所リハビリテーション、訪問リハビリテーション、訪問看護,沼津市大手町１－１－３,,,,,,,,伊地　靖和,2211103763,-,,,,
222038,,静岡県,沼津市,増田医院,マスダイイン,居宅療養管理指導、通所リハビリテーション、訪問リハビリテーション、訪問看護,沼津市原１０７７,,,,,,,,増田貴久,2211103789,-,,,,
222038,,静岡県,沼津市,伊豆クリニック,イズクリニック,居宅療養管理指導、通所リハビリテーション、訪問リハビリテーション、訪問看護,沼津市西熊堂３２７－２,,,,,,,,升森靖介,2211103813,-,,,,
222038,,静岡県,沼津市,望月内科医院,モチヅキナイカイイン,居宅療養管理指導、通所リハビリテーション、訪問リハビリテーション、訪問看護,沼津市下香貫宮脇３３７－２９,,,,,,,,望月健太郎,2211103821,-,,,,
222038,,静岡県,沼津市,リコー通りアイクリニック,リコードオリアイクリニック,居宅療養管理指導、通所リハビリテーション、訪問リハビリテーション、訪問看護,沼津市寿町２１－４１,,,,055-923-4088,,,,古畑謙,2211103839,-,,,,
222038,,静岡県,沼津市,新妻ひふ科,ニイヅマヒフカ,居宅療養管理指導、通所リハビリテーション、訪問リハビリテーション、訪問看護,沼津市大手町２－７－１７,,,,055-962-0311,,,,萩原民郎,2211103847,-,,,,
222038,,静岡県,沼津市,本多眼科医院,ホンダガンカイイン,居宅療養管理指導、通所リハビリテーション、訪問リハビリテーション、訪問看護,沼津市御幸町6番14号,,,,0559-31-1519,,,,平川　博秀,2211103854,-,,,,
222038,,静岡県,沼津市,御成橋栄クリニック,ゴセイバシサカエクリニック,居宅療養管理指導、通所リハビリテーション、訪問リハビリテーション、訪問看護,沼津市八幡町２９－１,栄ビル２階,,,055-922-2525,,,,小林　栄孝,2211103888,-,,,,
222038,,静岡県,沼津市,大岡内科クリニック,オオオカナイカクリニック,居宅療養管理指導、通所リハビリテーション、訪問リハビリテーション、訪問看護,沼津市大岡２６９６－１０,,,,055-926-2612,,,,森　明,2211103904,-,,,,
222038,,静岡県,沼津市,佐藤医院,サトウイイン,居宅療養管理指導、通所リハビリテーション、訪問リハビリテーション、訪問看護,沼津市大岡日吉１６９９－６,,,,055-962-5479,,,,佐藤　州,2211103920,-,,,,
222038,,静岡県,沼津市,大沢ハートクリニック,オオサワハートクリニック,居宅療養管理指導、通所リハビリテーション、訪問リハビリテーション、訪問看護,沼津市若葉町４－１４,,,,055-929-1313,,,,大沢　正尚,2211103938,-,,,,
222038,,静岡県,沼津市,本田さくら眼科医院,ホンダサクラガンカイイン,居宅療養管理指導、通所リハビリテーション、訪問リハビリテーション、訪問看護,沼津市大手町3-2-15,ＹＫビル1階,,,055-951-1365,,,,本田　治,2211103946,-,,,,
222038,,静岡県,沼津市,はだクリニック,ハダクリニック,居宅療養管理指導、通所リハビリテーション、訪問リハビリテーション、訪問看護,沼津市大岡１７２８－２,,,,055-952-5779,,,,羽田　正人,2211103979,-,,,,
222038,,静岡県,沼津市,今井医院,イマイイイン,居宅療養管理指導、通所リハビリテーション、訪問リハビリテーション、訪問看護,沼津市五月町７番１８号,,,,055-921-3211,,,,今井靖,2211104027,-,,,,
222038,,静岡県,沼津市,あそうクリニック,アソウクリニック,居宅療養管理指導、通所リハビリテーション、訪問リハビリテーション、訪問看護,沼津市筒井町11-1,,,,055-929-7575,,,,麻生克己,2211104043,-,,,,
222038,,静岡県,沼津市,さわだの森耳鼻咽喉科クリニック,サワダノモリジビインコウカクリニック,居宅療養管理指導、通所リハビリテーション、訪問リハビリテーション、訪問看護,沼津市西沢田340-１,,,,055-929-8787,,,,森聖哲,2211104068,-,,,,
222038,,静岡県,沼津市,酒井医院,サカイイイン,居宅療養管理指導、通所リハビリテーション、訪問リハビリテーション、訪問看護,沼津市今沢206,,,,055-966-1755,,,,酒井良博,2211104076,-,,,,
222038,,静岡県,沼津市,かとう内科医院,カトウナイカイイン,居宅療養管理指導、通所リハビリテーション、訪問リハビリテーション、訪問看護,沼津市大岡1998,,,,055-946-5562,,,,加藤伸太朗,2211104084,-,,,,
222038,,静岡県,沼津市,こんどうクリニック,コンドウクリニック,居宅療養管理指導、通所リハビリテーション、訪問リハビリテーション、訪問看護,沼津市岡宮1157-1,,,,055-925-2420,,,,近藤哲矢,2211104100,-,,,,
222038,,静岡県,沼津市,いながきレディースクリニック,イナガキレディースクリニック,居宅療養管理指導、通所リハビリテーション、訪問リハビリテーション、訪問看護,沼津市宮前町12-11,,,,055-926-1709,,,,稲垣　誠,2211104118,-,,,,
222038,,静岡県,沼津市,すずきファミリークリニック,スズキファミリークリニック,居宅療養管理指導、通所リハビリテーション、訪問リハビリテーション、訪問看護,沼津市一本松476-1,,,,055-960-0333,,,,鈴木　徹也,2211104126,-,,,,
222038,,静岡県,沼津市,芹澤クリニック,セリザワクリニック,居宅療養管理指導、通所リハビリテーション、訪問リハビリテーション、訪問看護,沼津市大岡1745-1,,,,055-963-3377,,,,芹澤　康哲,2211104142,-,,,,
222038,,静岡県,沼津市,海瀬病院,ウミセビョウイン,居宅療養管理指導、通所リハビリテーション、訪問リハビリテーション、訪問看護,沼津市西浦久連436-16,,,,055-942-2014,,,,海瀬　和郎,2211104159,-,,,,
222038,,静岡県,沼津市,森医院,モリイイン,居宅療養管理指導、通所リハビリテーション、訪問リハビリテーション、訪問看護,沼津市石川１６１,,,,055-966-2017,,,,和田則康,2211104217,-,,,,
222038,,静岡県,沼津市,べっく・メディカル・クリニック,ベック・メディカル・クリニック,居宅療養管理指導、通所リハビリテーション、訪問リハビリテーション、訪問看護,沼津市西沢田３３８－１,,,,055-921-1300,,,,別宮　壇,2211104225,-,,,,
222038,,静岡県,沼津市,みどり眼科,ミドリガンカ,居宅療養管理指導、通所リハビリテーション、訪問リハビリテーション、訪問看護,沼津市大手町１－１－３,沼津産業ビル１Ｆ,,,055-964-0325,,,,田部晃,2211104233,-,,,,
222038,,静岡県,沼津市,ひろメンタルクリニック,ヒロメンタルクリニック,居宅療養管理指導、通所リハビリテーション、訪問リハビリテーション、訪問看護,沼津市大手町５－１１－３,ラピュタービル２Ｆ,,,055-954-5155,,,,遠藤博久,2211104258,-,,,,
222038,,静岡県,沼津市,岡田医院,オカダイイン,居宅療養管理指導、通所リハビリテーション、訪問リハビリテーション、訪問看護,沼津市新宿町４－１,,,,055-921-5321,,,,岡田隆,2211104266,-,,,,
222038,,静岡県,沼津市,高田胃腸科・内科クリニック,タカダイチョウカ・ナイカクリニック,居宅療養管理指導、通所リハビリテーション、訪問リハビリテーション、訪問看護,沼津市仲町７,,,,055-962-1410,,,,高田樹一,2211104274,-,,,,
222038,,静岡県,沼津市,森岡医院,モリオカイイン,居宅療養管理指導、通所リハビリテーション、訪問リハビリテーション、訪問看護,沼津市大岡３５３,,,,055-962-1084,,,,森岡　崇,2211104308,-,,,,
222038,,静岡県,沼津市,中山医院,ナカヤマイイン,居宅療養管理指導、通所リハビリテーション、訪問リハビリテーション、訪問看護,沼津市神田町３－３,,,,055-923-3599,,,,中山　貴裕,2211104316,-,,,,
222038,,静岡県,沼津市,ゆうひクリニック,ユウヒクリニック,居宅療養管理指導、通所リハビリテーション、訪問リハビリテーション、訪問看護,沼津市岡宮１２７７－５１,フレミアこがね西棟１階,,,080-6387-7107,,,,梅本祐介,2211104357,-,,,,
222038,,静岡県,沼津市,あうるクリニック駿河ベイ,アウルクリニックスルガベイ,居宅療養管理指導、通所リハビリテーション、訪問リハビリテーション、訪問看護,沼津市下香貫宮脇２２７－１,平成香貫ビル１０１号室,,,055-933-8250,,,,竹内　遼,2211104365,-,,,,
222038,,静岡県,沼津市,とりい内科クリニック,トリイナカナイカクリニック,居宅療養管理指導、通所リハビリテーション、訪問リハビリテーション、訪問看護,沼津市杉崎町13-42,,,,055-960-8007,,,,鳥井淑敬,2211104373,-,,,,
222038,,静岡県,沼津市,まの心血管クリニック,マノシンケッカンクリニック,居宅療養管理指導、通所リハビリテーション、訪問リハビリテーション、訪問看護,沼津市下香貫1869-1,,,,,,,,眞野勇記,2211104381,-,,,,
222038,,静岡県,沼津市,一般財団法人芙蓉協会聖隷沼津病院,イッパンザイダンホウジン　フヨウキョウカイ　セイレイヌマヅビョウイン,居宅療養管理指導、通所リハビリテーション、訪問リハビリテーション、訪問看護,沼津市本字松下七反田９０２－６,,,,0559-62-0932,,0559-63-2743,,一般財団法人　芙蓉協会,2211110057,-,,,,
222038,,静岡県,沼津市,公益財団法人復康会沼津中央病院,コウエキザイダンホウジンフッコウカイ　ヌマヅチュウオウビョウイン,居宅療養管理指導、通所リハビリテーション、訪問リハビリテーション、訪問看護,沼津市中瀬町２４－１,,,,0559-31-4100,,0559-34-1698,,公益財団法人　復康会,2211110073,-,,,,
222038,,静岡県,沼津市,公益財団法人復康会　通所リハビリテーション　うしぶせ,コウエキザイダンホウジンフッコウカイ　ツウショリハビリテーション　ウシブセ,通所リハビリテーション,沼津市上香貫曼陀ヶ原２５１０－２２,,,,0559-31-1911,,0559-34-3811,,公益財団法人　復康会,2211110099,月～土,祝日を除く,20,,
222038,,静岡県,沼津市,財団法人　復康会　沼津リハビリテーション病院,ザイダンホウジン　フッコウカイ　　ヌマヅリハビリテーションビョウイン,居宅療養管理指導、訪問リハビリテーション、訪問看護,沼津市上香貫蔓陀ケ原２５１０－２２,,,,0559-31-1911,,0559-34-3811,,公益財団法人　復康会,2211110099,-,,,,
222038,,静岡県,沼津市,矢崎電線株式会社診療所,ヤザキデンセンカブシキカイシャシンリョウショ,居宅療養管理指導、通所リハビリテーション、訪問リハビリテーション、訪問看護,沼津市大岡２７７１,,,,0559-24-2230,,0559-21-2138,,矢崎電線株式会社,2211110107,-,,,,
222038,,静岡県,沼津市,ふれあい沼津ホスピタル,フレアイヌマヅホスピタル,居宅療養管理指導、通所リハビリテーション、訪問リハビリテーション、訪問看護,沼津市市道町８－６,,,,0559-62-3530,,0559-52-2378,,医療法人社団静岡康心会,2211110115,-,,,,
222038,,静岡県,沼津市,公益財団法人復康会　大手町クリニック,コウエキザイダンホウジンフッコウカイ　オオテマチクリニック,居宅療養管理指導、通所リハビリテーション、訪問リハビリテーション、訪問看護,沼津市大手町３丁目１番地２,　エイプル・コア６Ｆ,,,0559-62-7311,,0559-51-7085,,公益財団法人　復康会,2211110131,-,,,,
222038,,静岡県,沼津市,医療法人社団賢仁会杉山病院,イリョウホウジンシャダンケンニンカイ　スギヤマビョウイン,居宅療養管理指導、通所リハビリテーション、訪問リハビリテーション、訪問看護,沼津市錦町３－５,,,,0559-63-4114,,0559-63-4114,,医療法人　社団賢仁会,2211110164,-,,,,
222038,,静岡県,沼津市,沼津夜間救急医療センター,ヌマヅヤカンキュウキュウイリョウセンター,居宅療養管理指導、通所リハビリテーション、訪問リハビリテーション、訪問看護,沼津市大岡１５１４－２,,,,0559-51-6078,,0559-62-1120,,沼津市,2211110172,-,,,,
222038,,静岡県,沼津市,医療法人社団　真養会　きせがわ病院,イリョウホウジンシャダン　シンヨウカイ　キセガワビョウイン,通所リハビリテーション,沼津市大岡１１５５,,,,0559-52-8600,,0559-52-8686,,医療法人社団　真養会,2211110198,月～土,祝日及び当院が別に定める年末年始休業日を除く,79,,
222038,,静岡県,沼津市,指定介護療養型医療施設　きせがわ病院,シテイカイゴリョウヨウガタイリョウシセツ　キセガワビョウイン,居宅療養管理指導、訪問リハビリテーション、訪問看護,沼津市大岡１１５５,,,,0559-62-1205,,0559-51-1013,,医療法人社団　真養会,2211110198,-,,,,
222038,,静岡県,沼津市,医療法人社団福育会　福士内科クリニック,イリョウホウジンシャダンフクイクカイ　フクシナイカクリニック,居宅療養管理指導、通所リハビリテーション、訪問リハビリテーション、訪問看護,沼津市下香貫藤井原１６１９－８,,,,0559-32-3553,,,,医療法人社団福育会,2211110248,-,,,,
222038,,静岡県,沼津市,瀬尾眼科医院,セオガンカイイン,居宅療養管理指導、通所リハビリテーション、訪問リハビリテーション、訪問看護,沼津市市場町２１－１０,,,,0559-33-9900,,0559-63-7113,,医療法人　社団孝英会,2211110263,-,,,,
222038,,静岡県,沼津市,メディトピア沼津・内科クリニック,メディトピアヌマヅ・ナイカクリニック,居宅療養管理指導、通所リハビリテーション、訪問リハビリテーション、訪問看護,沼津市岡一色５７５－１,,,,0559-23-6600,,0559-23-6606,,医療法人　社団華翠会,2211110271,-,,,,
222038,,静岡県,沼津市,医療法人社団弘仁勝和会　沼津勝和クリニック,イリョウホウジンシャダンコウジンショウワカイ　ヌマヅショウワクリニック,居宅療養管理指導、通所リハビリテーション、訪問リハビリテーション、訪問看護,沼津市米山町２－６２,,,,055-924-2311,,,,医療法人社団弘仁勝和会,2211110289,-,,,,
222038,,静岡県,沼津市,医療法人社団愛康会　あしたかケアセンター　通所リハビリテーション,イリョウホウジンシャダンアイコウカイ　アシタカケアセンター　ツウショリハビリテーション,通所リハビリテーション,沼津市今沢３７２－５,,,,055-967-3711,,055-967-3714,,医療法人社団愛康会,2211110297,月～金,祝祭日及び12/30～1/3までを除く,40,,
222038,,静岡県,沼津市,東医院,アズマイイン,居宅療養管理指導、通所リハビリテーション、訪問リハビリテーション、訪問看護,沼津市高沢町６－８,,,,0559-21-5520,,0559-21-5519,,医療法人　社団健仁会,2211110305,-,,,,
222038,,静岡県,沼津市,千葉耳鼻咽喉科医院,チバジビインコウカイイン,居宅療養管理指導、通所リハビリテーション、訪問リハビリテーション、訪問看護,沼津市大手町２－９－１,,,,0559-62-3315,,0559-52-0910,,医療法人　社団英仁会,2211110313,-,,,,
222038,,静岡県,沼津市,はら仙石医院,ハラセンゴクイイン,居宅療養管理指導、通所リハビリテーション、訪問リハビリテーション、訪問看護,沼津市原町中２－１４－２８,,,,0559-67-2012,,0559-67-2012,,医療法人　社団よつば会,2211110339,-,,,,
222038,,静岡県,沼津市,望星第一クリニック,ボウセイダイイチ,居宅療養管理指導、通所リハビリテーション、訪問リハビリテーション、訪問看護,沼津市柳町３－１８,,,,0559-22-0222,,0559-22-3192,,医療法人　駿東育愛会,2211110347,-,,,,
222038,,静岡県,沼津市,駿東整形外科医院,スントウセイケイゲカイイン,居宅療養管理指導、通所リハビリテーション、訪問リハビリテーション、訪問看護,沼津市高沢町６－１,,,,0559-22-8855,,0559-22-8857,,医療法人　社団すんとおる,2211110362,-,,,,
222038,,静岡県,沼津市,小林医院,コバヤシイイン,居宅療養管理指導、通所リハビリテーション、訪問リハビリテーション、訪問看護,沼津市今沢６８０－３,,,,0559-66-7700,,0559-66-7701,,医療法人　社団信愛会,2211110370,-,,,,
222038,,静岡県,沼津市,青木整形外科医院,アオキセイケイゲカイイン,居宅療養管理指導、通所リハビリテーション、訪問リハビリテーション、訪問看護,沼津市杉崎町４－２３,,,,0559-22-0521,,0559-22-0350,,医療法人　社団青幸会,2211110388,-,,,,
222038,,静岡県,沼津市,医療法人社団慈整会　沼津整形外科医院,イリョウホウジンシャダンジセイカイ　ヌマヅセイケイゲカイイン,通所リハビリテーション,沼津市共栄町１１－３,,,,0559-21-3791,,0559-22-5515,,医療法人社団慈整会,2211110396,月～土,祝日、年末年始（12/30～1/3）は除く,20,,
222038,,静岡県,沼津市,医療法人社団慈整会　沼津整形外科医院,イリョウホウジンシャダンジセイカイ　ヌマヅセイケイゲカイイン,居宅療養管理指導、訪問リハビリテーション、訪問看護,沼津市共栄町１１－３,,,,0559-21-3791,,0559-22-5515,,医療法人社団慈整会,2211110396,-,,,,
222038,,静岡県,沼津市,杉谷小児科医院,スギタニショウニカイイン,居宅療養管理指導、通所リハビリテーション、訪問リハビリテーション、訪問看護,沼津市筒井町８－１６,,,,0559-23-6543,,,,医療法人　社団慈浩会,2211110404,-,,,,
222038,,静岡県,沼津市,医療法人社団親和会西島病院,イリョウホウジンシャダンシンワカイニシジマビョウイン,居宅療養管理指導、通所リハビリテーション、訪問リハビリテーション、訪問看護,沼津市大岡２８３５－７,,,,0559-22-8235,,0559-22-5114,,医療法人　社団親和会,2211110412,-,,,,
222038,,静岡県,沼津市,一般財団法人芙蓉協会聖隷沼津第一クリニック,イッパンザイダンホウジンフヨウキョウカイセイレイヌマヅダイイチクリニック,居宅療養管理指導、通所リハビリテーション、訪問リハビリテーション、訪問看護,沼津市本字下一丁田８９５－１,,,,0559-62-9882,,,,一般財団法人　芙蓉協会,2211110438,-,,,,
222038,,静岡県,沼津市,勝呂医院,スグロイイン,居宅療養管理指導、通所リハビリテーション、訪問リハビリテーション、訪問看護,沼津市千本中町１９,,,,0559-62-3083,,0559-62-3084,,医療法人社団勝友会,2211110446,-,,,,
222038,,静岡県,沼津市,沼津西病院,ヌマヅニシビョウイン,居宅療養管理指導、通所リハビリテーション、訪問リハビリテーション、訪問看護,沼津市原２５０－８,,,,0559-66-1181,,0559-67-4423,,医療法人　社団フリージア会,2211110461,-,,,,
222038,,静岡県,沼津市,なつニューロクリニック,ナツニューロクリニック,居宅療養管理指導、通所リハビリテーション、訪問リハビリテーション、訪問看護,沼津市下香貫石原１２８２－２,,,,0559-33-5585,,0559-33-5586,,医療法人　社団明生会,2211110487,-,,,,
222038,,静岡県,沼津市,萩野クリニック,ハギノクリニック,居宅療養管理指導、通所リハビリテーション、訪問リハビリテーション、訪問看護,沼津市根古屋３０７－１,,,,0559-66-7111,,,,医療法人　社団鳳達会,2211110495,-,,,,
222038,,静岡県,沼津市,萩野クリニック居宅介護支援事業所,ハギノクリニックキョタクカイゴシエンジギョウショ,居宅介護支援,沼津市根古屋307-1,,,,055-966-7111,,055-966-7112,,医療法人　社団鳳達会,2211110495,月～土,祝日、12/29～1/3を除く,,,
222038,,静岡県,沼津市,関谷レディースクリニック,セキヤレディースクリニツク,居宅療養管理指導、通所リハビリテーション、訪問リハビリテーション、訪問看護,沼津市西椎路１４９－１,,,,0559-68-6611,,,,医療法人　社団けやき会,2211110537,-,,,,
222038,,静岡県,沼津市,岩渕内科医院,イワブチナイカイイン,居宅療養管理指導、通所リハビリテーション、訪問リハビリテーション、訪問看護,沼津市添地町１７７,,,,055-951-4579,,,,医療法人　社団耕仁会,2211110586,-,,,,
222038,,静岡県,沼津市,遠藤内科医院,エンドウナイカイイン,居宅療養管理指導、通所リハビリテーション、訪問リハビリテーション、訪問看護,沼津市三園町１－１１,,,,055-931-0171,,055-931-0176,,医療法人社団遠藤内科医院,2211110594,-,,,,
222038,,静岡県,沼津市,金元整形外科医院,カナモトセイケイゲカイイン,居宅療養管理指導、通所リハビリテーション、訪問リハビリテーション、訪問看護,沼津市松長７４０番地の７,,,,055-924-0112,,,,医療法人社団良敬会,2211110602,-,,,,
222038,,静岡県,沼津市,ふれあい沼津クリニック,フレアイヌマヅクリニック,居宅療養管理指導、通所リハビリテーション、訪問リハビリテーション、訪問看護,沼津市本字下一丁田８７８番２,,,,,,,,医療法人社団静岡康心会,2211110610,-,,,,
222038,,静岡県,沼津市,中山皮膚科・形成外科,ナカヤマヒフカ・ケイセイゲカ,居宅療養管理指導、通所リハビリテーション、訪問リハビリテーション、訪問看護,沼津市筒井町8-6,,,,055-923-1020,,,,医療法人社団喜望峰,2211110636,-,,,,
222038,,静岡県,沼津市,春の木第一クリニック,ハルノキダイイチクリニック,居宅療養管理指導、通所リハビリテーション、訪問リハビリテーション、訪問看護,沼津市東椎路５２０－２,,,,,,,,医療法人　社団道仁会,2211110669,-,,,,
222038,,静岡県,沼津市,矢田眼科クリニック,ヤタガンカクリニック,居宅療養管理指導、通所リハビリテーション、訪問リハビリテーション、訪問看護,沼津市三枚橋町5-20,,,,055-962-2006,,,,医療法人社団　明照会,2211110685,-,,,,
222038,,静岡県,沼津市,なおきクリニック,ナオキクリニック,居宅療養管理指導、通所リハビリテーション、訪問リハビリテーション、訪問看護,沼津市東椎路７０８－１,,,,055-929-8555,,,,医療法人社団　松樹会　,2211110693,-,,,,
222038,,静岡県,沼津市,医療法人社団真養会田沢医院,イリョウホウジンシャダンシンヨウカイタザワイイン,居宅療養管理指導、通所リハビリテーション、訪問リハビリテーション、訪問看護,沼津市大手町３丁目７番１号,,,,055-962-1205,,055-951-1103,,医療法人社団　真養会,2211110701,-,,,,
222038,,静岡県,沼津市,五十嵐クリニック,イガラシクリニック,居宅療養管理指導、通所リハビリテーション、訪問リハビリテーション、訪問看護,沼津市志下161-1,,,,055-934-6700,,,,医療法人　社団　公章会」,2211110727,-,,,,
222038,,静岡県,沼津市,内藤泌尿器科医院,ナイトウヒニョウキカイイン,居宅療養管理指導、通所リハビリテーション、訪問リハビリテーション、訪問看護,沼津市大岡字中石田2442-4,,,,055-925-7110,,,,医療法人社団　自然堂,2211110735,-,,,,
222038,,静岡県,沼津市,医療法人社団志仁会耳鼻科サイラクリニック,イリョウホウジンシャダンシジンカイジビカサイラクリニック,居宅療養管理指導、通所リハビリテーション、訪問リハビリテーション、訪問看護,沼津市市場町１２－２９,,,,055-935-1133,,,,医療法人社団　志仁会,2211110750,-,,,,
222038,,静岡県,沼津市,医療法人社団静岡健生会　米山町クリニック,イリョウホウジンシャダンシズオカケンセイカイ　ヨネヤマチョウクリニック,居宅療養管理指導、通所リハビリテーション、訪問リハビリテーション、訪問看護,沼津市米山町１２-３０,,,,055-943-6600,,,,医療法人社団静岡健生会,2211110768,-,,,,
222038,,静岡県,沼津市,フジ高砂クリニック,フジタカサゴクリニック,居宅療養管理指導、通所リハビリテーション、訪問リハビリテーション、訪問看護,沼津市高砂町２－５,,,,055-941-5684,,,,社会福祉法人博友会,2211110776,-,,,,
222038,,静岡県,沼津市,小野眼科クリニック,オノガンカクリニック,居宅療養管理指導、通所リハビリテーション、訪問リハビリテーション、訪問看護,沼津市高島町8-8,,,,055-929-1881,,,,医療法人社団優あい会,2211110784,-,,,,
222038,,静岡県,沼津市,すぎやまメンタルクリニック,スギヤマメンタルクリニック,居宅療養管理指導、通所リハビリテーション、訪問リハビリテーション、訪問看護,沼津市黒瀬町2,,,,055-960-7915,,,,医療法人社団心生,2211110792,-,,,,
222038,,静岡県,沼津市,てらだ医院,テラダイイン,居宅療養管理指導、通所リハビリテーション、訪問リハビリテーション、訪問看護,沼津市原1702-12,,,,055-967-1286,,,,医療法人社団資誠会理事長寺田誠史,2211110818,-,,,,
222038,,静岡県,沼津市,医療法人社団隆三会手塚クリニック,イリョウホウジンシャダンリュウサンカイテヅカクリニック,居宅療養管理指導、通所リハビリテーション、訪問リハビリテーション、訪問看護,沼津市西浦木負767-14,,,,055-942-3200,,,,医療法人社団隆三会,2211110826,-,,,,
222038,,静岡県,沼津市,戸田診療所,ヘダシンリョウジョ,居宅療養管理指導、通所リハビリテーション、訪問リハビリテーション、訪問看護,沼津市戸田916-3,,,,0558-94-3720,,,,沼津市,2211110834,-,,,,
222038,,静岡県,沼津市,こだま耳鼻咽喉科クリニック,コダマジビインコウカクリニック,居宅療養管理指導、通所リハビリテーション、訪問リハビリテーション、訪問看護,沼津市庄栄町１０－１７,,,,055-926-1333,,,,医療法人社団　珠光会,2211110842,-,,,,
222038,,静岡県,沼津市,心療内科ゆうゆう,シンリョウナイカユウユウ,居宅療養管理指導、通所リハビリテーション、訪問リハビリテーション、訪問看護,沼津市高沢町３番１５号,,,,055-951-6788,,,,医療法人社団ゆうゆう会,2211110859,-,,,,
222038,,静岡県,沼津市,みさき皮フ科クリニック,ミサキヒフカクリニック,居宅療養管理指導、通所リハビリテーション、訪問リハビリテーション、訪問看護,沼津市西椎路８８－１,,,,055-967-3636,,,,医療法人社団きさらぎ会,2211110867,-,,,,
222038,,静岡県,沼津市,沼津大山クリニック,ヌマヅオオヤマクリニック,居宅療養管理指導、通所リハビリテーション、訪問リハビリテーション、訪問看護,沼津市大手町１－１－６,,,,055-954-2274,,,,医療法人社団恒健会,2211110875,-,,,,
222038,,静岡県,沼津市,髙遠内科クリニック,コウエンナイカクリニック,居宅療養管理指導、通所リハビリテーション、訪問リハビリテーション、訪問看護,沼津市東椎路９２２－１,,,,055-926-8739,,,,医療法人社団優花,2211110883,-,,,,
222038,,静岡県,沼津市,武藤医院,ムトウイイン,居宅療養管理指導、通所リハビリテーション、訪問リハビリテーション、訪問看護,沼津市三園町１２－５,,,,055-931-0088,,,,医療法人社団佑慎会,2211110891,-,,,,
222038,,静岡県,沼津市,沼津岡宮第一クリニック,ヌマヅオカノミヤダイイチクリニック,居宅療養管理指導、通所リハビリテーション、訪問リハビリテーション、訪問看護,沼津市岡宮字洞畑９９１－１,,,,055-926-2260,,,,医療法人社団方正会,2211110909,-,,,,
222038,,静岡県,沼津市,医療法人社団秀博会　大岡マサキクリニック,イリョウホウジンシャダンシュウハクカイ　オオオカマサキクリニック,居宅療養管理指導、通所リハビリテーション、訪問リハビリテーション、訪問看護,沼津市大岡８６３－６,ツインヒルズ１階,,,055-943-9696,,,,医療法人社団秀博会,2211110917,-,,,,
222038,,静岡県,沼津市,つりた耳鼻咽喉科クリニック,ツリタジビインコウカクリニック,居宅療養管理指導、通所リハビリテーション、訪問リハビリテーション、訪問看護,沼津市宮前町１３－４,,,,055-927-3387,,,,医療法人社団　静富会,2211110925,-,,,,
222038,,静岡県,沼津市,白十字小児科医院,ハクジュウジショウニカイイン,居宅療養管理指導、通所リハビリテーション、訪問リハビリテーション、訪問看護,沼津市下香貫馬場４８８－１,,,,055-933-5111,,,,医療法人社団白祥会,2211110933,-,,,,
222038,,静岡県,沼津市,あめみや内科,アメミヤナイカ,居宅療養管理指導、通所リハビリテーション、訪問リハビリテーション、訪問看護,沼津市吉田町１７－２８,,,,055-935-1159,,,,医療法人社団ＣＡＮ,2211110941,-,,,,
222038,,静岡県,沼津市,さとやま整形外科内科,サトヤマセイケイゲカナイカ,居宅療養管理指導、訪問リハビリテーション、訪問看護,沼津市東原５６０－１,,,,055-939-8031,,,,医療法人友愛会,2211110958,-,,,,
222038,,静岡県,沼津市,さとやま整形外科内科,サトヤマセイケイゲカナイカ,通所リハビリテーション,沼津市東原５６０－１,,,,055-939-8031,,,,医療法人友愛会,2211110958,月～金,祝日、年末年始を除く,30,,
222038,,静岡県,沼津市,瀬尾記念慶友病院,セオキネンケイユウビョウイン,居宅療養管理指導、訪問リハビリテーション、訪問看護,沼津市下香貫島郷２７７３－１,,,,055-935-1511,,,,医療法人桂名会,2211110966,-,,,,
222038,,静岡県,沼津市,瀬尾記念慶友病院,セオキネンケイユウビョウイン,通所リハビリテーション,沼津市下香貫島郷２７７３－１,,,,055-935-1511,,,,医療法人桂名会,2211110966,月～金,12/30～1/3を除く,15,,
222038,,静岡県,沼津市,ふじわらクリニック,フジワラクリニック,居宅療養管理指導、通所リハビリテーション、訪問リハビリテーション、訪問看護,沼津市寿町１８－８,,,,055-924-8777,,,,医療法人社団ヘルスファースト,2211110974,-,,,,
222038,,静岡県,沼津市,旭医院,アサヒイイン,居宅療養管理指導、通所リハビリテーション、訪問リハビリテーション、訪問看護,沼津市原２８５－１,,,,055-966-0031,,,,医療法人社団旭医院,2211110982,-,,,,
222038,,静岡県,沼津市,医療法人社団勝優会　するがホームEクリニック,イリョウホウジンシャダンショウユウカイ　スルガホームＥクリニック,居宅療養管理指導、通所リハビリテーション、訪問リハビリテーション、訪問看護,沼津市新宿町１２－５,　ミルカ２号館,,,055-929-2055,,,,医療法人社団勝優会,2211110990,-,,,,
222038,,静岡県,沼津市,医療法人　清和会　沼津血管外科形成クリニック,イリョウホウジンセイワカイ　ヌマヅケッカンゲカケイセイクリニック,居宅療養管理指導、通所リハビリテーション、訪問リハビリテーション、訪問看護,沼津市通横町８－９,　マキヤ御成橋ビル３階,,,055-952-3776,,,,医療法人清和会,2211111006,-,,,,
222038,,静岡県,沼津市,沼津ひまわり眼科,ヌマヅヒマワリガンカ,居宅療養管理指導、通所リハビリテーション、訪問リハビリテーション、訪問看護,沼津市東椎路字東荒３０１番地３,ららぽーと沼津１階,,,055-943-5182,,,,医療法人ひまわり会,2211111014,-,,,,
222038,,静岡県,沼津市,わかばやし耳鼻咽喉科クリニック,ワカバヤシジビインコウカクリニック,居宅療養管理指導、通所リハビリテーション、訪問リハビリテーション、訪問看護,沼津市御幸町５番２６号,,,,055-933-3311,,,,医療法人社団若葉,2211111022,-,,,,
222038,,静岡県,沼津市,トータルサポートクリニック沼津,トータルサポートクリニックヌマヅ,居宅療養管理指導、通所リハビリテーション、訪問リハビリテーション、訪問看護,沼津市原１７２１－１５,シティコープ原１Ｆ東号室,,,055-957-4910,,,,一般社団法人メディカブライト,2211111030,-,,,,
222038,,静岡県,沼津市,沼津市立病院,ヌマヅシリツビョウイン,居宅療養管理指導、通所リハビリテーション、訪問リハビリテーション、訪問看護,沼津市東椎路字春ノ木５５０,,,,0559-24-5100,,0559-24-5133,,沼津市,2211160011,-,,,,
222038,,静岡県,沼津市,森田歯科医院,モリタシカイイン,居宅療養管理指導、通所リハビリテーション,沼津市戸田１５７４－１７,,,,0558-94-4187,,0558-94-4187,,森田　憲治,2230301067,-,,,,
222038,,静岡県,沼津市,山田歯科医院,ヤマダシカイイン,居宅療養管理指導、通所リハビリテーション,沼津市戸田５２２,,,,0558-94-2016,,,,山田　英輝,2230301216,-,,,,
222038,,静岡県,沼津市,金井歯科診療所,カナイシカシンリョウショ,居宅療養管理指導、通所リハビリテーション、訪問リハビリテーション、訪問看護,沼津市大平１５８４－１,,,,0559-31-3922,,,,金井　実,2231100831,-,,,,
222038,,静岡県,沼津市,山本歯科,ヤマモトシカ,居宅療養管理指導、通所リハビリテーション、訪問リハビリテーション、訪問看護,沼津市上土町４３－２,,,,0559-62-5487,,0559-62-6245,,山本　龍樹,2231101177,-,,,,
222038,,静岡県,沼津市,鏡歯科医院,カガミシカイイン,居宅療養管理指導、通所リハビリテーション,沼津市岡一色７７０－１,,,,0559-21-1723,,,,木下　富美,2231101250,-,,,,
222038,,静岡県,沼津市,神田歯科医院,カンダシカイイン,居宅療養管理指導、通所リハビリテーション,沼津市大手町５－４－８,,,,0559-51-6480,,0559-51-6480,,神田　博司,2231101466,-,,,,
222038,,静岡県,沼津市,田川歯科医院,タガワシカイイン,居宅療養管理指導、通所リハビリテーション、訪問リハビリテーション、訪問看護,沼津市大手町５－１３－５,,,,0559-62-1413,,,,田川　徹郎,2231101508,-,,,,
222038,,静岡県,沼津市,杏林歯科,キョウリンシカ,居宅療養管理指導、通所リハビリテーション,沼津市西椎路１９３－４,,,,0559-67-1487,,0559-67-5088,,梁　祖福,2231101581,-,,,,
222038,,静岡県,沼津市,芹沢歯科医院,セリザワシカイイン,居宅療養管理指導、通所リハビリテーション、訪問リハビリテーション、訪問看護,沼津市大岡１９６２,,,,0559-32-7070,,0559-22-5161,,芹沢　泰,2231101599,-,,,,
222038,,静岡県,沼津市,ビクラス歯科医院,ビクラスシカイイン,居宅療養管理指導、通所リハビリテーション,沼津市上香貫三貫地１２３４－２,,,,0559-32-8211,,0559-32-7062,,大草　隆,2231101615,-,,,,
222038,,静岡県,沼津市,鈴木歯科医院,スズキシカイイン,居宅療養管理指導、通所リハビリテーション,沼津市北高島町４－１１,,,,0559-22-2888,,0559-22-2889,,鈴木　篤実,2231101631,-,,,,
222038,,静岡県,沼津市,野口歯科医院,ノグチシカイイン,居宅療養管理指導、通所リハビリテーション,沼津市三枚橋町６－５,,,,0559-63-0050,,0559-63-0050,,野口　和也,2231101656,-,,,,
222038,,静岡県,沼津市,Ｋ.Ｌ.Ｔ．川口メモリアル歯科,ケーエルティーカワグチメモリアルシカ,居宅療養管理指導、通所リハビリテーション,沼津市大手町３－２－２０,サンフォーレビル３階,,,0559-63-5841,,0559-63-5881,,川口　和子,2231101722,-,,,,
222038,,静岡県,沼津市,笹本歯科,ササモトシカ,居宅療養管理指導、通所リハビリテーション,沼津市大手町５－６－７,,,,0559-51-2815,,,,笹本　純一,2231101730,-,,,,
222038,,静岡県,沼津市,津野歯科医院,ツノシカイイン,居宅療養管理指導、通所リハビリテーション,沼津市大岡２２７５－６,,,,0559-21-5614,,0559-21-5164,,津野　宏,2231101748,-,,,,
222038,,静岡県,沼津市,亀井歯科医院,カメイシカイイン,居宅療養管理指導、通所リハビリテーション,沼津市大手町１－１－９,,,,055-962-0995,,0559-63-1225,,亀井正仁,2231101755,-,,,,
222038,,静岡県,沼津市,ミノベ歯科医院,ミノベシカイイン,居宅療養管理指導、通所リハビリテーション、訪問リハビリテーション、訪問看護,沼津市大手町３－３－２,,,,0559-51-0299,,0559-51-0299,,美濃部　浩久,2231101763,-,,,,
222038,,静岡県,沼津市,敬愛歯科医院,ケイアイシカイイン,居宅療養管理指導、通所リハビリテーション,沼津市下香貫下障子３１５１－５,,,,0559-31-0100,,0559-31-0100,,渡辺　光佳,2231101771,-,,,,
222038,,静岡県,沼津市,堀江歯科医院,ホリエシカイイン,居宅療養管理指導、通所リハビリテーション,沼津市三園町２－１１,,,,0559-31-8181,,0559-31-8181,,堀江　薫雄,2231101805,-,,,,
222038,,静岡県,沼津市,望月歯科医院,モチヅキシカイイン,居宅療養管理指導、通所リハビリテーション,沼津市宮町１１番地,,,,0559-51-0191,,,,望月　洋,2231101813,-,,,,
222038,,静岡県,沼津市,増山歯科医院,マスヤマシカイイン,居宅療養管理指導、通所リハビリテーション,沼津市添地町１２５,,,,0559-62-2176,,0559-62-2176,,増山　博也,2231101821,-,,,,
222038,,静岡県,沼津市,三津間歯科医院,ミツマシカイイン,居宅療養管理指導、通所リハビリテーション,沼津市大岡１７５６－３３,,,,0559-51-3777,,0559-51-3778,,三津間　学,2231101870,-,,,,
222038,,静岡県,沼津市,渡辺歯科医院,ワタナベシカイイン,居宅療養管理指導、通所リハビリテーション,沼津市花園町５－３,,,,0559-23-0213,,,,渡辺　慎也,2231101888,-,,,,
222038,,静岡県,沼津市,わたなべ歯科医院,ワタナベシカイイン,居宅療養管理指導、通所リハビリテーション,沼津市志下４３０－１,,,,0559-31-5445,,0559-31-5445,,渡辺　清一,2231101961,-,,,,
222038,,静岡県,沼津市,おざわ歯科医院,オザワシカイイン,居宅療養管理指導、通所リハビリテーション、訪問リハビリテーション、訪問看護,沼津市大岡１５４１－４,,,,0559-51-2534,,0559-51-2534,,小澤　光浩,2231101979,-,,,,
222038,,静岡県,沼津市,中ノ森歯科医院,ナカノモリシカイイン,居宅療養管理指導、通所リハビリテーション、訪問リハビリテーション、訪問看護,沼津市緑ケ丘２－１０,,,,0559-23-6784,,0559-23-6784,,中ノ森　暁,2231101987,-,,,,
222038,,静岡県,沼津市,加藤歯科医院,カトウシカイイン,居宅療養管理指導、通所リハビリテーション,沼津市北今沢１６－１,,,,0559-66-4841,,,,加藤　靖,2231101995,-,,,,
222038,,静岡県,沼津市,アップル歯科医院,アップルシカイイン,居宅療養管理指導、通所リハビリテーション,沼津市新宿町８－３,,,,0559-22-0130,,,,小野　龍,2231102001,-,,,,
222038,,静岡県,沼津市,浅井歯科医院,アサイシカイイン,居宅療養管理指導、通所リハビリテーション,沼津市浅間町２５１,,,,0559-62-2157,,0559-62-2157,,浅井　茂,2231102019,-,,,,
222038,,静岡県,沼津市,たなか歯科,タナカシカ,居宅療養管理指導、通所リハビリテーション、訪問リハビリテーション、訪問看護,沼津市東沢田２３３－８,,,,0559-23-6884,,0559-21-1314,,田中　こずえ,2231102035,-,,,,
222038,,静岡県,沼津市,原田歯科医院,ハラダシカイイン,居宅療養管理指導、通所リハビリテーション,沼津市大塚３２７－３,,,,0559-67-5566,,0559-67-8803,,原田　雅弘,2231102043,-,,,,
222038,,静岡県,沼津市,パル博愛歯科,パルハクアイシカ,居宅療養管理指導、通所リハビリテーション,沼津市末広町４,,,,0559-62-0432,,,,竹内　純子,2231102076,-,,,,
222038,,静岡県,沼津市,光野歯科クリニック,ミツノシカクリニック,居宅療養管理指導、通所リハビリテーション、訪問リハビリテーション、訪問看護,沼津市下香貫大久保２２９５－１４,,,,0559-34-0077,,0559-34-0077,,光野　衛,2231102084,-,,,,
222038,,静岡県,沼津市,わたり歯科医院,ワタリシカイイン,居宅療養管理指導、通所リハビリテーション、訪問リハビリテーション、訪問看護,沼津市大岡３８０９－５,,,,0559-23-1902,,0559-23-1902,,渡邉　正人,2231102118,-,,,,
222038,,静岡県,沼津市,鈴木歯科医院,スズキシカイイン,居宅療養管理指導、通所リハビリテーション,沼津市吉田町２８－２６,,,,0559-66-2035,,0559-31-1192,,鈴木　啓一郎,2231102126,-,,,,
222038,,静岡県,沼津市,ベル歯科医院,ベルシカイイン,居宅療養管理指導、通所リハビリテーション、訪問リハビリテーション、訪問看護,沼津市中沢田２９０－４,,,,0559-24-8088,,,,鈴木　俊将,2231102142,-,,,,
222038,,静岡県,沼津市,サトウ歯科,サトウシカ,居宅療養管理指導、通所リハビリテーション、訪問リハビリテーション、訪問看護,沼津市石川１６３,,,,0559-66-2035,,0559-67-6662,,佐藤　由和,2231102167,-,,,,
222038,,静岡県,沼津市,伊東歯科医院,イトウシカイイン,居宅療養管理指導、通所リハビリテーション、訪問リハビリテーション、訪問看護,沼津市大塚字道の上１４１－１,,,,0559-67-2525,,0559-67-2525,,伊東　邦彦,2231102225,-,,,,
222038,,静岡県,沼津市,飯島歯科医院,イイジマシカイイン,居宅療養管理指導、通所リハビリテーション,沼津市五月町５－１１,,,,0559-21-8150,,0559-21-8150,,飯島　浩人,2231102233,-,,,,
222038,,静岡県,沼津市,西家歯科医院,ニシイエシカイイン,居宅療養管理指導、通所リハビリテーション,沼津市原１９８,,,,0559-66-0007,,,,西家　孝,2231102241,-,,,,
222038,,静岡県,沼津市,せきざわ歯科医院,セキザワシカイイン,居宅療養管理指導、通所リハビリテーション、訪問リハビリテーション、訪問看護,沼津市西間門２２７－４,,,,0559-51-6123,,0559-51-6123,,堰澤　敦,2231102266,-,,,,
222038,,静岡県,沼津市,ウエダ歯科,ウエダシカ,居宅療養管理指導、通所リハビリテーション、訪問リハビリテーション、訪問看護,沼津市平町１５－１０,,,,0559-63-7070,,,,上田　貴彦,2231102308,-,,,,
222038,,静岡県,沼津市,ごとう歯科医院,ゴトウシカイイン,居宅療養管理指導、通所リハビリテーション,沼津市原１４１８－４５,,,,0559-66-5511,,0559-66-5511,,後藤　美紀,2231102316,-,,,,
222038,,静岡県,沼津市,後藤歯科医院,ゴトウシカイイン,居宅療養管理指導、通所リハビリテーション、訪問リハビリテーション、訪問看護,沼津市東椎路８３１,,,,0559-25-3511,,0559-25-3678,,後藤　隆,2231102324,-,,,,
222038,,静岡県,沼津市,城内歯科医院,キウチシカイイン,居宅療養管理指導、通所リハビリテーション、訪問リハビリテーション、訪問看護,沼津市三枚橋町１３－９,,,,0559-62-2612,,0559-62-2612,,城内　廣人,2231102340,-,,,,
222038,,静岡県,沼津市,宮内歯科医院,ミヤウチシカイイン,居宅療養管理指導、通所リハビリテーション、訪問リハビリテーション、訪問看護,沼津市中沢田４６６,,,,0559-25-8217,,,,宮内　秀和,2231102357,-,,,,
222038,,静岡県,沼津市,岡山デンタルクリニック,オカヤマデンタルクリニック,居宅療養管理指導、通所リハビリテーション,沼津市西椎路１１８－１,,,,0559-67-2322,,0559-67-2352,,岡山　一成,2231102365,-,,,,
222038,,静岡県,沼津市,増田歯科医院,マスダシカイイン,居宅療養管理指導、通所リハビリテーション、訪問リハビリテーション、訪問看護,沼津市新町４０４,,,,0559-62-0195,,0559-62-0195,,増田　清治,2231102373,-,,,,
222038,,静岡県,沼津市,たまだ歯科医院,タマダシカイイン,居宅療養管理指導、通所リハビリテーション、訪問リハビリテーション、訪問看護,沼津市高砂町７－１０,,,,0559-24-3799,,0559-24-3799,,玉田　敬,2231102399,-,,,,
222038,,静岡県,沼津市,増田デンタルクリニック,マスダデンタルクリニック,居宅療養管理指導、通所リハビリテーション、訪問リハビリテーション、訪問看護,沼津市大岡２４３７－１,,,,0559-22-0705,,0559-22-0705,,増田　隆宣,2231102407,-,,,,
222038,,静岡県,沼津市,古屋歯科医院,フルヤシカイイン,居宅療養管理指導、通所リハビリテーション,沼津市下香貫藤井原１６１８－６,,,,0559-33-4435,,0559-33-4436,,古屋　佳浩,2231102415,-,,,,
222038,,静岡県,沼津市,長尾歯科医院,ナガオシカイイン,居宅療養管理指導、通所リハビリテーション,沼津市上香貫宮原町１５０５,,,,0559-31-3780,,0559-31-3780,,長尾　伸也,2231102449,-,,,,
222038,,静岡県,沼津市,きくた歯科医院,キクタシカイイン,居宅療養管理指導、通所リハビリテーション,沼津市下河原町三丁目１１－１５,,,,0559-51-4628,,0559-51-4628,,菊田　泰生,2231102456,-,,,,
222038,,静岡県,沼津市,稲玉歯科医院,イナダマシカイイン,居宅療養管理指導、通所リハビリテーション、訪問リハビリテーション、訪問看護,沼津市大岡１８８１－３,,,,0559-23-4735,,0559-26-5919,,稲玉　圭輔,2231102464,-,,,,
222038,,静岡県,沼津市,梅田歯科医院,ウメダシカイイン,居宅療養管理指導、通所リハビリテーション、訪問リハビリテーション、訪問看護,沼津市米山町２－２９,梅田ビル１Ｆ,,,0559-21-3338,,0559-21-3338,,梅田博彦,2231102472,-,,,,
222038,,静岡県,沼津市,平原歯科クリニック,ヒラハラシカクリニック,居宅療養管理指導、通所リハビリテーション,沼津市大岡５１７－４,,,,0559-52-1101,,,,平原　徹,2231102480,-,,,,
222038,,静岡県,沼津市,庄司歯科医院,ショウジシカイイン,居宅療養管理指導、通所リハビリテーション,沼津市本町９,,,,0559-62-1122,,0559-62-3433,,庄司　善則,2231102498,-,,,,
222038,,静岡県,沼津市,雲野歯科医院,ウンノシカイイン,居宅療養管理指導、通所リハビリテーション、訪問リハビリテーション、訪問看護,沼津市山王台１番６号,,,,0559-63-6231,,,,雲野　孝,2231102506,-,,,,
222038,,静岡県,沼津市,大島歯科医院,オオシマシカイイン,居宅療養管理指導、通所リハビリテーション,沼津市筒井町２－６,,,,0559-25-0776,,,,大島　和彦,2231102522,-,,,,
222038,,静岡県,沼津市,ソデ歯科医院,ソデシカイイン,居宅療養管理指導、通所リハビリテーション、訪問リハビリテーション、訪問看護,沼津市高島町２７－１１,,,,0559-21-2720,,0559-21-3002,,外　信之,2231102548,-,,,,
222038,,静岡県,沼津市,潮木歯科医院,ウシオギシカイイン,居宅療養管理指導、通所リハビリテーション、訪問リハビリテーション、訪問看護,沼津市大平１８１１－３,,,,0559-33-4615,,,,潮木　和也,2231102571,-,,,,
222038,,静岡県,沼津市,頴川歯科矯正歯科,エガワシカキョウセイシカ,居宅療養管理指導、通所リハビリテーション、訪問リハビリテーション、訪問看護,沼津市高島本町１１－１５,,,,0559-23-6480,,,,頴川　世,2231102589,-,,,,
222038,,静岡県,沼津市,町田歯科クリニック,マチダシカクリニック,居宅療養管理指導、通所リハビリテーション、訪問リハビリテーション、訪問看護,沼津市原７２０,,,,0559-67-6062,,,,町田　太郎,2231102597,-,,,,
222038,,静岡県,沼津市,くわはら矯正歯科医院,クワハラキョウセイシカイイン,居宅療養管理指導、通所リハビリテーション,沼津市大手町５－５－３,,,,0559-62-0388,,,,桑原　聡,2231102605,-,,,,
222038,,静岡県,沼津市,さとう歯科医院,サトウシカイイン,居宅療養管理指導、通所リハビリテーション,沼津市大岡８１０－２６,,,,0559-20-3515,,,,佐藤　有,2231102613,-,,,,
222038,,静岡県,沼津市,大嶽歯科医院,オオタケシカイイン,居宅療養管理指導、通所リハビリテーション、訪問リハビリテーション、訪問看護,沼津市岡一色４２１－２,,,,0559-25-1286,,,,大嶽　雅也,2231102621,-,,,,
222038,,静岡県,沼津市,むらまつ歯科医院,ムラマツシカイイン,居宅療養管理指導、通所リハビリテーション、訪問リハビリテーション、訪問看護,沼津市高沢町４－２５,,,,0559-26-4180,,,,村松　里子,2231102639,-,,,,
222038,,静岡県,沼津市,小児歯科よしいけ,ショウニシカヨシイケ,居宅療養管理指導、通所リハビリテーション、訪問リハビリテーション、訪問看護,沼津市市場町７－８,,,,0559-32-6106,,,,吉池　眞奈美,2231102647,-,,,,
222038,,静岡県,沼津市,いくこ歯科医院,イクコシカイイン,居宅療養管理指導、通所リハビリテーション,沼津市原６５５－１５,,,,0559-68-4618,,,,町田　維久子,2231102654,-,,,,
222038,,静岡県,沼津市,幸歯科医院,ユキシカイイン,居宅療養管理指導、通所リハビリテーション、訪問リハビリテーション、訪問看護,沼津市下香貫宮脇３１４－３,,,,0559-33-8143,,,,久保　幸正,2231102688,-,,,,
222038,,静岡県,沼津市,庵原町中歯科医院,イハラマチナカシカイイン,居宅療養管理指導、通所リハビリテーション、訪問リハビリテーション、訪問看護,沼津市原町中１－３－１０,,,,0559-67-4381,,,,庵原　明倫,2231102696,-,,,,
222038,,静岡県,沼津市,シラカベ歯科医院,シラカベシカイイン,居宅療養管理指導、通所リハビリテーション、訪問リハビリテーション、訪問看護,沼津市本字下一丁田８８９－７,,,,0559-52-3333,,,,白壁　浩之,2231102704,-,,,,
222038,,静岡県,沼津市,酒井歯科医院,サカイシカイイン,居宅療養管理指導、通所リハビリテーション,沼津市今沢３４０,,,,0559-68-1551,,,,酒井　正人,2231102746,-,,,,
222038,,静岡県,沼津市,千葉歯科医院,チバシカイイン,居宅療養管理指導、通所リハビリテーション、訪問リハビリテーション、訪問看護,沼津市大手町２－９－１,,,,0559-63-8329,,,,千葉 玲子,2231102761,-,,,,
222038,,静岡県,沼津市,もちづき歯科医院,モチヅキシカイイン,居宅療養管理指導、通所リハビリテーション、訪問リハビリテーション、訪問看護,沼津市大塚８７１－５,,,,,,,,望月　宣秀,2231102779,-,,,,
222038,,静岡県,沼津市,矢田歯科医院,ヤタシカイイン,居宅療養管理指導、通所リハビリテーション、訪問リハビリテーション、訪問看護,沼津市御幸町１０－２７,,,,0559-31-0157,,,,矢田誠,2231102787,-,,,,
222038,,静岡県,沼津市,ヤマダデンタルオフィス,ヤマダデンタルオフィス,居宅療養管理指導、通所リハビリテーション、訪問リハビリテーション、訪問看護,沼津市大手町１－１－３,　パレットビル９Ｆ,,,0559-54-3322,,,,山田　浩史,2231102803,-,,,,
222038,,静岡県,沼津市,小野歯科医院,オノシカイイン,居宅療養管理指導、通所リハビリテーション、訪問リハビリテーション、訪問看護,沼津市高島町８－１,,,,,,,,＊,2231102837,-,,,,
222038,,静岡県,沼津市,桜井歯科医院,サクライシカイイン,居宅療養管理指導、通所リハビリテーション、訪問リハビリテーション、訪問看護,沼津市沼北町１－５－１７,,,,055-927-2232,,,,桜井歯科医院,2231102845,-,,,,
222038,,静岡県,沼津市,鎌田歯科医院,カマタシカイイン,居宅療養管理指導、通所リハビリテーション、訪問リハビリテーション、訪問看護,沼津市御幸町２４－４６,,,,055-933-9700,,,,＊,2231102852,-,,,,
222038,,静岡県,沼津市,中島歯科医院,ナカジマシカイイン,居宅療養管理指導、通所リハビリテーション、訪問リハビリテーション、訪問看護,沼津市三園町９－１４,,,,055-932-7177,,,,中島徹,2231102860,-,,,,
222038,,静岡県,沼津市,山本矯正歯科,ヤマモトキョウセイシカ,居宅療養管理指導、通所リハビリテーション、訪問リハビリテーション、訪問看護,沼津市上土町４３－２,,,,055-952-8741,,,,山本　真,2231102878,-,,,,
222038,,静岡県,沼津市,すんとう歯科クリニック,スントウシカクリニック,居宅療養管理指導、通所リハビリテーション、訪問リハビリテーション、訪問看護,沼津市大平１３８－１,,,,055-933-3418,,,,駿藤昭義,2231102894,-,,,,
222038,,静岡県,沼津市,ながさわ原町歯科医院,ナガサワハラマチシカイイン,居宅療養管理指導、通所リハビリテーション、訪問リハビリテーション、訪問看護,沼津市原字東沖１７６４－１,,,,055-969-2167,,,,長澤　信岳,2231102910,-,,,,
222038,,静岡県,沼津市,田原歯科医院,タワラシカイイン,居宅療養管理指導、通所リハビリテーション、訪問リハビリテーション、訪問看護,沼津市庄栄町１０－４３,,,,,,,,田原清,2231102944,-,,,,
222038,,静岡県,沼津市,ひろせ歯科クリニック,ヒロセシカクリニック,居宅療養管理指導、通所リハビリテーション、訪問リハビリテーション、訪問看護,沼津市根古屋２０３－２,,,,,,,,廣瀬千鶴,2231102951,-,,,,
222038,,静岡県,沼津市,れいこ歯科,レイコシカ,居宅療養管理指導、通所リハビリテーション、訪問リハビリテーション、訪問看護,沼津市高沢町９－１９,,,,055-923-8388,,,,＊,2231102993,-,,,,
222038,,静岡県,沼津市,栗田歯科医院,クリタシカイイン,居宅療養管理指導、通所リハビリテーション、訪問リハビリテーション、訪問看護,沼津市幸町４,,,,,,,,栗田満,2231103017,-,,,,
222038,,静岡県,沼津市,パートナー歯科,パートナーシカ,居宅療養管理指導、通所リハビリテーション、訪問リハビリテーション、訪問看護,沼津市大岡１７１９-１,,,,,,,,黒澤まゆ,2231103025,-,,,,
222038,,静岡県,沼津市,はんがい歯科医院,ハンガイシカイイン,居宅療養管理指導、通所リハビリテーション、訪問リハビリテーション、訪問看護,沼津市米山町２－７　１Ｆ,,,,055-925-0003,,,,半谷　一臣,2231103041,-,,,,
222038,,静岡県,沼津市,デンタルオフィスみなと,デンタルオフィスミナト,居宅療養管理指導、通所リハビリテーション、訪問リハビリテーション、訪問看護,沼津市本田町5-17,,,,055-926-8241,,,,露木　良治,2231103058,-,,,,
222038,,静岡県,沼津市,ひまわり歯科,ヒマワリシカ,居宅療養管理指導、通所リハビリテーション、訪問リハビリテーション、訪問看護,沼津市中瀬町１０－１１,,,,055-933-0648,,,,横山　脩英,2231103074,-,,,,
222038,,静岡県,沼津市,いわした歯科医院,イワシタシカイイン,居宅療養管理指導、通所リハビリテーション、訪問リハビリテーション、訪問看護,沼津市大手町4-3-40,,,,055-962-2124,,,,石渡　浩貴,2231103090,-,,,,
222038,,静岡県,沼津市,中野歯科医院,ナカノシカイイン,居宅療養管理指導、通所リハビリテーション、訪問リハビリテーション、訪問看護,沼津市下本町50,,,,055-962-1075,,,,中野文雄,2231103116,-,,,,
222038,,静岡県,沼津市,あさひデンタルクリニック,アサヒデンタルクリニック,居宅療養管理指導、通所リハビリテーション、訪問リハビリテーション、訪問看護,沼津市沼北町2-11-18,,,,055-941-8148,,,,山本記英子,2231103124,-,,,,
222038,,静岡県,沼津市,おおひら歯科,オオヒラシカ,居宅療養管理指導、通所リハビリテーション、訪問リハビリテーション、訪問看護,沼津市大平１８１１－３,,,,055-933-4618,,,,潮木和也,2231103132,-,,,,
222038,,静岡県,沼津市,ふるかわ歯科医院,フルカワシカイイン,居宅療養管理指導、通所リハビリテーション、訪問リハビリテーション、訪問看護,沼津市根古屋105-84,,,,055-943-7480,,,,古川貴章,2231103173,-,,,,
222038,,静岡県,沼津市,中央歯科医院,チュウオウシカイイン,居宅療養管理指導、通所リハビリテーション、訪問リハビリテーション、訪問看護,沼津市末広町28,,,,055-962-3788,,,,佐藤伸,2231103181,-,,,,
222038,,静岡県,沼津市,にいづま歯科,ニイヅマシカ,居宅療養管理指導、通所リハビリテーション、訪問リハビリテーション、訪問看護,沼津市大手町2-7-17,　大手町ハイツ２F,,,055-964-2110,,,,萩原久子,2231103199,-,,,,
222038,,静岡県,沼津市,三宅歯科医院,ミヤケシカイイン,居宅療養管理指導、通所リハビリテーション、訪問リハビリテーション、訪問看護,沼津市玉江町7-35,,,,055-931-3967,,,,三宅　慈子,2231103215,-,,,,
222038,,静岡県,沼津市,黒木歯科診療所,クロキシカシンリョウジョ,居宅療養管理指導、通所リハビリテーション、訪問リハビリテーション、訪問看護,沼津市本郷町22-18,,,,055-931-3367,,,,河野英生,2231103249,-,,,,
222038,,静岡県,沼津市,川口歯科医院,カワグチシカイイン,居宅療養管理指導、通所リハビリテーション、訪問リハビリテーション、訪問看護,沼津市高島町２１－２,,,,055-921-5086,,,,川口不二夫,2231103256,-,,,,
222038,,静岡県,沼津市,松永歯科医院,マツナガシカイイン,居宅療養管理指導、通所リハビリテーション、訪問リハビリテーション、訪問看護,沼津市八幡町２－２,,,,055-963-8814,,,,松永章代,2231103264,-,,,,
222038,,静岡県,沼津市,旭歯科医院,アサヒシカイイン,居宅療養管理指導、通所リハビリテーション、訪問リハビリテーション、訪問看護,沼津市末広町６７,,,,055-962-2521,,,,矢部達史朗,2231103280,-,,,,
222038,,静岡県,沼津市,石渡歯科クリニック,イシワタリシカクリニック,居宅療養管理指導、通所リハビリテーション、訪問リハビリテーション、訪問看護,沼津市東椎路８８－１１,,,,055-923-4858,,,,石渡崇徳,2231103298,-,,,,
222038,,静岡県,沼津市,きのした歯科クリニック,キノシタシカクリニック,居宅療養管理指導、通所リハビリテーション、訪問リハビリテーション、訪問看護,沼津市岡宮１１２４－２,,,,055-925-3381,,,,木下陶益,2231103306,-,,,,
222038,,静岡県,沼津市,中江歯科クリニック,ナカエシカクリニック,居宅療養管理指導、通所リハビリテーション、訪問リハビリテーション、訪問看護,沼津市岡宮９７３－５,,,,055-926-2555,,,,中江英彦,2231103314,-,,,,
222038,,静岡県,沼津市,あしたか歯科医院,アシタカシカイイン,居宅療養管理指導、通所リハビリテーション、訪問リハビリテーション、訪問看護,沼津市西椎路４８７－１,,,,055-939-8070,,,,土屋智昭,2231103322,-,,,,
222038,,静岡県,沼津市,片岡歯科医院,カタオカシカイイン,居宅療養管理指導、通所リハビリテーション、訪問リハビリテーション、訪問看護,沼津市下香貫汐入２１７１－２,,,,055-931-2009,,,,片岡一行,2231103330,-,,,,
222038,,静岡県,沼津市,土屋歯科医院,ツチヤシカイイン,居宅療養管理指導、通所リハビリテーション、訪問リハビリテーション、訪問看護,沼津市大岡１１４２－１,,,,055-962-3136,,,,土屋博昭,2231103348,-,,,,
222038,,静岡県,沼津市,片浜ベース歯科,カタハマベースシカ,居宅療養管理指導,沼津市松長９２１-６,ドリーミー片浜１０１,,,055-957-4649,,,,菊池泰斗,2231103355,-,,,,
222038,,静岡県,沼津市,牛臥歯科診療所,ウシブセシカシンリョウジョ,居宅療養管理指導,沼津市下香貫塩場３０７９－１１,,,,055-932-0065,,,,白井卓,2231103363,-,,,,
222038,,静岡県,沼津市,はせがわ歯科,ハセガワシカ,居宅療養管理指導,沼津市三枚橋日ノ出町３８３－８,,,,055-923-8100,,,,長谷川靖典,2231103371,-,,,,
222038,,静岡県,沼津市,けやきデンタルクリニック,ケヤキデンタルクリニック,居宅療養管理指導,沼津市寿町798-１,,,,055-924-2550,,,,鈴木　孝典,2231103389,-,,,,
222038,,静岡県,沼津市,沼津歯科,ヌマヅシカ,居宅療養管理指導,沼津市大手町５丁目９番１号,富澤屋ビル１・２階,,,055-957-1031,,,,木内　衛,2231103397,-,,,,
222038,,静岡県,沼津市,あん歯科クリニック,アンシカクリニック,居宅療養管理指導,沼津市下香貫樋ノ口１７１８－８,,,,055-957-7878,,,,後藤杏子,2231103405,-,,,,
222038,,静岡県,沼津市,へだ歯科クリニック,ヘダシカクリニック,居宅療養管理指導,沼津市戸田２７６９－１,,,,0558-94-2221,,,,土本隆太郎,2231103413,-,,,,
222038,,静岡県,沼津市,カナリヤ歯科医院,カナリヤシカイイン,居宅療養管理指導,沼津市添地町４１番地,,,,055-954-5454,,,,増山聡一郎,2231103421,-,,,,
222038,,静岡県,沼津市,植松歯科医院,ウエマツシカイイン,居宅療養管理指導,沼津市若葉町１７－２７,,,,055-924-3535,,,,植松　紳一郎,2231103439,-,,,,
222038,,静岡県,沼津市,根方街道まや歯科医院,ネガタカイドウマヤシカイイン,居宅療養管理指導,沼津市東沢田233-8,,,,,,,,田附真也子,2231103447,-,,,,
222038,,静岡県,沼津市,社会福祉法人あしたか太陽の丘診療所,シャカイフクシホウジンアシタカタイヨウノオカシンリョウジョ,居宅療養管理指導、通所リハビリテーション、訪問リハビリテーション、訪問看護,沼津市宮本５－２,,,,0559-23-7850,,0559-23-2518,,社会福祉法人　あしたか太陽の丘,2231110020,-,,,,
222038,,静岡県,沼津市,大川矯正歯科クリニック,オオカワキョウセイシカクリニック,居宅療養管理指導、通所リハビリテーション、訪問リハビリテーション、訪問看護,沼津市杉崎町7-5,,,,055-922-3338,,055-922-3305,,医療法人社団進美会　,2231110038,-,,,,
222038,,静岡県,沼津市,佐野歯科クリニック,サノシカクリニック,居宅療養管理指導、通所リハビリテーション、訪問リハビリテーション、訪問看護,沼津市大岡１４２０－３,,,,0559-51-0522,,0559-51-0522,,医療法人　社団康友会,2231110046,-,,,,
222038,,静岡県,沼津市,庵原歯科医院,イハラシカイイン,居宅療養管理指導、通所リハビリテーション、訪問リハビリテーション、訪問看護,沼津市城内添地町１４９,,,,0559-63-2468,,0559-51-2424,,医療法人　社団心邦会,2231110053,-,,,,
222038,,静岡県,沼津市,石田歯科医院,イシダシカイイン,居宅療養管理指導、通所リハビリテーション,沼津市岡一色堤下１２８－２１,,,,0559-22-3990,,0559-22-4885,,医療法人　社団石田歯科医院,2231110061,-,,,,
222038,,静岡県,沼津市,ワールド歯科医院,ワールドシカイイン,居宅療養管理指導、通所リハビリテーション、訪問リハビリテーション、訪問看護,沼津市根古屋赤池１０５－８４,,,,0559-67-4182,,,,医療法人　社団寿久会,2231110087,-,,,,
222038,,静岡県,沼津市,矢部歯科医院　香貫診療所,ヤベシカイイン　カヌキシンリョウジョ,居宅療養管理指導、通所リハビリテーション、訪問リハビリテーション、訪問看護,沼津市下香貫馬場４８７－６,,,,0559-31-1991,,,,医療法人　社団久正会,2231110103,-,,,,
222038,,静岡県,沼津市,鈴木歯科クリニック,スズキシカクリニック,居宅療養管理指導、通所リハビリテーション,沼津市志下１７８－２,,,,0559-72-1036,,0559-34-1000,,医療法人　社団共栄会,2231110111,-,,,,
222038,,静岡県,沼津市,ライオン歯科,ライオンシカ,居宅療養管理指導、通所リハビリテーション、訪問リハビリテーション、訪問看護,沼津市共栄町２０－６,,,,,,,,医療法人　社団顕正会,2231110145,-,,,,
222038,,静岡県,沼津市,エクセル歯科,エクセルシカ,居宅療養管理指導、通所リハビリテーション、訪問リハビリテーション、訪問看護,沼津市原町中２－１３－２６,,,,,,,,医療法人　社団顕正会,2231110152,-,,,,
222038,,静岡県,沼津市,あさい歯科クリニック,アサイシカクリニック,居宅療養管理指導、通所リハビリテーション、訪問リハビリテーション、訪問看護,沼津市本錦町648-18,,,,055-963-5226,,,,医療法人社団高志会,2231110186,-,,,,
222038,,静岡県,沼津市,塚本歯科クリニック,ツカモトシカクリニック,居宅療養管理指導、通所リハビリテーション、訪問リハビリテーション、訪問看護,沼津市下香貫前原１４９９－１,,,,055-934-8020,,,,医療法人社団　真歯研,2231110202,-,,,,
222038,,静岡県,沼津市,一般財団法人芙蓉協会　聖隷沼津病院,イッパンザイダンホウジンフヨウキョウカイ　セイレイヌマヅビョウイン,居宅療養管理指導、通所リハビリテーション、訪問リハビリテーション、訪問看護,沼津市本字松下七反田９０２－６,,,,055-952-1000,,,,一般財団法人　芙蓉協会,2231110210,-,,,,
222038,,静岡県,沼津市,松本デンタルクリニック,マツモトデンタルクリニック,居宅療養管理指導、通所リハビリテーション、訪問リハビリテーション、訪問看護,沼津市米山町２番３号,,,,055-943-7350,,,,医療法人社団　千富会,2231110228,-,,,,
222038,,静岡県,沼津市,池田歯科医院,イケダシカイイン,居宅療養管理指導,沼津市北高島町１３－３０,,,,055-929-2000,,,,医療法人社団ＲＯＯＴ,2231110236,-,,,,
222038,,静岡県,沼津市,ｉ　ＤＥＮＴＡＬ　ＣＬＩＮＩＣ,アイデンタルクリニック,居宅療養管理指導,沼津市大手町三丁目４番１２号,杉山ビル２階,,,055-951-7088,,,,医療法人社団ｉＤＣ,2231110244,-,,,,
222038,,静岡県,沼津市,さくら薬局　戸田店,サクセヤッキョク　ヘダテン,居宅療養管理指導,沼津市戸田１０００,,,,0558-97-2800,,,,諏訪　正彦,2240300471,-,,,,
222038,,静岡県,沼津市,わいわい薬局,ワイワイヤッキョク,居宅療養管理指導,沼津市戸田９０７－８,,,,0558-94-5190,,,,＊,2240300505,-,,,,
222038,,静岡県,沼津市,戸田さくら薬局,ヘダサクラヤッキョク,居宅療養管理指導,沼津市戸田１０００,,,,0558-97-2800,,,,有限会社原田薬局,2240310314,-,,,,
222038,,静岡県,沼津市,ヨシムラ薬局,ヨシムラヤッキョク,居宅療養管理指導,沼津市大手町４－５－１９,,,,0559-63-1487,,0559-51-2430,,吉邨　太津子,2241100482,-,,,,
222038,,静岡県,沼津市,中村薬局,ナカムラヤッキョク,居宅療養管理指導,沼津市下香貫塩場３０７９－１２,,,,0559-31-0650,,0559-31-0650,,中村　未奈子,2241100680,-,,,,
222038,,静岡県,沼津市,弁天堂薬局,ベンテンドウヤクキョク,居宅療養管理指導,沼津市市場町１１－２３,,,,,,0559-33-3622,,太原　弘一,2241100714,-,,,,
222038,,静岡県,沼津市,堀内薬局,ホリウチヤッキョク,居宅療養管理指導,沼津市西条町１００,,,,0559-62-2693,,0559-62-2693,,堀内　淑江,2241100870,-,,,,
222038,,静岡県,沼津市,ヒロセ薬局,ヒロセヤッキョク,居宅療養管理指導,沼津市宮町４２０,,,,,,0559-62-0764,,廣瀬　茂昭,2241100987,-,,,,
222038,,静岡県,沼津市,二ツ谷薬局,フタツヤヤッキョク,居宅療養管理指導,沼津市三枚橋町４－１５,,,,0559-62-2039,,0559-62-2039,,山形　秀実,2241101035,-,,,,
222038,,静岡県,沼津市,大嶋薬局,オオシマヤッキョク,居宅療養管理指導,沼津市西椎路９３－１０,,,,0559-68-1600,,0559-68-1601,,大嶋　裕美,2241101183,-,,,,
222038,,静岡県,沼津市,トーゴー薬局,トーゴーヤツキョク,居宅療養管理指導,沼津市岡一色５７４－５,,,,0559-20-9860,,,,佐藤　哲哉,2241101209,-,,,,
222038,,静岡県,沼津市,鈴木薬局,スズキヤッキョク,居宅療養管理指導,沼津市米山町12-48,,,,0559-21-4112,,,,＊,2241101241,-,,,,
222038,,静岡県,沼津市,トーゴー薬局大岡店,トーゴーヤッキョクオオオカテン,居宅療養管理指導,沼津市大岡１６９６－５,,,,055-952-5681,,,,＊,2241101258,-,,,,
222038,,静岡県,沼津市,有限会社　香貫薬局,ユウゲンガイシャ　カヌキヤッキョク,居宅療養管理指導,沼津市御幸町５－２５,,,,0559-31-6355,,0559-31-6355,,有限会社　香貫薬局,2241110192,-,,,,
222038,,静岡県,沼津市,小島薬局本店,コジマヤッキョクホンテン,居宅療養管理指導,沼津市西沢田３３５－１,,,,055-922-0582,,,,株式会社小島薬局,2241110291,-,,,,
222038,,静岡県,沼津市,有限会社柴田薬局,ユウゲンガイシャシバタヤッキョク,居宅療養管理指導,沼津市大手町３－５－２２,,,,0559-63-1182,,0559-63-1185,,有限会社　柴田薬局,2241110317,-,,,,
222038,,静岡県,沼津市,岩下薬局　住吉店,イワシタヤッキョク　スミヨシテン,居宅療養管理指導,沼津市住吉町８－１,,,,0559-34-1513,,0559-34-1513,,有限会社岩下調剤薬局,2241110341,-,,,,
222038,,静岡県,沼津市,有限会社　カツマタ薬局,ユーゲンカイシャ　カツマタヤッキョク,居宅療養管理指導,沼津市大岡１９７５－３３,,,,0559-21-7877,,0559-24-3469,,有限会社カツマタ,2241110358,-,,,,
222038,,静岡県,沼津市,すずらん薬局高島町店,スズランヤッキョクタカシマチョウテン,居宅療養管理指導,沼津市高島町２５－１１,,,,,,0559-22-2929,,有限会社　スクエア　インコーポレーション,2241110366,-,,,,
222038,,静岡県,沼津市,大雄　株式会社　本郷薬局,ダイユウ　カブシキガイシャ　ホンゴウヤッキョク,居宅療養管理指導,沼津市本郷町５－９,,,,0559-33-1193,,0559-33-4193,,大雄株式会社,2241110382,-,,,,
222038,,静岡県,沼津市,株式会社渡辺薬品店　ワタナベ薬局,カブシキガイシャ　ワタナベヤクヒンテン　ワナナベヤッキョク,居宅療養管理指導,沼津市原町中２－１４－３４,,,,0559-66-8856,,0559-66-8856,,株式会社渡辺薬品店,2241110390,-,,,,
222038,,静岡県,沼津市,岩田薬局,イワタヤッキョク,居宅療養管理指導,沼津市新宿町３－２１,,,,0559-21-2010,,0559-21-1211,,有限会社　アイアム,2241110408,-,,,,
222038,,静岡県,沼津市,有限会社　筒井町薬局,ユウゲンガイシャ　ツツイチョウヤッキョク,居宅療養管理指導,沼津市筒井町１－１２,,,,,,0559-24-4660,,有限会社　筒井町薬局,2241110424,-,,,,
222038,,静岡県,沼津市,こうわんの薬局,コウワンノヤッキョク,居宅療養管理指導,沼津市千本港町７７－１,,,,0559-52-2584,,0559-52-2584,,有限会社　クボキファーマシー,2241110440,-,,,,
222038,,静岡県,沼津市,小島薬局香貫店,コジマヤッキョクカヌキテン,居宅療養管理指導,沼津市下香貫字石原１１８５－９,,,,0559-33-5655,,0559-33-5655,,有限会社小島薬局,2241110481,-,,,,
222038,,静岡県,沼津市,とやま薬局大岡店,トヤマヤッキョクオオオカテン,居宅療養管理指導,沼津市大岡２４４５－１２,,,,,,,,有限会社　とやま薬局,2241110507,-,,,,
222038,,静岡県,沼津市,有限会社　ミス薬局,ユウゲンガイシャ　ミスヤッキョク,居宅療養管理指導,沼津市白銀町６－７,,,,0559-62-8618,,0559-52-4074,,有限会社　ミス薬局,2241110549,-,,,,
222038,,静岡県,沼津市,大岡駅前薬局,オオオカエキマエヤッキョク,居宅療養管理指導,沼津市大岡２４７３－５,,,,0559-22-0722,,,,有限会社　大岡駅前薬局,2241110572,-,,,,
222038,,静岡県,沼津市,（株）渡辺薬品店　ワタナベ薬局錦町店,（カ）ワタナベヤクヒンテン　ワタナベヤッキョクニシキチョウテン,居宅療養管理指導,沼津市本錦町６５４－１,,,,0559-62-3779,,0559-62-9592,,株式会社　渡辺薬品店,2241110648,-,,,,
222038,,静岡県,沼津市,一般社団法人沼津薬剤師会支援センター薬局　,イッパンシャダンホウジンヌマヅヤクザイシカイシエンセンターヤッキョク　,居宅療養管理指導,沼津市東椎路字春ノ木５４９－１,,,,0559-27-2076,,0559-27-2077,,一般社団法人沼津薬剤師会,2241110663,-,,,,
222038,,静岡県,沼津市,緑ケ丘薬局,ミドリガオカヤツキョク,居宅療養管理指導,沼津市緑ケ丘１－２,,,,0559-27-2311,,0559-27-2312,,有限会社　カツマタ,2241110689,-,,,,
222038,,静岡県,沼津市,めぐみ薬局,メグミヤッキョク,居宅療養管理指導,沼津市御幸町１９－１６,,,,0559-34-1212,,0559-33-1316,,合資会社　めぐみ薬局,2241110705,-,,,,
222038,,静岡県,沼津市,ひとみ薬局,ヒトミヤツキョク,居宅療養管理指導,沼津市吉田町２５－１８,川口屋ビル１ーＤ,,,0559-35-1451,,0559-35-1452,,有限会社エムワイ,2241110721,-,,,,
222038,,静岡県,沼津市,さんさん薬局,サンサンヤッキョク,居宅療養管理指導,沼津市大岡１３９９－１,,,,0559-54-3300,,,,有限会社　ミス薬局,2241110762,-,,,,
222038,,静岡県,沼津市,ゆめ薬局,ユメヤッキョク,居宅療養管理指導,沼津市常盤町３－２０,,,,0559-52-2979,,,,有限会社　ゆめ薬局,2241110770,-,,,,
222038,,静岡県,沼津市,一隆堂薬局共栄町店,イチリュウドウヤッキョクキョウエイチョウテン,居宅療養管理指導,沼津市共栄町１０－２,,,,0559-23-7875,,0559-23-7875,,有限会社　一隆堂薬局,2241110796,-,,,,
222038,,静岡県,沼津市,一隆堂薬局西添町店,イチリュウドウヤッキョクニシゾエチョウテン,居宅療養管理指導,沼津市西添町１０－１４,,,,0559-69-0585,,0559-69-0586,,有限会社　一隆堂薬局,2241110804,-,,,,
222038,,静岡県,沼津市,カツマタ薬局　せいれい前店,カツマタヤッキョク　セイレイマエテン,居宅療養管理指導,沼津市下一丁田８９０－８,,,,0559-64-3460,,,,株式会社　カツマタ,2241110853,-,,,,
222038,,静岡県,沼津市,みどり愛生薬局,ミドリアイセイヤッキョク,居宅療養管理指導,沼津市原２８４－４,,,,0559-69-3021,,,,株式会社東京みどり薬局,2241110879,-,,,,
222038,,静岡県,沼津市,陽だまり薬局,ヒダマリヤッキョク,居宅療養管理指導,沼津市下一丁田８７８－２,,,,0559-64-6855,,,,有限会社メディケア,2241110887,-,,,,
222038,,静岡県,沼津市,アリス薬局　牛臥店,アリスヤッキョク　ウシブセテン,居宅療養管理指導,沼津市下香貫３０７８－４,,,,0559-34-6767,,,,株式会社　エヌエスピー,2241110911,-,,,,
222038,,静岡県,沼津市,下石田薬局,シモイシダヤッキョク,居宅療養管理指導,沼津市大岡８３６－２０,,,,055-929-7763,,,,大雄株式会社,2241110937,-,,,,
222038,,静岡県,沼津市,つばさ薬局あしたか店,ツバサヤッキョクアシタカテン,居宅療養管理指導,沼津市西椎路88-1,,,,055-969-1010,,,,株式会社　鈴木薬局,2241110945,-,,,,
222038,,静岡県,沼津市,トマト薬局,トマトヤッキョク,居宅療養管理指導,沼津市市道１２－３１,,,,0559-54-3000,,055-954-3007,,有限会社　トマト薬局,2241110952,-,,,,
222038,,静岡県,沼津市,サンライズ薬局大岡店,サンライズヤッキョクオオカテン,居宅療養管理指導,沼津市大岡２８５２－２,,,,055-927-2755,,,,有限会社　サンライズ,2241110960,-,,,,
222038,,静岡県,沼津市,メイプル薬局大岡店,メイプルヤッキョクオオオカテン,居宅療養管理指導,沼津市大岡１０６６－３,,,,055-954-2033,,,,有限会社メイプル,2241110978,-,,,,
222038,,静岡県,沼津市,エンゼル薬局沼津店,エンゼルヤッキョクヌマヅテン,居宅療養管理指導,沼津市錦町３－９,,,,055-954-2366,,,,有限会社　泰和,2241110986,-,,,,
222038,,静岡県,沼津市,ゆめ薬局下香貫店,ユメヤッキョクシモカヌキテン,居宅療養管理指導,沼津市下香貫宮脇３３７－３７,,,,055-933-2636,,,,有限会社　ゆめ薬局,2241110994,-,,,,
222038,,静岡県,沼津市,ながつき薬局沼津店,ナガツキヤッキョクヌマヅテン,居宅療養管理指導,沼津市大手町３－１－２,エイブルコア５階,,,055-952-6811,,,,有限会社　ながつき,2241111034,-,,,,
222038,,静岡県,沼津市,ひかり薬局沼津北口店,ヒカリヤッキョクヌマヅキタグチテン,居宅療養管理指導,沼津市高島町１２－１２,,,,055-924-3355,,,,有限会社　ディブロス,2241111042,-,,,,
222038,,静岡県,沼津市,ももの木薬局,モモノキヤッキョク,居宅療養管理指導,沼津市下香貫島郷２９６７－３,,,,055-934-6868,,,,有限会社　エフエイト,2241111059,-,,,,
222038,,静岡県,沼津市,弁天堂薬局,ベンテンドウヤッキョク,居宅療養管理指導,沼津市市場町１１－２３,,,,0559-31-3888,,0559-33-3622,,有限会社　弁天堂薬局,2241111067,-,,,,
222038,,静岡県,沼津市,下石田かもめ薬局,シモイシダカモメヤッキョク,居宅療養管理指導,沼津市大岡８３６－２０,,,,055-929-7763,,,,有限会社　クォリティ　オブ　ライフ,2241111109,-,,,,
222038,,静岡県,沼津市,さぼてん薬局,サボテンヤッキョク,居宅療養管理指導,沼津市三枚橋町６－３,,,,055-964-2260,,,,＊,2241111117,-,,,,
222038,,静岡県,沼津市,ポプラ薬局　香貫店,ポプラヤッキョク　カヌキテン,居宅療養管理指導,沼津市下香貫１１８５－９,,,,055-980-0021,,,,ピーエフシー株式会社,2241111141,-,,,,
222038,,静岡県,沼津市,アリス薬局吉田町店,アリスヤッキョクヨシダチョウテン,居宅療養管理指導,沼津市吉田町１７-２９,,,,,,,,株式会社ウイング,2241111166,-,,,,
222038,,静岡県,沼津市,メイプル薬局志下店,メイプルヤッキョクシゲテン,居宅療養管理指導,沼津市志下６２-６,,,,055-935-5577,,,,有限会社　メイプル,2241111182,-,,,,
222038,,静岡県,沼津市,たんぽぽ薬局,タンポポヤッキョク,居宅療養管理指導,沼津市東椎路７０８－７,,,,055-928-5904,,,,有限会社　ＨＥＡＲＴＳ,2241111216,-,,,,
222038,,静岡県,沼津市,メイプル薬局　高沢店,メイプルヤッキョクタカザワテン,居宅療養管理指導,沼津市高沢町３－１５,　エンゼルパークビル１階,,,055-923-4757,,,,有限会社メイプル,2241111257,-,,,,
222038,,静岡県,沼津市,ももの木薬局三園店,モモノキヤッキョクミソノテン,居宅療養管理指導,沼津市三園町１１－１,,,,055-934-1818,,,,有限会社　エフエイト,2241111265,-,,,,
222038,,静岡県,沼津市,アリス薬局今沢店,アリスヤッキョクイマザワテン,居宅療養管理指導,沼津市今沢687-27,,,,055-968-6886,,,,株式会社　鈴木薬局,2241111315,-,,,,
222038,,静岡県,沼津市,うさぎ薬局大岡店,ウサギヤッキョクオオオカテン,居宅療養管理指導,沼津市大岡2698-1,,,,055-925-8888,,,,株式会社　ラパン,2241111323,-,,,,
222038,,静岡県,沼津市,アリス薬局松長店,アリスヤッキョクマツナガテン,居宅療養管理指導,沼津市松長７６９－２,,,,055-924-6000,,,,株式会社　鈴木薬局,2241111356,-,,,,
222038,,静岡県,沼津市,むすび薬局,ムスビヤッキョク,居宅療養管理指導,沼津市小諏訪４３６－２,ハイムアリエス１０３,,,055-935-1116,,,,株式会社ジーベル,2241111372,-,,,,
222038,,静岡県,沼津市,クリエイト薬局　沼津東椎路店,クリエイトヤッキョク　ヌマヅヒガシシイジテン,居宅療養管理指導,沼津市東椎路１４７３－１,,,,055-929-0630,,,,株式会社クリエイトエス・ディー,2241111406,-,,,,
222038,,静岡県,沼津市,アリス薬局香陵の径店,アリスヤッキョクコウリョウノミチテン,居宅療養管理指導,沼津市市場町１１－３,,,,055-933-2700,,,,株式会社ウッディベル,2241111414,-,,,,
222038,,静岡県,沼津市,小島薬局　筒井町店,コジマヤッキョク　ツツイチョウテン,居宅療養管理指導,沼津市筒井町１１－２,,,,055-941-6820,,,,株式会社小島薬局,2241111422,-,,,,
222038,,静岡県,沼津市,ひらまつ薬局,ヒラマツヤッキョク,居宅療養管理指導,沼津市石川160-2,,,,055-960-0300,,,,株式会社平松薬局,2241111430,-,,,,
222038,,静岡県,沼津市,アリス薬局大手町店,アリスヤッキョクオオテマチテン,居宅療養管理指導,沼津市大手町1-1-6,,,,055-962-2222,,,,株式会社ウイング,2241111448,-,,,,
222038,,静岡県,沼津市,うさぎ薬局岡宮店,ウサギヤッキョクオカミヤテン,居宅療養管理指導,沼津市岡宮1157-5,,,,055-927-2222,,,,株式会社鶴亀ファーム代表取締役小林弘,2241111455,-,,,,
222038,,静岡県,沼津市,アリス薬局一本松店,アリスヤッキョクイッポンマツテン,居宅療養管理指導,沼津市一本松476-4,,,,055-968-8686,,,,株式会社エヌエスピー,2241111471,-,,,,
222038,,静岡県,沼津市,クリエイト薬局沼津原店,クリエイトヤッキョクヌマヅハラテン,居宅療養管理指導,沼津市原1071-2,,,,055-969-2781,,,,株式会社クリエイトエス・ディー,2241111489,-,,,,
222038,,静岡県,沼津市,いちご薬局,イチゴヤッキョク,居宅療養管理指導,沼津市庄栄町10-33,,,,055-946-6430,,,,有限会社静岡健康企画,2241111497,-,,,,
222038,,静岡県,沼津市,さくら薬局沼津庄栄店,サクラヤッキョクヌマヅショウエイテン,居宅療養管理指導,沼津市庄栄町１０番６号,,,,0559-21-8056,,,,クラフト株式会社,2241111513,-,,,,
222038,,静岡県,沼津市,さくら薬局沼津筒井店,サクラヤッキョクヌマヅツツイテン,居宅療養管理指導,沼津市筒井町９－１,,,,055-924-2304,,,,クラフト株式会社,2241111521,-,,,,
222038,,静岡県,沼津市,小島薬局東椎路店,コジマヤッキョクヒガシシイジテン,居宅療養管理指導,沼津市東椎路922-5,,,,055-941-7864,,,,株式会社小島薬局,2241111554,-,,,,
222038,,静岡県,沼津市,共創未来　春の木薬局,キョウソウミライ　ハルノキヤッキョク,居宅療養管理指導,沼津市東椎路字春の木５３１－５,,,,055-927-2235,,,,株式会社ファーマみらい,2241111562,-,,,,
222038,,静岡県,沼津市,アリス薬局沼津駅北口店,アリスヤッキョクヌマヅエキキタグチテン,居宅療養管理指導,沼津市米山町１－１０,,,,055-926-6767,,,,株式会社鈴木薬局,2241111570,-,,,,
222038,,静岡県,沼津市,さくら薬局沼津大手町店,サクラヤッキョクヌマヅオオテマチテン,居宅療養管理指導,沼津市大手町2-7-1,,,,055-952-5052,,,,クラフト株式会社,2241111588,-,,,,
222038,,静岡県,沼津市,つばさ薬局寿町店,ツバサヤッキョクコトブキチョウテン,居宅療養管理指導,沼津市寿町１８－１１,,,,055-926-2211,,,,株式会社ウッディベル,2241111596,-,,,,
222038,,静岡県,沼津市,くるみ薬局藤井原店,クルミヤッキョクフジイハラテン,居宅療養管理指導,沼津市下香貫藤井原１６１９－１１,,,,055-919-4138,,,,株式会社シュターク,2241111612,-,,,,
222038,,静岡県,沼津市,小島薬局　中瀬店,コジマヤッキョク　ナカセテン,居宅療養管理指導,沼津市中瀬町１８－１４,,,,055-955-9550,,,,株式会社小島薬局,2241111638,-,,,,
222038,,静岡県,沼津市,ヤマダ薬局沼津支店,ヤマダヤッキョクヌマヅシテン,居宅療養管理指導,沼津市米山町２－１９,,,,055-922-0003,,,,ヤマックス株式会社,2241111646,-,,,,
222038,,静岡県,沼津市,スギ薬局沼津大岡店,スギヤッキョクヌマヅオオオカテン,居宅療養管理指導,沼津市大岡２４４６－１,,,,055-955-9738,,,,株式会社スギ薬局,2241111661,-,,,,
222038,,静岡県,沼津市,ウエルシア薬局　沼津西沢田店,ウエルシアヤッキョク　ヌマヅニシサワダテン,居宅療養管理指導,沼津市西沢田字前田４５８－１,,,,055-925-0196,,,,ウエルシア薬局株式会社,2241111695,-,,,,
222038,,静岡県,沼津市,花さき薬局,ハナサキヤッキョク,居宅療養管理指導,沼津市大岡３５２,,,,055-955-9970,,,,株式会社包一,2241111703,-,,,,
222038,,静岡県,沼津市,アイセイ薬局　原店,アイセイヤッキョク　ハラテン,居宅療養管理指導,沼津市原東中１４１８－３４,,,,055-969-2511,,,,株式会社アイセイ薬局,2241111711,-,,,,
222038,,静岡県,沼津市,あい薬局　原店,アイヤッキョク　ハラテン,居宅療養管理指導,沼津市原東沖１７８９－２,,,,055-966-4181,,,,株式会社　いしわた,2241111729,-,,,,
222038,,静岡県,沼津市,黎明薬局,レイメイヤッキョク,居宅療養管理指導,沼津市新宿町４－１１,,,,055-926-6880,,,,有限会社慧光,2241111737,-,,,,
222038,,静岡県,沼津市,ウエルシア薬局沼津アントレ店,ウエルシアヤッキョクヌマヅアントレテン,居宅療養管理指導,沼津市大手町１－１－１　２階,,,,055-954-3251,,,,ウエルシア薬局株式会社,2241111745,-,,,,
222038,,静岡県,沼津市,クリエイト薬局沼津東熊堂店,クリエイトヤッキョクヌマヅヒガシクマンドウテン,居宅療養管理指導,沼津市東熊堂９－１,,,,055-929-1331,,,,株式会社クリエイトエス・ディー,2241111752,-,,,,
222038,,静岡県,沼津市,はるな薬局大手町店,ハルナヤッキョクオオテマチテン,居宅療養管理指導,沼津市大手町５－１１－３,,,,055-951-8100,,,,株式会社ウェルネスサポート,2241111760,-,,,,
222038,,静岡県,沼津市,ウエルシア薬局沼津下香貫店,ウエルシアヤッキョクヌマヅシモカヌキテン,居宅療養管理指導,沼津市下香貫藤井原１６７９－２,,,,055-935-5463,,,,ウエルシア薬局株式会社,2241111778,-,,,,
222038,,静岡県,沼津市,スギ薬局　沼津インター店,スギヤッキョク　ヌマヅインターテン,居宅療養管理指導,沼津市岡宮１１９９番地１,,,,055-955-5002,,,,株式会社スギ薬局,2241111794,-,,,,
222038,,静岡県,沼津市,花園薬局,ハナゾノヤッキョク,居宅療養管理指導,沼津市花園町２－１,,,,055-927-3139,,,,株式会社　サンファーマシー,2241111810,-,,,,
222038,,静岡県,沼津市,ファーマライズ薬局沼津店,ファーマライズヤッキョクヌマヅテン,居宅療養管理指導,沼津市大手町３－５－１５,三井住友海上沼津ビル１F,,,055-963-5787,,,,ファーマライズ株式会社,2241111828,-,,,,
222038,,静岡県,沼津市,ファーマライズ薬局沼津柳町店,ファーマライズヤッキョクヌマヅヤナギチョウテン,居宅療養管理指導,沼津市柳町３－１９,,,,055-927-2626,,,,ファーマライズ株式会社,2241111836,-,,,,
222038,,静岡県,沼津市,メディオ薬局根古屋店,メディオヤッキョクネゴヤテン,居宅療養管理指導,沼津市根古屋３０８－１,,,,055-967-9779,,,,株式会社アインファーマシーズ,2241111844,-,,,,
222038,,静岡県,沼津市,メディオ薬局高沢町店,メディオヤッキョクタカザワチョウテン,居宅療養管理指導,沼津市高沢町６－２１,,,,055-926-7272,,,,株式会社アインファーマシーズ,2241111851,-,,,,
222038,,静岡県,沼津市,メディオ薬局大岡下石田店,メディオヤッキョクオオオカシモイシダテン,居宅療養管理指導,沼津市大岡１１５８,,,,055-954-1111,,,,株式会社アインファーマシーズ,2241111869,-,,,,
222038,,静岡県,沼津市,メディオ薬局上香貫槇島町店,メディオヤッキョクマキシマチョウテン,居宅療養管理指導,沼津市上香貫槇島町１２７０-１,,,,055-935-1818,,,,株式会社アインファーマシーズ,2241111885,-,,,,
222038,,静岡県,沼津市,メディオ薬局八幡町店,メディオヤッキョクハチマンチョウテン,居宅療養管理指導,沼津市八幡町２７-３,,,,055-964-3808,,,,株式会社アインファーマシーズ,2241111901,-,,,,
222038,,静岡県,沼津市,メディオ薬局若葉町店,メディオヤッキョクワカバチョウテン,居宅療養管理指導,沼津市若葉町４－１０,,,,055-929-1111,,,,株式会社アインファーマシーズ,2241111919,-,,,,
222038,,静岡県,沼津市,メディオ薬局添地町店,メディオヤッキョクソエジチョウテン,居宅療養管理指導,沼津市添地町２０６,,,,055-951-6332,,,,株式会社アインファーマシーズ,2241111927,-,,,,
222038,,静岡県,沼津市,メディオ薬局原店,メディオヤッキョクハラテン,居宅療養管理指導,沼津市原１７２１－１８,,,,055-968-0222,,,,株式会社アインファーマシーズ,2241111935,-,,,,
222038,,静岡県,沼津市,メディオ薬局米山町店,メディオヤッキョクヨネヤマチョウテン,居宅療養管理指導,沼津市米山町１０-３１,,,,055-920-3131,,,,株式会社アインファーマシーズ,2241111943,-,,,,
222038,,静岡県,沼津市,メディオ薬局宮前町店,メディオヤッキョクミヤマエチョウテン,居宅療養管理指導,沼津市宮前町１３－４,,,,055-941-8826,,,,株式会社アインファーマシーズ,2241111950,-,,,,
222038,,静岡県,沼津市,メディオ薬局大岡高田店,メディオヤッキョクオオオカタカダテン,居宅療養管理指導,沼津市大岡１９９８,,,,055-941-8500,,,,株式会社アインファーマシーズ,2241111968,-,,,,
222038,,静岡県,沼津市,メディオ薬局大岡日吉店,メディオヤッキョクオオオカヒヨシテン,居宅療養管理指導,沼津市大岡１７４３－１,,,,055-964-2255,,,,株式会社アインファーマシーズ,2241111976,-,,,,
222038,,静岡県,沼津市,クローバー薬局,クローバーヤッキョク,居宅療養管理指導,沼津市御幸町１３－５,,,,055-935-7676,,,,株式会社グッドフィールド,2241111984,-,,,,
222038,,静岡県,沼津市,ウエルシア薬局沼津神田店,ウエルシアヤッキョクヌマヅカンダテン,居宅療養管理指導,沼津市神田町３番２１号,,,,055-929-1189,,,,ウエルシア薬局株式会社,2241111992,-,,,,
222038,,静岡県,沼津市,ウエルシア薬局沼津吉田店,ウエルシアヤッキョクヌマヅヨシダテン,居宅療養管理指導,沼津市吉田町１６－３３,,,,055-934-7801,,,,ウエルシア薬局株式会社,2241112008,-,,,,
222038,,静岡県,沼津市,みつばち薬局,ミツバチヤッキョク,居宅療養管理指導,沼津市本郷町２７－２３－２,,,,055-934-8332,,,,株式会社エストレジャ,2241112016,-,,,,
222038,,静岡県,沼津市,ウエルシア薬局沼津原東店,ウエルシアヤッキョクヌマヅハラヒガシテン,居宅療養管理指導,沼津市原１５２５番地の１,,,,055-969-0089,,,,ウエルシア薬局株式会社,2241112024,-,,,,
222038,,静岡県,沼津市,スギ薬局　沼津西沢店,スギヤッキョクヌマヅニシザワテン,居宅療養管理指導,沼津市西沢田３２７番地,,,,055-957-2316,,,,株式会社スギ薬局,2241112032,-,,,,
222038,,静岡県,沼津市,ウエルシア薬局　沼津鳥谷店,ウエルシアヤッキョク　ヌマヅトヤテン,居宅療養管理指導,沼津市鳥谷６５番地の２,,,,055-969-2811,,,,ウエルシア薬局株式会社,2241112040,-,,,,
222038,,静岡県,沼津市,ウエルシア薬局沼津五月町店,ウエルシアヤッキョクヌマヅサツキチョウテン,居宅療養管理指導,沼津市五月町５番５号,,,,055-929-8866,,,,ウエルシア薬局株式会社,2241112057,-,,,,
222038,,静岡県,沼津市,はなまる薬局　下香貫馬場店,ハナマルヤッキョクシモカヌキババテン,居宅療養管理指導,沼津市下香貫４８８－２,,,,055-935-1700,,,,株式会社Ｆｉｏｃｃｏ,2241112065,-,,,,
222038,,静岡県,沼津市,はなまる薬局下香貫樋ノ口店,ハナマルヤッキョクシモカヌキトイノクチテン,居宅療養管理指導,沼津市下香貫樋ノ口１７０６－１,,,,055-935-5777,,,,株式会社Ｆｉｏｃｃｏ,2241112073,-,,,,
222038,,静岡県,沼津市,小島薬局在宅センター,コジマヤッキョクザイタクセンター,居宅療養管理指導,沼津市井出１７４２－２,,,,055-957-2266,,,,株式会社小島薬局,2241112081,-,,,,
222038,,静岡県,沼津市,ふぉれすと薬局,フォレストヤッキョク,居宅療養管理指導,沼津市岡宮１２８５－１,,,,055-929-1212,,,,株式会社生活の杜,2241112099,-,,,,
222038,,静岡県,沼津市,ポプラ薬局杉崎町店,ポプラヤッキョクスギサキチョウテン,居宅療養管理指導,沼津市杉崎町13-41,,,,,,,,ピーエフシー株式会社,2241112107,-,,,,
222038,,静岡県,沼津市,二葉薬局沼津東原店,フタバヤッキョクヌマヅヒガシハラテン,居宅療養管理指導,沼津市東原556-4,,,,,,,,株式会社クローバー,2241112115,-,,,,
222038,,静岡県,沼津市,イロドリ薬局,イロドリヤッキョク,居宅療養管理指導,沼津市下香貫塩満1878-1,,,,,,,,有限会社ディブロス,2241112123,-,,,,
222038,,静岡県,沼津市,介護老人保健施設　タカネ園,カイゴロウジンホケンシセツ　タカネエン,介護老人保健施設,沼津市鳥谷６１１－１,,,,055-967-8800,,055-967-3600,,医療法人社団愛康会,2251180010,月～日,,100,,
222038,,静岡県,沼津市,介護老人保健施設　タカネ園,カイゴロウジンホケンシセツ　タカネエン,短期入所療養介護,沼津市鳥谷６１１－１,,,,055-967-8800,,055-967-3600,,医療法人社団愛康会,2251180010,月～日,,-,,
222038,,静岡県,沼津市,医療法人社団真養会　介護老人保健施設おおひら,イリョウホウジンシャダンシンヨウカイ　カイゴロウジンホケンシセツオオヒラ,介護老人保健施設,沼津市大平１１１７－１,,,,055-934-1165,,055-932-7934,,医療法人社団　真養会,2251180028,月～日,,100,,
222038,,静岡県,沼津市,医療法人社団真養会　介護老人保健施設おおひら,イリョウホウジンシャダンシンヨウカイ　カイゴロウジンホケンシセツオオヒラ,短期入所療養介護,沼津市大平１１１７－１,,,,055-934-1165,,055-932-7934,,医療法人社団　真養会,2251180028,月～日,,10,,
222038,,静岡県,沼津市,医療法人社団真養会　介護老人保健施設おおひら,イリョウホウジンシャダンシンヨウカイ　カイゴロウジンホケンシセツオオヒラ,通所リハビリテーション,沼津市大平１１１７－１,,,,055-934-1165,,055-932-7934,,医療法人社団　真養会,2251180028,月～金,1/1～1/3を除く,40,,
222038,,静岡県,沼津市,在宅支援センターおおひら指定居宅介護支援事業所,ザイタクシエンセンターオオヒラシテイキョタクカイゴシエンジギョウショ,居宅介護支援,沼津市大平1117-1,,,,055-934-1173,,055-932-7934,,医療法人社団　真養会,2251180028,月～金,祝日、12/29～1/3を除く,-,,
222038,,静岡県,沼津市,介護老人保健施設　サン静浦　通所リハビリテーション事業所,カイゴロウジンホケンシセツ　サンシズウラ　ツウショリハビリテーションジギョウショ,通所リハビリテーション,沼津市志下３４４番地の１,,,,055-934-6000,,055-934-8288,,医療法人社団勝友会,2251180036,月～金,12/30～1/3を除く,30,,
222038,,静岡県,沼津市,介護老人保健施設サン静浦,カイゴロウジンホケンシセツサンシズウラ,介護老人保健施設,沼津市志下３４４番地の１,,,,055-934-6000,,055-934-8288,,医療法人社団勝友会,2251180036,月～日,,100,,
222038,,静岡県,沼津市,介護老人保健施設サン静浦,カイゴロウジンホケンシセツサンシズウラ,短期入所療養介護,沼津市志下３４４番地の１,,,,055-934-6000,,055-934-8288,,医療法人社団勝友会,2251180036,月～日,,-,,
222038,,静岡県,沼津市,医療法人社団愛康会椎路の里指定居宅介護支援センター,イリョウホウジンシャダンアイコウカイシイジノサトシテイキョタクカイゴシエンセンター,居宅介護支援,沼津市東椎路32-1,,,,055-927-3900,,055-927-3700,,医療法人社団愛康会,2251180044,月～土,祝日、12/30～1/3を除く,-,,
222038,,静岡県,沼津市,介護老人保健施設　椎路の里,カイゴロウジンホケンシセツ　シイジノサト,介護老人保健施設,沼津市東椎路字川向３２番１,,,,055-927-3900,,055-927-3700,,医療法人社団愛康会,2251180044,月～日,,100,,
222038,,静岡県,沼津市,介護老人保健施設　椎路の里,カイゴロウジンホケンシセツ　シイジノサト,短期入所療養介護,沼津市東椎路字川向３２番１,,,,055-927-3900,,055-927-3700,,医療法人社団愛康会,2251180044,月～日,,-,,
222038,,静岡県,沼津市,介護老人保健施設　椎路の里,カイゴロウジンホケンシセツ　シイジノサト,通所リハビリテーション,沼津市東椎路字川向３２番１,,,,055-927-3900,,055-927-3700,,医療法人社団愛康会,2251180044,月～金,祝日、12/30～1/3を除く,75,,
222038,,静岡県,沼津市,介護老人保健施設　ヒルズかどいけ,カイゴロウジンホケンシセツ　ヒルズカドイケ,介護老人保健施設,沼津市岡一色６７２番地の２,,,,055-924-5391,,055-924-5394,,医療法人社団静寿会,2251180051,月～日,,148,,
222038,,静岡県,沼津市,介護老人保健施設　ヒルズかどいけ,カイゴロウジンホケンシセツ　ヒルズカドイケ,短期入所療養介護,沼津市岡一色６７２番地の２,,,,055-924-5391,,055-924-5394,,医療法人社団静寿会,2251180051,月～日,,-,,
222038,,静岡県,沼津市,介護老人保健施設　ヒルズかどいけ,カイゴロウジンホケンシセツ　ヒルズカドイケ,通所リハビリテーション,沼津市岡一色６７２番地の２,,,,055-924-5391,,055-924-5394,,医療法人社団静寿会,2251180051,月～金,,40,,
222038,,静岡県,沼津市,居宅介護支援事業所ヒルズかどいけ,キョタクカイゴシエンジギョウショヒルズカドイケ,居宅介護支援,沼津市岡一色672-2,,,,055-924-5391,,055-924-5394,,医療法人社団静寿会,2251180051,月～土,12/30～1/3を除く,-,,
222038,,静岡県,沼津市,介護療養型老人保健施設　あしたかケアセンター,カイゴリョウヨウガタロウジンホケンシセツ　アシタカケアセンター,介護老人保健施設,沼津市今沢字西畑372-５,,,,055-967-3711,,055-967-3727,,医療法人社団愛康会,2251180069,月～日,,75,,
222038,,静岡県,沼津市,介護療養型老人保健施設　あしたかケアセンター,カイゴリョウヨウガタロウジンホケンシセツ　アシタカケアセンター,短期入所療養介護,沼津市今沢字西畑372-５,,,,055-967-3711,,055-967-3727,,医療法人社団愛康会,2251180069,月～日,,-,,
222038,,静岡県,沼津市,介護老人保健施設　かどいけプラス,カイゴロウジンホケンシセツ　カドイケプラス,介護老人保健施設,沼津市岡一色６７２番地の２,,,,055-924-5391,,055-924-5394,,医療法人社団静寿会,2251180077,月～日,,-,,
222038,,静岡県,沼津市,介護老人保健施設　かどいけプラス,カイゴロウジンホケンシセツ　カドイケプラス,短期入所療養介護,沼津市岡一色６７２番地の２,,,,055-924-5391,,055-924-5394,,医療法人社団静寿会,2251180077,月～日,,-,,
222038,,静岡県,沼津市,訪問看護ステーションぬまづ,ホウモンカンゴステーションヌマヅ,訪問看護,沼津市本田町６－１３,　ＣＨＩＮＴＡＩ本田町ビル２０１号,,,055-926-0108,,055-926-0222,,医療法人社団　真養会,2261190017,月～金,祝日及び12/29～1/3を除く,-,,
222038,,静岡県,沼津市,訪問看護ステーションはまゆう,ホウモンカンゴステーションハマユウ,訪問看護,沼津市大岡１１５５,,,,055-954-0680,,055-954-0690,,医療法人社団　真養会,2261190033,月～金,祝日、12/29～1/3を除く,-,,
222038,,静岡県,沼津市,聖隷訪問看護ステーション千本,セイレイホウモンカンゴステーションセンボン,居宅介護支援,沼津市本字下一丁田898-1,,,,055-952-1020,,055-952-1021,,一般財団法人芙蓉協会,2261190041,月～金,祝日、12/29～1/3を除く,-,,
222038,,静岡県,沼津市,聖隷訪問看護ステーション千本,セイレイホウモンカンゴステーションセンボン,訪問看護,沼津市本字下一丁田８９８－１,,,,055-952-1000,,055-952-1001,,一般財団法人芙蓉協会,2261190041,月～金,,-,,
222038,,静岡県,沼津市,公益財団法人復康会　訪問看護ステーションうしぶせ,コウエキザイダンホウジンフクコウカイ　ホウモンカンゴステーションウシブセ,訪問看護,沼津市上香貫曼陀ヶ原２５１０－２２,,,,055-931-3900,,055-931-3399,,公益財団法人　復康会,2261190058,月～土,1/1～1/2を除く,-,,
222038,,静岡県,沼津市,白鳥訪問看護ステーション,シラトリホウモンカンゴステーション,訪問看護,沼津市新沢田町７－３３,,,,055-929-7020,,055-929-7026,,有限会社沼津ケアセンター白鳥,2261190124,月～金,国民の祝日、12/29～1/3、夏季特別休暇を除く,-,,
222038,,静岡県,沼津市,在宅リハビリ訪問看護ステーション　春,ザイタクリハビリホウモンカンゴステーション　ハル,訪問看護,沼津市岡宮３７５番地の１３,　パステル緑ヶ丘１Ｆ,,,055-924-3400,,055-924-3900,,有限会社オネストファーム,2261190140,月～金,祝日及び12/29～1/3を除く,-,,
222038,,静岡県,沼津市,オネストファーム福祉用具専門店,オネストファームフクシヨウグセンモンテン,特定福祉用具販売、福祉用具貸与,沼津市岡宮３７５番地の１３,パステル緑ヶ丘１Ｆ,,,055-924-3444,,055-924-3900,,有限会社オネストファーム,2261190157,月～金,祝日及び12/29～1/3は除く,-,,
222038,,静岡県,沼津市,ケアル居宅介護支援事業所,ケアルキョタクカイゴシエンジギョウショ,居宅介護支援,沼津市東椎路字中尾1640-10,,,,055-941-5260,,055-941-5104,,株式会社デイベンロイ,2261190165,月～金,祝日及び12/31～1/3を除く,-,,
222038,,静岡県,沼津市,ケアル訪問看護リハビリステーション,ケアルホウモンカンゴリハビリステーション,訪問看護,沼津市東椎路字中尾１６４０－１０,,,,055-921-2632,,055-921-4860,,株式会社デイベンロイ,2261190165,月～金,12/31～1/3を除く,-,,
222038,,静岡県,沼津市,訪問看護ステーション椎路,ホウモンカンゴステーションシイジ,訪問看護,沼津市東椎路８２１－１,,,,055-955-7467,,055-955-7502,,有限会社ケイコム,2261190199,月～金,祝日及び12/29～1/3を除く,-,,
222038,,静岡県,沼津市,公益財団法人復康会　訪問看護ステーションふじみ,コウエキザイダンホウジンフッコウカイ　ホウモンカンゴステーショフジミ,訪問看護,沼津市中瀬町２４番１号,,,,055-931-5223,,055-934-0707,,公益財団法人　復康会,2261190207,月～土,国民の祝日、年末年始（12/30～1/3）を除く,-,,
222038,,静岡県,沼津市,訪問看護ステーション　さん・さぽーと,ホウモンカンゴステーション　サン・サポート,訪問看護,沼津市岡宮９９１番地３０,,,,055-941-9885,,055-941-9885,,株式会社サン・サポート,2261190231,月～金,年末年始（12/31～1/3）を除く,-,,
222038,,静岡県,沼津市,居宅介護支援事業所咲,キョタクカイゴシエンジギョウショサキ,居宅介護支援,沼津市大岡1862-3,,,,055-955-7870,,055-955-8245,,株式会社マウントフィールド,2261190249,月～金,祝日、12/29～1/3を除く,-,,
222038,,静岡県,沼津市,訪問看護ステーション咲,ホウモンカンゴステーションサキ,訪問看護,沼津市大岡１８６２－３,,,,055-994-9300,,055-955-8245,,株式会社マウントフィールド,2261190249,月～金,,-,,
222038,,静岡県,沼津市,ゆいまる居宅介護支援事業所,ユイマルキョタクカイゴシエンジギョウショ,居宅介護支援,沼津市本錦町655-1　,コーポ錦102号,,,055-957-5000,,055-955-8529,,ゆいまる株式会社,2261190272,月～金,祝日、12/30～1/3を除く,-,,
222038,,静岡県,沼津市,ゆいまる訪問看護ステーション,ユイマルホウモンカンゴステーション,訪問看護,沼津市本錦町６５５番地の１,コーポ錦１０２号,,,055-955-8519,,055-955-8529,,ゆいまる株式会社,2261190272,月～土,国民の祝日及び12/30～1/3を除く,-,,
222038,,静岡県,沼津市,スローライフ訪問看護ステーション,スローライフホウモンカンゴステーション,訪問看護,沼津市大岡３８８２番地,,,,055-941-5665,,055-941-7624,,株式会社スローライフ,2261190298,月～金,事業所の定める休暇を除く,-,,
222038,,静岡県,沼津市,東部訪問看護リハビリステーション　テレサ,トウブホウモンカンゴリハビリステーション　テレサ,訪問看護,沼津市原１７８６番地の２,,,,055-969-2008,,055-969-2028,,合同会社テレサ,2261190306,月～金,祝日は営業、12/29～1/3は休業,-,,
222038,,静岡県,沼津市,居宅介護支援事業所ふくろう,キョタクカイゴシエンジギョウショフクロウ,居宅介護支援,沼津市西沢田６８４番地の９,,,,055-913-5280,,055-913-5310,,合同会社ＴＯＭＯ,2261190314,月～金,国民の祝日、12/29～1/3を除く,-,,
222038,,静岡県,沼津市,訪問看護ステーションふくろう,ホウモンカンゴステーションフクロウ,訪問看護,沼津市西沢田６８４番地の９,,,,055-913-5280,,055-913-5310,,合同会社ＴＯＭＯ,2261190314,月～金,12/29～1/3を除く,-,,
222038,,静岡県,沼津市,はるか訪問看護ステーション,ハルカホウモンカンゴステーション,訪問看護,沼津市下香貫藤井原１６７１番地の２,クリエール藤井原０１号室,,,055-939-8215,,055-939-8216,,ＮＰＯ法人はるか,2261190322,月～金,祝日、12/29～1/3を除く,-,,
222038,,静岡県,沼津市,えんじぇるず訪問看護リハビリステーション,エンジェルズホウモンカンゴリハビリステーション,訪問看護,沼津市本白銀町４８９番地の５,,,,055-943-6757,,055-943-6759,,株式会社えふけあ,2261190330,月～金,祝日及び12/30～1/3を除く（土曜日の訪問は行う）,-,,
222038,,静岡県,沼津市,ケアプランセンターえんじぇるず,ケアプランセンターエンジェルズ,居宅介護支援,沼津市本白銀町４８９番地の５,,,,055-943-6757,,055-943-6759,,株式会社えふけあ,2261190330,月～金、祝,12/29～1/3を除く,-,,
222038,,静岡県,沼津市,訪問看護ステーション平町,ホウモンカンゴステーションヒラマチ,訪問看護,沼津市大岡１５５１－２,　第８平成ビル１０１号,,,055-964-2530,,055-964-2532,,セントケア静岡株式会社,2261190348,月～金,祝祭日、年末年始12/31～1/3を除く,-,,
222038,,静岡県,沼津市,フェニックス訪問看護ステーション,フェニックスホウモンカンゴステーション,訪問看護,沼津市共栄町１０番地の５,,,,055-929-9233,,055-929-9234,,株式会社フェニックス,2261190355,月～金,12/30～1/3を除く,-,,
222038,,静岡県,沼津市,訪問看護ステーションひなた,ホウモンカンゴステーションヒナタ,訪問看護,沼津市中沢田３８５番地,ＢＭビル２０３,,,055-922-0123,,055-922-0125,,合同会社ＳＨＩＭ,2261190363,月～金,年末年始（12/30～1/3）を除く,-,,
222038,,静岡県,沼津市,戸田デイサービス,ヘダデイサービス,通所介護,沼津市戸田１５７５－１,,,,0558-94-5550,,0558-97-5001,,社会福祉法人　信愛会,2270300276,月～金,12/31～1/3を除く,30,,
222038,,静岡県,沼津市,千本デイサービスセンター,センボンデイサービスセンター,通所介護,沼津市本字千本１９１０－２０６,,,,055-962-5923,,055-962-5348,,社会福祉法人　沼津市社会福祉協議会,2271100014,月～土,12/29～1/3を除く,32,,
222038,,静岡県,沼津市,フジビューホームヘルプサービス,フジビューホームヘルプサービス,訪問介護,沼津市大岡３５７１－１,,,,055-926-8501,,055-926-8509,,社会福祉法人　駿河厚生会,2271100030,月～日,12/29～1/3を除く,-,,
222038,,静岡県,沼津市,沼津フジビューショートステイ,ヌマヅ　フジビューショートステイ,短期入所生活介護,沼津市大岡３５７１－１,,,,055-926-8500,,055-926-8504,,社会福祉法人　駿河厚生会,2271100030,月～日,,-,,
222038,,静岡県,沼津市,沼津フジビューデイサービスセンター,ヌマヅフジビューデイサービスセンター,通所介護,沼津市大岡３５７１－１,,,,0559-26-8502,,0559-26-8504,,社会福祉法人　駿河厚生会,2271100030,月～金,12/29～1/3を除く,45,,
222038,,静岡県,沼津市,沼津フジビューデイサービスセンター,ヌマヅフジビューデイサービスセンター,認知症対応型通所介護,沼津市大岡3571-1,,,,055-926-8502,,055-926-8504,,社会福祉法人　駿河厚生会,2271100030,月～金,祝日及び12/29～1/3を除く,12,,
222038,,静岡県,沼津市,沼津フジビューホーム,ヌマヅフジビューホーム,介護老人福祉施設,沼津市大岡３５７１－１,,,,0559-26-8500,,0559-26-8504,,社会福祉法人　駿河厚生会,2271100030,月～日,,60,,
222038,,静岡県,沼津市,きせがわホームヘルパーステーション,キセガワ　ホームヘルパーステーション,訪問介護,沼津市大岡１１５５,,,,0559-54-0003,,0559-54-0006,,医療法人社団　真養会,2271100089,月～金,12/29～1/3を除く,-,,
222038,,静岡県,沼津市,きせがわ居宅介護支援事業所,キセガワキョタクカイゴシエンジギョウショ,居宅介護支援,沼津市大岡1155,,,,055-954-0003,,055-954-0006,,医療法人社団　真養会,2271100089,月～土,祝日、12/29～1/3を除く,-,,
222038,,静岡県,沼津市,かぬきショートステイ,カヌキ　ショートステイ,短期入所生活介護,沼津市下香貫猪沼９８１－２,,,,055-934-1821,,055-934-1831,,社会福祉法人　信愛会,2271100097,月～日,,20,,
222038,,静岡県,沼津市,かぬきデイサービス,カヌキデイサービス,通所介護,沼津市下香貫猪沼９８１－２,,,,055-934-1821,,055-934-1831,,社会福祉法人　信愛会,2271100097,月～土,12/31～1/3は除く,25,,
222038,,静岡県,沼津市,かぬきデイサービス,カヌキデイサービス,認知症対応型通所介護,沼津市下香貫猪沼981-2,,,,055-934-1821,,055-934-1831,,社会福祉法人　信愛会,2271100097,月～土,12/31～1/3を除く,12,,
222038,,静岡県,沼津市,かぬきホームヘルプサービス,カヌキホームヘルプサービス,訪問介護,沼津市下香貫猪沼９８１－２,,,,055-934-1821,,055-934-1831,,社会福祉法人　信愛会,2271100097,月～日,,-,,
222038,,静岡県,沼津市,かぬき居宅介護支援事業所,カヌキキョタクカイゴシエンジギョウショ,居宅介護支援,沼津市下香貫猪沼981-2,,,,055-934-3566,,055-934-7300,,社会福祉法人　信愛会,2271100097,月～土,祝日、12/30～1/3を除く,-,,
222038,,静岡県,沼津市,ぬまづホーム,ヌマヅホーム,介護老人福祉施設,沼津市下香貫猪沼９８１－２,,,,055-934-1821,,055-934-1831,,社会福祉法人　信愛会,2271100097,月～日,,70,,
222038,,静岡県,沼津市,ひだまりの郷　短期入所生活介護事業所,ヒダマリノサト　タンキニュウショセイカツカイゴジギョウショ,短期入所生活介護,沼津市内浦重須６２４,,,,055-946-1700,,055-946-1701,,社会福祉法人　三保会,2271100113,月～日,,10,,
222038,,静岡県,沼津市,ひだまりの郷　通所介護事業所,ヒダマリノサト　ツウショカイゴジギョウショ,通所介護,沼津市内浦重須６２４,,,,055-946-1700,,055-946-1701,,社会福祉法人　三保会,2271100113,月～土,年末年始（12/30～1/3）を除く,30,,
222038,,静岡県,沼津市,ひだまりの郷　通所介護事業所,ヒダマリノサト　ツウショカイゴジギョウショ,認知症対応型通所介護,沼津市内浦重須624,,,,055-946-1700,,055-946-1701,,社会福祉法人　三保会,2271100113,月～土,年末年始を除く,12,,
222038,,静岡県,沼津市,ひだまりの郷　訪問介護事業所,ヒダマリノサト　ホウモンカイゴジギョウショ,訪問介護,沼津市内浦重須６２４,,,,055-946-1700,,055-946-1701,,社会福祉法人　三保会,2271100113,月～日,,-,,
222038,,静岡県,沼津市,ひだまりの郷指定居宅介護支援事業所,ヒダマリノサトシテイキョタクカイゴシエンジギョウショ,居宅介護支援,沼津市内浦重須624,,,,055-946-1700,,055-946-1701,,社会福祉法人　三保会,2271100113,月～土,12/29～1/3を除く,-,,
222038,,静岡県,沼津市,指定介護老人福祉施設　ひだまりの郷,シテイカイゴロウジンフクシシセツ　ヒダマリノサト,介護老人福祉施設,沼津市内浦重須６２４,,,,055-946-1700,,055-946-1701,,社会福祉法人　三保会,2271100113,月～日,,70,,
222038,,静岡県,沼津市,あしたかホーム,アシタカホーム,介護老人福祉施設,沼津市東椎路１７４２番地の１,,,,055-967-1166,,055-967-3566,,社会福祉法人春風会,2271100147,月～日,,100,,
222038,,静岡県,沼津市,あしたかホーム,アシタカホーム,短期入所生活介護,沼津市東椎路１７４２番地の１,,,,055-967-1166,,055-967-3566,,社会福祉法人春風会,2271100147,月～日,,24,,
222038,,静岡県,沼津市,あしたかホーム　デイサービスセンター,アシタカホーム　デイサービスセンター,通所介護,沼津市東椎路１７４２番地の１,,,,055-967-1166,,055-967-3566,,社会福祉法人春風会,2271100147,月～土,12/31～1/3を除く,40,,
222038,,静岡県,沼津市,あしたかホーム　デイサービスセンター,アシタカホーム　デイサービスセンター,認知症対応型通所介護,沼津市東椎路1742-1,,,,055-967-1166,,055-967-3566,,社会福祉法人春風会,2271100147,月～土,12/31～1/3を除く,12,,
222038,,静岡県,沼津市,あしたかホーム居宅介護支援事業所,アシタカホームキョタクカイゴシエンジギョウショ,居宅介護支援,沼津市東椎路1742-1,,,,055-967-2929,,055-967-1188,,社会福祉法人春風会,2271100147,月～土,12/31～1/3を除く,-,,
222038,,静岡県,沼津市,はらデイサービスセンター,ハラデイサービスセンター,通所介護,沼津市原１２００番地の３,,,,055-968-2010,,055-968-4511,,社会福祉法人春風会,2271100154,月～土,12/31～1/3を除く,月～水・金～土は25人、木35人,,
222038,,静岡県,沼津市,はらデイサービスセンター,ハラデイサービスセンター,認知症対応型通所介護,沼津市原1200-3,,,,055-968-2010,,055-968-4511,,社会福祉法人春風会,2271100154,月～水、金、土　,12/31～1/3を除く,12,,
222038,,静岡県,沼津市,白鳥介護支援サービス,シラトリカイゴシエンサービス,居宅介護支援,沼津市新沢田町7-33,,,,055-929-7020,,055-929-7026,,有限会社沼津ケアセンター白鳥,2271100162,月～金,祝日、8/13～8/15、12/29～1/3を除く,-,,
222038,,静岡県,沼津市,白鳥訪問介護サービス,シラトリホウモンカイゴサービス,訪問介護,沼津市新沢田町７－３３,,,,0559-63-6093,,0559-63-6097,,有限会社沼津ケアセンター白鳥,2271100162,月～金,祝日、12/29～1/3を除く,-,,
222038,,静岡県,沼津市,株式会社ヤマシタ沼津営業所,カブシキガイシャヤマシタヌマヅエイギョウショ,特定福祉用具販売、福祉用具貸与,沼津市岡一色８１７－３,,,,055-924-2999,,055-924-7091,,株式会社ヤマシタ,2271100238,月～日,,-,,
222038,,静岡県,沼津市,株式会社　ホームケアコミュニケーション,カブハキガイシャ　ホームケアコミュニケーション,特定福祉用具販売、福祉用具貸与,沼津市下香貫七面１１６０－３,,,,055-932-0093,,055-932-1825,,株式会社ホームケアコミュニケーション,2271100246,月～土,8/14～8/16、12/30～1/3を除く,-,,
222038,,静岡県,沼津市,協和医科器械株式会社沼津支店,キョウワイカキカイカブシキガイシャヌマヅシテン,特定福祉用具販売、福祉用具貸与,沼津市大岡３９９５－１,,,,055-926-1106,,055-926-1222,,協和医科器械株式会社,2271100253,月～金,祝日、盆休み及び12/29～1/4までを除く,-,,
222038,,静岡県,沼津市,株式会社　東海医療器械,カブシキガイシャ　トウカイイリョウキカイ,特定福祉用具販売、福祉用具貸与,沼津市大岡９０１－３,,,,055-921-5387,,055-923-7457,,株式会社　東海医療器械,2271100261,月～土,祝祭日及び12/29～1/3を除く,-,,
222038,,静岡県,沼津市,訪問介護ふれあい,ホウモンカイゴフレアイ,訪問介護,沼津市大岡２３２５番地の６,ふれあいレジデンス大岡,,,055-926-6868,,055-926-6886,,株式会社在宅支援センターふれあい,2271100303,月～日,12/30～1/3を除く,-,,
222038,,静岡県,沼津市,社会福祉法人沼津市社会福祉協議会指定訪問介護事業所,シャカイフクシホウジンヌマヅシシャカイフクシキョウギカイシテイホウモンカイゴジギョウショ,訪問介護,沼津市常盤町一丁目１９番１,,,,055-951-0003,,055-951-0034,,社会福祉法人　沼津市社会福祉協議会,2271100329,月～土,12/29～1/3を除く,-,,
222038,,静岡県,沼津市,千本居宅介護支援事業所,センボンキョタクカイゴシエンジギョウショ,居宅介護支援,沼津市常盤町一丁目19-1,,,,055-951-0003,,055-951-0034,,社会福祉法人　沼津市社会福祉協議会,2271100329,月～土,祝日、12/29～1/3を除く,-,,
222038,,静岡県,沼津市,株式会社スルガケアサービス　沼津事業所,カブシキガイシャスルガケアサービス　ヌマヅジギョウショ,訪問介護,沼津市杉崎町１３－４３,モリビル２Ｆ,,,0559-25-3734,,0559-25-7033,,株式会社スルガケアサービス,2271100360,月～土,祝祭日及び12/30～1/3を除く,-,,
222038,,静岡県,沼津市,ニチイケアセンター沼津中央,ニチイケアセンターヌマヅチュウオウ,居宅介護支援,沼津市我入道東町123-1,,,,055-935-1812,,055-931-2050,,株式会社ニチイ学館,2271100402,月～金,祝日、12/30～1/3を除く,-,,
222038,,静岡県,沼津市,ニチイケアセンター沼津中央,ニチイケアセンターヌマヅチュウオウ,訪問介護,沼津市我入道東町123－１,,,,055-935-1811,,055-931-2050,,株式会社ニチイ学館,2271100402,月～金,国民の祝祭日、12/30～1/3を除く（休日であってもサービスの提供を行うことがあるものとする。）,-,,
222038,,静岡県,沼津市,ユニットケアサービス,ユニットケアサービス,居宅介護支援,沼津市今沢508-23,,,,055-969-0180,,055-969-0181,,有限会社ユニット,2271100411,月～金,祝日、12/30～1/3を除く,-,,
222038,,静岡県,沼津市,ユニットケアサービス,ユニットケアサービス,訪問介護,沼津市今沢５０８－２３,,,,055-969-0180,,055-969-0181,,有限会社ユニット,2271100411,月～土,,-,,
222038,,静岡県,沼津市,ニチイケアセンター沼津中央,ニチイケアセンターヌマヅチュウオウ,特定福祉用具販売、福祉用具貸与,沼津市我入道東町１２３番１,,,,055-935-1815,,055-935-2050,,株式会社ニチイ学館,2271100428,月～金,国民の祝日及び12/30～1/3を除く（休日であってもサービスの提供を行うことがある）,-,,
222038,,静岡県,沼津市,すまいるほーむ,スマイルホーム,地域密着型通所介護,沼津市今沢502-5,,,,055-957-1120,,055-957-1121,,有限会社ユニット,2271100451,月～土,12/30～1/3を除く,10,,
222038,,静岡県,沼津市,特定非営利活動法人まごころサービス静岡東部センター,マトクテイヒエイリドウホウジンマゴコロサービスシズオカトウブセンター,訪問介護,沼津市住吉町６番５号,,,,055-935-6515,,055-935-6517,,特定非営利活動法人まごころサービス静岡東部センター,2271100493,月～金,8/13～8/15及び12/29～1/3を除く,-,,
222038,,静岡県,沼津市,片浜在宅介護支援センター,カタハマザイタクカイゴシエンセンター,居宅介護支援,沼津市今沢字西畑372-5,,,,055-967-3717,,055-967-6000,,医療法人社団愛康会,2271100543,月～金,祝日、12/30～1/3を除く,-,,
222038,,静岡県,沼津市,グループホーム　和みの家,グループホーム　ナゴミノイエ,認知症対応型共同生活介護,沼津市大平1538-1,,,,055-935-6888,,055-931-2882,,社会福祉法人　信愛会,2271100568,月～日,,9,,
222038,,静岡県,沼津市,特別養護老人ホーム　和みの郷,トクベツヨウゴロウジンホーム　ナゴミノサト,介護老人福祉施設,沼津市大平１５３８－１,,,,055-935-5252,,055-933-7530,,社会福祉法人　信愛会,2271100568,月～日,,80,,
222038,,静岡県,沼津市,和みショートステイ,ナゴミショートステイ,短期入所生活介護,沼津市大平１５３８－１,,,,055-935-5252,,055-933-7530,,社会福祉法人　信愛会,2271100568,月～日,,20,,
222038,,静岡県,沼津市,和みデイサービス,ナゴミデイサービス,地域密着型通所介護,沼津市大平1538-1,,,,055-935-5252,,055-933-7530,,社会福祉法人　信愛会,2271100568,月～金,12/30～1/3を除く,18,,
222038,,静岡県,沼津市,有料老人ホーム　駿河の里,ユウリョウロウジンホーム　スルガノサト,特定施設入居者生活介護,沼津市大岡３４９７番地の２,,,,055-920-0307,,055-924-7690,,株式会社駿河シルバーサービス,2271100642,月～日,,47,,
222038,,静岡県,沼津市,シークケアサービス,シークケアサービス,居宅介護支援,沼津市小諏訪43-1,,,,055-929-6887,,055-929-6888,,シークケアサービス合資会社,2271100659,月～金,12/31～1/3を除く,-,,
222038,,静岡県,沼津市,シークケアサービス,シークケアサービス,訪問介護,沼津市小諏訪４３番地の１,,,,055-929-6887,,055-929-6888,,シークケアサービス合資会社,2271100659,月～日,12/31～1/3を除く,-,,
222038,,静岡県,沼津市,デイサービスシーク,デイサービスシーク,地域密着型通所介護,沼津市西沢田516-1,,,,055-943-5251,,055-943-5251,,シークケアサービス合資会社,2271100659,月～土,8/13～8/15及び12/31～1/3を除く,10,,
222038,,静岡県,沼津市,夢コープ沼津事業所,ユメコープヌマヅジギョウショ,居宅介護支援,沼津市大岡2137-14,,,,055-921-2214,,055-926-3775,,特定非営利活動法人ワーカーズコープ夢コープ,2271100667,月～金,祝日、12/29～1/3を除く,-,,
222038,,静岡県,沼津市,夢コープ沼津事業所,ユメコープヌマヅジギョウショ,訪問介護,沼津市大岡２１３７－１４,,,,055-921-2161,,055-926-3775,,特定非営利活動法人ワーカーズコープ夢コープ,2271100667,月～金,祝日と12/29～1/3を除く,-,,
222038,,静岡県,沼津市,グループホームふれあい奄美,グループホームフレアイアマミ,認知症対応型共同生活介護,沼津市下香貫楊原550-4,,,,055-934-5151,,055-934-5152,,株式会社在宅支援センターふれあい,2271100675,月～日,,18,,
222038,,静岡県,沼津市,ever優グループホーム沼津,エヴァーユウグループホームヌマヅ,認知症対応型共同生活介護,沼津市西添町10-12,,,,055-968-4650,,055-968-4652,,株式会社ever優,2271100691,月～日,,18,,
222038,,静岡県,沼津市,ever優デイサービス沼津,エヴァーユウデイサービスヌマヅ,地域密着型通所介護,沼津市西添町10-12,,,,055-968-4650,,055-968-4652,,株式会社ever優,2271100691,月～土,,10,,
222038,,静岡県,沼津市,介護ショップ　ワラビ,カイゴショップ　ワラビ,特定福祉用具販売、福祉用具貸与,沼津市原１７２１－１２,,,,055-968-6616,,055-968-6616,,有限会社ワラビ,2271100717,月～土　,年末年始休暇12/30～1/3を除く,-,,
222038,,静岡県,沼津市,デイサービスセンター　炉暖の郷,デイサービスセンター　ロダンノサト,通所介護,沼津市足高字尾上２４番２４,,,,055-927-3937,,055-927-3938,,社会福祉法人　炉暖会,2271100808,月～土,12/29～1/3を除く,35,,
222038,,静岡県,沼津市,ホームヘルプセンター炉暖の郷,ホームヘルプセンターロダンノサト,訪問介護,沼津市足高字尾上２４－２４,,,,055-927-3939,,055-927-3938,,社会福祉法人　炉暖会,2271100808,月～土　,12/30～1/3を除く,-,,
222038,,静岡県,沼津市,居宅介護支援事業　炉暖の郷,キョタクカイゴシエンジギョウ　ロダンノサト,居宅介護支援,沼津市足高字尾上24-24,,,,055-927-3936,,055-927-3938,,社会福祉法人　炉暖会,2271100808,月～金,祝日、12/29～1/3を除く,-,,
222038,,静岡県,沼津市,特別養護老人ホーム　炉暖の郷,トクベツヨウゴロウジンホーム　ロダンノサト,短期入所生活介護,沼津市足高字尾上２４－２４,,,,055-927-3939,,055-922-0889,,社会福祉法人　炉暖会,2271100808,月～日,,20,,
222038,,静岡県,沼津市,特別養護老人ホーム炉暖の郷,トクベツヨウゴロウジンホームロダンノサト,介護老人福祉施設,沼津市足高字尾上２４番地２４,,,,055-927-3939,,055-927-3938,,社会福祉法人　炉暖会,2271100808,月～日,,34,,従来型
222038,,静岡県,沼津市,コスモスまかど,コスモスマカド,通所介護,沼津市東間門１－３－３　１階,,,,055-964-0294,,055-964-2294,,株式会社コスモスケアサービス,2271100816,月～日,12/31～1/3を除く,34,,
222038,,静岡県,沼津市,沼津ケアセンターそよ風,ヌマヅケアセンターソヨカゼ,通所介護,沼津市中沢田字中沢３９１－１,,,,055-929-0165,,055-929-0166,,株式会社ユニマットリタイアメント･コミュニティ,2271100824,月～土,1/1～1/2を除く,29,,
222038,,静岡県,沼津市,沼津ケアセンターそよ風,ヌマヅケアセンターソヨカゼ,認知症対応型共同生活介護,沼津市中沢田391-1,,,,055-929-0165,,055-929-0166,,株式会社ユニマットリタイアメント･コミュニティ,2271100824,月～日,,27,,
222038,,静岡県,沼津市,グループホーム手鞠,グループホームテマリ,認知症対応型共同生活介護,沼津市西島町19-64,,,,055-928-7763,,055-933-2605,,特定非営利活動法人友愛ホーム,2271100832,月～日,,9,,
222038,,静岡県,沼津市,友愛デイサービス,ユウアイデイサービス,通所介護,沼津市西島町１９番６４号,,,,055-933-2571,,055-933-2605,,特定非営利活動法人友愛ホーム,2271100832,月～土,12/31～1/3を除く,20,,
222038,,静岡県,沼津市,グループホームつどい,グループホームツドイ,認知症対応型共同生活介護,沼津市東椎路1502-2,,,,055-941-7171,,055-941-7171,,企業組合　つどい,2271100841,月～日,,9,,
222038,,静岡県,沼津市,グループホーム春,グループホームハル,認知症対応型共同生活介護,沼津市岡一色450-1,,,,055-925-6600,,055-925-6602,,株式会社　日本ケアクオリティ,2271100873,月～日,,27,,
222038,,静岡県,沼津市,愛の家グループホーム沼津我入道,アイノイエグループホームヌマヅガニュウドウ,認知症対応型共同生活介護,沼津市我入道江川5-1,,,,055-935-0631,,055-935-0632,,メディカル・ケア・サービス株式会社,2271100923,月～日,,27,,
222038,,静岡県,沼津市,医療法人社団　すんとおる　駿賀苑,イリョウホウジンシャダン　スントオル　スルガエン,通所リハビリテーション,沼津市高沢町６－１,,,,055-922-8855,,055-922-8857,,医療法人　社団すんとおる,2271100964,-,,20,,
222038,,静岡県,沼津市,ケアプランセンターみはるの丘,ケアプランセンターミハルノオカ,居宅介護支援,沼津市平沼929-1,,,,055-969-2265,,055-969-3391,,社会福祉法人春風会,2271100972,月～土,12/31～1/3を除く,-,,
222038,,静岡県,沼津市,デイサービスセンターみはるの丘,デイサービスセンターミハルノオカ,通所介護,沼津市平沼９２９番地の１,,,,055-969-3363,,055-969-3385,,社会福祉法人春風会,2271100972,月～土,12/31～1/3を除く,30,,
222038,,静岡県,沼津市,デイサービスセンターみはるの丘,デイサービスセンターミハルノオカ,認知症対応型通所介護,沼津市平沼929-1,,,,055-969-3355,,055-969-3385,,社会福祉法人春風会,2271100972,月～土,,12,,
222038,,静岡県,沼津市,ヘルパーステーションみはるの丘,ヘルパーステーションミハルノオカ,訪問介護,沼津市平沼９２９－１,,,,055-969-3355,,055-969-3385,,社会福祉法人春風会,2271100972,月～土,12/31～1/3を除く,-,,
222038,,静岡県,沼津市,みはるの丘浮島,ミハルノオカウキシマ,介護老人福祉施設,沼津市平沼９２９－１,,,,055-969-3355,,055-969-3385,,社会福祉法人春風会,2271100972,月～日,,80,,
222038,,静岡県,沼津市,みはるの丘浮島,ミハルノオカウキシマ,短期入所生活介護,沼津市平沼９２９－１,,,,055-969-3355,,055-969-3385,,社会福祉法人春風会,2271100972,月～日,,16,,
222038,,静岡県,沼津市,デイサービス江原,デイサービスエバラ,地域密着型通所介護,沼津市江原町9-2,,,,055-921-9505,,055-921-9520,,東部在宅リハビリサービス有限会社,2271100998,月～金,祝日、夏季（８/13～8/15）、年末年始（12/30～1/3）を除く,10,,
222038,,静岡県,沼津市,ヘルパーステーション　あい,ヘルパーステーション　アイ,訪問介護,沼津市小諏訪４６７番地の４,,,,055-963-7704,,055-954-0767,,有限会社エス・アンド・トム,2271101004,月～土,12/29～1/3を除く,-,,
222038,,静岡県,沼津市,フランスベッド株式会社　メディカル　沼津営業所,フランスベッドカブシキガイシャ　メディカル　ヌマヅエイギョウショ,特定福祉用具販売、福祉用具貸与,沼津市寿町１０－１５,,,,055-929-7511,,055-926-7200,,フランスベッド株式会社,2271101012,月～土,祝日、8/13～8/15、12/31から1/3を除く,-,,
222038,,静岡県,沼津市,アサヒサンクリーン在宅介護センター沼津,アサヒサンクリーンザイタクカイゴセンターヌマヅ,訪問入浴介護,沼津市吉田町３－１０,,,,055-935-1165,,055-935-1166,,アサヒサンクリーン株式会社,2271101087,月～土,12/31～1/3を除く,-,,
222038,,静岡県,沼津市,ニチイケアセンターぬまづ,ニチイケアセンターヌマヅ,訪問介護,沼津市東熊堂４２－２,,,,055-920-6022,,055-925-3731,,株式会社ニチイ学館,2271101111,月～金,祝祭日、12/30～1/3を除く,-,,
222038,,静岡県,沼津市,白鳥デイサービスセンター,シラトリデイサービスセンター,通所介護,沼津市新沢田町７－３３,,,,055-929-7020,,055-929-7026,,有限会社沼津ケアセンター白鳥,2271101129,月～金,祝祭日、12/30～1/3、夏期休暇を除く,19,,
222038,,静岡県,沼津市,デイサービスあい,デイサービスアイ,地域密着型通所介護,沼津市小諏訪467-4,,,,055-963-7704,,055-954-0767,,有限会社エス・アンド・トム,2271101137,月～日,12/30から1/3までを除く,10,,
222038,,静岡県,沼津市,グループホームくすのき,グループホームクスノキ,認知症対応型共同生活介護,沼津市千本常盤町5-1,,,,055-954-1812,,055-954-1813,,株式会社　日本ケアクオリティ,2271101145,月～日,,18,,
222038,,静岡県,沼津市,居宅介護支援センターふれあい,キョタクカイゴシエンセンターフレアイ,居宅介護支援,沼津市大岡2284-1,　プレステージハイム1号室,,,055-926-1803,,055-926-1903,,株式会社在宅支援センターふれあい,2271101152,月～金,祝日、12/30～1/3を除く,-,,
222038,,静岡県,沼津市,有料老人ホーム　センチュリー万平,ユウリョウロウジンホーム　センチュリーマンペイ,特定施設入居者生活介護,沼津市大岡３７８１番地の１,,,,055-925-2506,,055-946-6037,,株式会社駿河シルバーサービス,2271101194,月～日,,70,,
222038,,静岡県,沼津市,ウェルビーイング大岡,ウェルビーイングオオオカ,特定施設入居者生活介護,沼津市大岡２２６２番地の４,,,,055-926-2100,,055-926-1802,,株式会社ウェルビーイング,2271101202,月～日,,44,,
222038,,静岡県,沼津市,通所介護まえむき,ツウショカイゴマエムキ,地域密着型通所介護,沼津市大岡3428-5,,,,055-922-1155,,055-922-1175,,有限会社まえむき,2271101236,月～金,12/30～1/3を除く,14,,
222038,,静岡県,沼津市,訪問介護まえむき,ホウモンカイゴマエムキ,訪問介護,沼津市大岡３４２８番地の５,,,,055-922-1155,,055-922-1175,,有限会社まえむき,2271101236,月～金,祝祭日、年末年始（12/30～1/3）は除く。,-,,
222038,,静岡県,沼津市,特定非営利活動法人　まごころサービス静岡東部センター「えがおの家」,トクテイヒエイリカツドウホウジン　マゴコロサービスシズオカトウブセンター「エガオノイエ」,地域密着型通所介護,沼津市住吉町6-5,,,,055-935-6515,,055-935-6517,,特定非営利活動法人　まごころサービス静岡東部センター,2271101244,月～金,12/31～1/3は除く,10,,
222038,,静岡県,沼津市,アースサポート沼津,アースサポートヌマヅ,居宅介護支援,沼津市岡宮７５５番地の１,,,,055-927-2500,,055-927-4411,,アースサポート株式会社,2271101277,月～金,12/30～1/3を除く,-,,
222038,,静岡県,沼津市,アースサポート沼津,アースサポートヌマヅ,地域密着型通所介護,沼津市岡宮755-1,,,,055-927-2500,,055-927-4411,,アースサポート株式会社,2271101277,月～土,12/30～1/3を除く,15,,
222038,,静岡県,沼津市,アースサポート沼津,アースサポートヌマヅ,訪問介護,沼津市岡宮７５５番地の１,,,,055-927-2500,,055-927-4411,,アースサポート株式会社,2271101277,月～日,,-,,
222038,,静岡県,沼津市,アースサポート沼津,アースサポートヌマヅ,訪問入浴介護,沼津市岡宮７５５番地の１,,,,055-927-2500,,055-927-4411,,アースサポート株式会社,2271101277,月・火・木・土,12/30～1/3を除く,-,,
222038,,静岡県,沼津市,シェルケアサービス,シェルケアサービス,訪問介護,沼津市筒井町１６番地の１,,,,055-927-2355,,055-927-2344,,有限会社シェル,2271101301,月～土,12/29～1/3を除く,-,,
222038,,静岡県,沼津市,グループホームふれあい香貫,グループホームフレアイカヌキ,認知症対応型共同生活介護,沼津市下香貫楊原530-16,,,,055-932-0130,,055-932-0131,,株式会社在宅支援センターふれあい,2271101335,月～日,,18,,
222038,,静岡県,沼津市,グループホームふれあい黄瀬川,グループホームフレアイキセガワ,認知症対応型共同生活介護,沼津市大岡四反畑266-9,,,,055-926-1800,,055-926-1802,,株式会社在宅支援センターふれあい,2271101343,月～日,,18,,
222038,,静岡県,沼津市,グループホームほのか,グループホームホノカ,認知症対応型共同生活介護,沼津市大岡905-6,,,,055-925-7003,,055-924-2223,,株式会社　日本ケアクオリティ,2271101351,月～日,,18,,
222038,,静岡県,沼津市,こずわ居宅介護支援事業所,コズワキョタクカイゴシエンジギョウショ,居宅介護支援,沼津市小諏訪467-4,,,,055-954-0766,,055-954-0767,,有限会社エス・アンド・トム,2271101376,月～金,祝日、12/29～1/3を除く,-,,
222038,,静岡県,沼津市,ラクト駅北ライフサポート,ラクトエキキタライフサポート,居宅介護支援,沼津市新宿町11-9,　野中ビル1-A,,,055-923-0625,,055-928-6309,,有限会社　楽土,2271101384,月～金,祝日、12/29～1/3を除く,-,,
222038,,静岡県,沼津市,リハビリサロンみなみ,リハビリサロンミナミ,地域密着型通所介護,沼津市下香貫藤井原1620-5,,,,055-935-5007,,055-935-5008,,株式会社大南堂,2271101426,月～土,祝祭日、年末年始（年度により異なる）、夏季休暇（年度により異なる）を除く,10,,
222038,,静岡県,沼津市,デイサービスひばり,デイサービスヒバリ,地域密着型通所介護,沼津市新沢田町4-10,,,,055-921-1221,,055-921-1198,,株式会社ＤＲＥＡＭ　ＣＯＭＥ　ＴＲＵＥ,2271101434,月～金,12/29～1/3を除く,10,,
222038,,静岡県,沼津市,ひばり居宅介護支援事業所,ヒバリキョタクカイゴシエンジギョウショ,居宅介護支援,沼津市新沢田町4-10,,,,055-921-1221,,055-921-1198,,株式会社ＤＲＥＡＭ　ＣＯＭＥ　ＴＲＵＥ,2271101434,月～金,12/29～1/3を除く,-,,
222038,,静岡県,沼津市,パートナー,パートナー,特定福祉用具販売、福祉用具貸与,沼津市岡一色５７４番地の５,,,,055-925-2360,,055-920-3379,,有限会社アモマ,2271101442,月～金,祝日及び12/29～1/4を除く,-,,
222038,,静岡県,沼津市,あおい居宅介護支援事業所,アオイキョタクカイゴシエンジギョウショ,居宅介護支援,沼津市高島本町16-16,　高島本町ビル2階,,,055-924-3871,,055-926-6730,,株式会社イー・ケア,2271101475,月～金,祝日、年末年始を除く,-,,
222038,,静岡県,沼津市,ポプラ訪問介護ステーション沼津,ポプラホウモンカイゴステーションヌマヅ,訪問介護,沼津市大諏訪２３４,,,,055-952-1110,,055-952-1111,,株式会社イー・ケア,2271101491,月～日,,-,,
222038,,静岡県,沼津市,ショートステイ　陽光園,ショートステイ　ヨウコウエン,短期入所生活介護,沼津市岡宮字下松沢１４１７番地の１,,,,055-924-5665,,055-924-6866,,社会福祉法人珀寿会,2271101509,月～日,,10,,
222038,,静岡県,沼津市,デイサービスセンター　陽光園,デイサービスセンター　ヨウコウエン,通所介護,沼津市岡宮字下松沢１４１７番地の１,,,,055-924-5665,,055-924-6866,,社会福祉法人珀寿会,2271101509,月～金,12/30～1/3を除く,30,,
222038,,静岡県,沼津市,特別養護老人ホーム　陽光園,トクベツヨウゴロウジンホーム　ヨウコウエン,介護老人福祉施設,沼津市岡宮字下松沢１４１７番地の１,,,,055-924-5665,,055-924-6866,,社会福祉法人珀寿会,2271101509,月～日,,80,,
222038,,静岡県,沼津市,陽光園　居宅介護支援事業所,ヨウコウエン　キョタクカイゴシエンジギョウショ,居宅介護支援,沼津市岡宮字下松沢1417-1,,,,055-924-5665,,055-924-6866,,社会福祉法人珀寿会,2271101509,月～金,祝日、12/30～1/3を除く,-,,
222038,,静岡県,沼津市,ほっと介護みのり　沼津センター,ホットカイゴミノリ　ヌマヅセンター,訪問介護,沼津市西条町１０４,東和第２ビル５階,,,055-952-4670,,055-952-4680,,東和テック株式会社,2271101517,月～金,12/30～1/3、祝日は除く,-,,
222038,,静岡県,沼津市,セントケア平町,セントケアヒラマチ,居宅介護支援,沼津市大岡1551-2,　 第８平成ビル101号,,,055-964-2531,,055-964-2532,,セントケア静岡株式会社,2271101541,月～金,祝日、12/31～1/3を除く,-,,
222038,,静岡県,沼津市,セントケア平町,セントケアヒラマチ,訪問介護,沼津市大岡１５５１－２,　第８平成ビル１０１号,,,055-964-2531,,055-964-2532,,セントケア静岡株式会社,2271101541,月～金,祝祭日、年末年始を除く,-,,
222038,,静岡県,沼津市,岡宮グリーンヒル,オカノミヤグリーンヒル,特定施設入居者生活介護,沼津市岡宮１１８２－１,,,,055-928-6811,,055-928-6833,,社会福祉法人　駿河厚生会,2271101566,月～日,,60,,
222038,,静岡県,沼津市,岡宮グリーンヒルデイサービス,オカノミヤグリーンヒルデイサービス,地域密着型通所介護,沼津市岡宮1182-1,,,,055-928-6822,,055-928-6833,,社会福祉法人　駿河厚生会,2271101566,月～金,12/29～1/3を除く,18,,
222038,,静岡県,沼津市,倶楽部リーフ,クラブリーフ,地域密着型通所介護,沼津市下香貫宮脇188-15,,,,055-935-0622,,055-935-0623,,有限会社　介護サービス　キャッスル,2271101574,月～金,12/30～1/3を除く,15,,
222038,,静岡県,沼津市,コスモス沼津,コスモスヌマヅ,居宅介護支援,沼津市東間門1-3-3,,,,055-952-2940,,055-952-2946,,株式会社コスモスケアサービス,2271101582,月～金,祝日、12/31～1/3を除く,-,,
222038,,静岡県,沼津市,コスモス沼津,コスモスヌマヅ,訪問介護,沼津市東間門１－３－３,,,,055-952-2940,,055-952-2946,,株式会社コスモスケアサービス,2271101582,月～土,12/31～1/3を除く,-,,
222038,,静岡県,沼津市,コスモス沼津,コスモスヌマヅ,訪問入浴介護,沼津市東間門１－３－３,,,,055-952-2940,,055-952-2946,,株式会社コスモスケアサービス,2271101582,月～土,12/31～1/3を除く,-,,
222038,,静岡県,沼津市,デイサービスセンターあいの街沼津,デイサービスセンターアイノマチヌマヅ,通所介護,沼津市沢田町１０番１２号,,,,055-921-1165,,055-929-2389,,株式会社アイケア,2271101624,月～土,1/1～1/3を除く,25,,
222038,,静岡県,沼津市,訪問介護事業所古宇養護老人ホーム　遊法苑,ホウモンカイゴジギョウショコウヨウゴロウジンホーム　ユウホウソノ,訪問介護,沼津市西浦古宇１３－１４,,,,055-942-3700,,055-946-2101,,社会福祉法人　宏寿会,2271101681,月～土,,-,,
222038,,静岡県,沼津市,白鳥介護支援サービス駅南店,シラトリカイゴシエンサービスエキナンテン,居宅介護支援,沼津市大手町一丁目1-11,,,,055-963-6094,,055-963-6097,,有限会社沼津ケアセンター白鳥,2271101731,月～金,祝日、8/13～8/15、12/29～1/3を除く,-,,
222038,,静岡県,沼津市,一本松短期入所生活介護事業所,イッポンマツタンキニュウショセイカツカイゴジギョウショ,短期入所生活介護,沼津市一本松１７５,,,,055-969-3377,,055-969-3378,,社会福祉法人　大乗会,2271101764,月～日,,10,,
222038,,静岡県,沼津市,特別養護老人ホーム一本松,トクベツヨウゴロウジンホームイッポンマツ,介護老人福祉施設,沼津市一本松１７５,,,,055-969-3377,,055-969-3378,,社会福祉法人　大乗会,2271101764,月～日,,80,,
222038,,静岡県,沼津市,デイサービスふれあいレジデンス大岡,デイサービスフレアイレジデンスオオオカ,通所介護,沼津市大岡２３２５番地の６,,,,055-926-6888,,055-926-6886,,株式会社ウェルビーイング,2271101780,月～土,12/30～1/3を除く,25,,
222038,,静岡県,沼津市,通所介護ちょうどえ～,ツウショカイゴチョウドエー,通所介護,沼津市青野１４-２,,,,055-969-0127,,055-969-0128,,株式会社俊,2271101806,月～日,,25,,
222038,,静岡県,沼津市,ケアプランセンター　びしん,ケアプランセンター　ビシン,居宅介護支援,沼津市岡宮1378-19,,,,055-929-6255,,055-960-8678,,株式会社　美心,2271101814,月～金,祝日、12/29～1/3を除く,-,,
222038,,静岡県,沼津市,介護ショップ　びしん,カイゴショップ　ビシン,特定福祉用具販売、福祉用具貸与,沼津市岡宮１３７８番地の１９,,,,055-929-6255,,055-960-8678,,株式会社　美心,2271101814,月～金,土日祝日、12/29～1/3を除く,-,,
222038,,静岡県,沼津市,ケアセンターまちなか,ケアセンターマチナカ,訪問介護,沼津市下香貫山宮前3078番地の45,,,,055-941-7561,,055-941-7562,,株式会社きずな,2271101822,月～日,12/27～1/4を除く,-,,
222038,,静岡県,沼津市,居宅介護支援事業所ケアセンターまちなか,キョタクカイゴシエンジギョウショケアセンターマチナカ,居宅介護支援,沼津市下香貫山宮前3078-45,,,,055-941-7561,,055-941-7562,,株式会社きずな,2271101822,月～金,,-,,
222038,,静岡県,沼津市,通所介護つばき庵,ツウショカイゴツバキアン,地域密着型通所介護,沼津市下香貫山宮前3078-45,,,,055-941-7561,,055-941-7562,,株式会社きずな,2271101822,月～日,,月～金15人、土～日10人,,
222038,,静岡県,沼津市,デイサービス「どうぞの家」,デイサービス「ドウゾノイエ」,地域密着型通所介護,沼津市岡宮1026-20,,,,055-926-7765,,055-926-7763,,特定非営利活動法人ワーカーズコープ夢コープ,2271101830,月～土,12/29～1/3を除く,10,,
222038,,静岡県,沼津市,リハビリサロンゆう和,リハビリサロンユウワ,地域密着型通所介護,沼津市新宿町11-8,,,,055-929-1620,,055-929-1621,,株式会社メディケア大南堂,2271101855,月～土,祝日、年末年始（年度により異なる）、夏季（年度により異なる）を除く,10,,
222038,,静岡県,沼津市,デイサービスセンター青空,デイサービスセンターアオゾラ,地域密着型通所介護,沼津市小諏訪15-1,,,,055-924-9020,,055-927-2600,,社会福祉法人青空,2271101863,月～金,12/29～1/3を除く但し必要に応じて変更する場合がある,18,,
222038,,静岡県,沼津市,有料老人ホーム青空,ユウリョウロウジンホームアオゾラ,特定施設入居者生活介護,沼津市小諏訪１５－１,,,,055-926-9600,,055-927-2600,,社会福祉法人青空,2271101863,月～日,,18,,
222038,,静岡県,沼津市,たいようデイサービスセンター,タイヨウデイサービスセンター,地域密着型通所介護,沼津市原町中一丁目8-1,,,,055-966-5541,,055-919-4357,,株式会社ＡＳＡ,2271101897,月～土,日曜・祝祭日・ＧＷ・年末年始を除く,10,,
222038,,静岡県,沼津市,デイサービス大諏訪の家,デイサービスオオズワノイエ,地域密着型通所介護,沼津市大諏訪369-1,,,,055-941-7751,,055-941-7752,,有限会社フェイス,2271101913,月～日,,10,,
222038,,静岡県,沼津市,有料老人ホーム　アージェントきせがわ,ユウリョウロウジンホーム　アージェントキセガワ,特定施設入居者生活介護,沼津市大岡１１５２番地,,,,055-964-1177,,055-964-1188,,株式会社アージェント,2271101970,月～日,,47,,
222038,,静岡県,沼津市,ケアサロン．カシミヤ,ケアサロン　カシミヤ,訪問介護,沼津市沢田町２番１号,,,,055-941-7084,,055-941-7094,,合同会社カシミヤ,2271101988,月～金,12/29～1/3を除く,-,,
222038,,静岡県,沼津市,デイサービスみのり,デイサービスミノリ,地域密着型通所介護,沼津市石川509-1,,,,055-969-2366,,055-969-2367,,有限会社エス・アンド・トム,2271101996,月～土,12/29～1/3を除く,10,,
222038,,静岡県,沼津市,ハートフルケアさくら本店事業所,ハートフルケアサクラホンテンジギョウショ,訪問介護,沼津市大岡３２２８番地の７,,,,055-941-7528,,055-941-7529,,ハートフルケアさくら合同会社,2271102002,月～金,12/29～1/3を除く,-,,
222038,,静岡県,沼津市,居宅介護支援センターさくら,キョタクカイゴシエンセンターサクラ,居宅介護支援,沼津市大岡3228-7,,,,055-924-6767,,055-941-7529,,ハートフルケアさくら合同会社,2271102002,月～金,祝日、12/29～1/3を除く,-,,
222038,,静岡県,沼津市,ニチイケアセンター　沼津中央,ニチイケアセンター　ヌマヅチュウオウ,訪問入浴介護,沼津市我入道東町１２３－１,,,,055-935-1813,,055-931-2050,,株式会社ニチイ学館,2271102028,月～土,12/30～1/3を除く,-,,
222038,,静岡県,沼津市,ロータスケア居宅介護支援事業所,ロータスケアキョタクカイゴシエンジギョウショ,居宅介護支援,沼津市岡宮443,　城北ハイツ２号館,,,055-957-9393,,055-957-9394,,株式会社内田祥三建築事務所,2271102036,月～金,祝日、12/29～1/3を除く,-,,
222038,,静岡県,沼津市,ロータスケア訪問介護事業所,ロータスケアホウモンカイゴジギョウショ,訪問介護,沼津市岡宮４４３,　城北ハイツ２号館,,,055-922-3470,,055-957-9394,,株式会社内田祥三建築事務所,2271102036,月～日,,-,,
222038,,静岡県,沼津市,健康いきいきクラブ,ケンコウイキイキクラブ,地域密着型通所介護,沼津市上香貫宮原町1513-6,,,,055-933-3355,,055-933-3357,,株式会社S＆C,2271102044,月～土,国民の休日、夏季休暇及び12/29～1/3を除く,10,,
222038,,静岡県,沼津市,デイサービスセンター高砂,デイサービスセンタータカサゴ,地域密着型通所介護,沼津市高砂町2-5,,,,055-941-5682,,055-941-6132,,社会福祉法人博友会,2271102051,月～金,12/31～1/3を除く,15,,
222038,,静岡県,沼津市,高砂居宅介護支援センター,タカサゴキョタクカイゴシエンセンター,居宅介護支援,沼津市高砂町2-5,,,,055-941-5683,,055-941-6134,,社会福祉法人博友会,2271102051,月～金,祝日、12/31～1/3を除く,-,,
222038,,静岡県,沼津市,特別養護老人ホーム高砂,トクベツヨウゴロウジンホームタカサゴ,介護老人福祉施設,沼津市高砂町１番地５,,,,055-941-5681,,055-941-6131,,社会福祉法人博友会,2271102051,月～日,,80,,
222038,,静岡県,沼津市,デイサービス東椎路の家,デイサービスヒガシシイジノイエ,地域密着型通所介護,沼津市東椎路1201-11,,,,055-943-7485,,055-943-7486,,有限会社フェイス,2271102069,月～日,,10,,
222038,,静岡県,沼津市,ベルメディカルケア株式会社　沼津営業所,ベルメディカルケアカブシキガイシャ　ヌマヅエイギョウショ,特定福祉用具販売、福祉用具貸与,沼津市大諏訪８８１－１,,,,055-929-7522,,055-926-7558,,ベルメディカルケア株式会社,2271102085,月～金,祝祭日、12/30～1/3を除く,-,,
222038,,静岡県,沼津市,デイサービス「すまいる」,デイサービス「スマイル」,地域密着型通所介護,沼津市下小路町25番地,,,,055-954-1122,,054-954-1121,,株式会社グレースヒル,2271102119,月～土,12/29から1/3を除く,10,,
222038,,静岡県,沼津市,短期入所生活介護　ニューあしたかホーム,タンキニュウショセイカツカイゴ　ニューアシタカホーム,短期入所生活介護,沼津市東椎路１７４２番地の１,,,,055-967-1166,,055-967-3566,,社会福祉法人春風会,2271102127,月～日,,-,,
222038,,静岡県,沼津市,特別養護老人ホーム　ニューあしたかホーム,トクベツヨウゴロウジンホーム　ニューアシタカホーム,介護老人福祉施設,沼津市東椎路１７４２番地の１,,,,055-967-1166,,055-967-3566,,社会福祉法人春風会,2271102127,月～日,,-,,
222038,,静岡県,沼津市,デイサービスあい岡一色,デイサービスアイオカイッシキ,地域密着型通所介護,沼津市岡一色208-14,,,,055-929-1020,,055-929-1021,,有限会社エス・アンド・トム,2271102176,月～土,12/30から1/3を除く,10,,
222038,,静岡県,沼津市,株式会社トーカイ　沼津営業所,カブシキガイシャトーカイ　ヌマヅエイギョウショ,特定福祉用具販売、福祉用具貸与,沼津市大諏訪４９０番地１,,,,055-929-0210,,055-926-7310,,株式会社トーカイ,2271102218,月～金,国民の祝日及び12/31～1/3を除く,-,,
222038,,静岡県,沼津市,「グランドケア東名」訪問介護事業所,「グランドケアトウメイ」ホウモンカイゴジギョウショ,訪問介護,沼津市岡宮1286番地の５,,,,055-924-7111,,055-924-7113,,メイト株式会社,2271102226,月～金,祝祭日、12/30～1/3は除く,-,,
222038,,静岡県,沼津市,ウェルビーイング岡宮,ウェルビーイングオカノミヤ,特定施設入居者生活介護,沼津市岡宮５７５番地の１,,,,055-943-5630,,055-943-5631,,株式会社ウェルビーイング,2271102234,月～日,,60,,
222038,,静岡県,沼津市,サニーライフ沼津　居宅介護支援事業所,サニーライフヌマヅ　キョタクカイゴシエンジギョウショ,居宅介護支援,沼津市白銀町2-1,,,,055-962-3600,,055-962-3601,,株式会社川島コーポレーション,2271102259,月～日,,-,,
222038,,静岡県,沼津市,アイズ介護用品,アイズカイゴヨウヒン,特定福祉用具販売、福祉用具貸与,沼津市高島本町３－１８,マルスン沼津ビル１階,,,055-926-1235,,055-926-1236,,一般社団法人のどか,2271102267,月～金,祝日、12/29～1/3を除く,-,,
222038,,静岡県,沼津市,サニーウォークケアプランセンター,サニーウォークケアプランセンター,居宅介護支援,沼津市新沢田町7-43,　シティパル新沢田103,,,055-924-8737,,055-928-4533,,株式会社サニーウォーク,2271102283,月～金,祝日、12/29～1/3を除く,-,,
222038,,静岡県,沼津市,訪問介護事業所アージェント,ホウモンカイゴジギョウショアージェント,訪問介護,沼津市千本西町４０番地,,,,055-946-5728,,055-946-5738,,株式会社アージェント,2271102291,月～日,,-,,
222038,,静岡県,沼津市,デイサービス　アージェント千本,デイサービス　アージェントセンボン,地域密着型通所介護,沼津市千本西町40,,,,055-946-5728,,055-946-5738,,株式会社アージェント,2271102309,月～土,12/30～1/3を除く,18,,
222038,,静岡県,沼津市,介護支援ショップ　フィットサポート福祉用具貸与事業所,カイゴシエンショップ　フィットサポートフクシヨウグタイヨジギョウショ,特定福祉用具販売、福祉用具貸与,沼津市西沢田１１１１番地の５,,,,055-943-6917,,055-943-6918,,株式会社フィットサポート,2271102325,月～金,祝日、12/30～1/3を除く,-,,
222038,,静岡県,沼津市,通所介護　ちょうどえ～２号館,ツウショカイゴ　チョウドエ－ニゴウカン,通所介護,沼津市岡宮９９７番地の３,,,,055-924-2828,,055-924-2829,,株式会社俊,2271102358,月～日,,25,,
222038,,静岡県,沼津市,レッツ倶楽部　沼津,レッツクラブ　ヌマヅ,地域密着型通所介護,沼津市御幸町20-11,,,,055-946-6101,,055-946-6102,,株式会社ジェイ・ティ,2271102408,月～土,12/31～1/4を除く,月・火・木・金15人、水９人、土10人,,
222038,,静岡県,沼津市,沼津やわらぎ,ヌマヅヤワラギ,訪問介護,沼津市白銀町２－１,,,,055-962-3600,,055-962-3601,,株式会社川島コーポレーション,2271102440,月～日,,-,,
222038,,静岡県,沼津市,株式会社フロンティア　静岡営業所,カブシキガイシャフロンティア　シズオカエイギョウショ,特定福祉用具販売、福祉用具貸与,沼津市上香貫槙島町１２６５番地,,,,055-934-3024,,055-933-0886,,株式会社フロンティア,2271102457,月～土,祝日及び12/30～1/3を除く,-,,
222038,,静岡県,沼津市,デイサービスはまゆう,デイサービスハマユウ,通所介護,沼津市大岡３８８２番地,,,,055-941-5665,,055-941-7624,,株式会社スローライフ,2271102465,月～日,,24,,
222038,,静岡県,沼津市,デイサービス　ルンルン,デイサービス　ルンルン,地域密着型通所介護,沼津市岡宮1111,,,,055-922-1225,,055-922-1226,,株式会社内田祥三建築事務所,2271102499,月～金,12/29～1/3を除く,18,,
222038,,静岡県,沼津市,えがわ医院居宅介護支援事業所,エガワイインキョタクカイゴシエンジギョウショ,居宅介護支援,沼津市高島本町12-20,,,,055-928-4136,,055-921-5173,,ソレイユコーポレーション株式会社,2271102507,月～金,祝日、12/28～1/3、8/11～8/15を除く,-,,
222038,,静岡県,沼津市,デイサービスひとつ,デイサービスヒトツ,地域密着型通所介護,沼津市青野315-1,,,,055-955-7330,,055-955-7331,,株式会社パワー・オブ・ワン,2271102515,月～日,12/31～1/3は除く,13,,
222038,,静岡県,沼津市,ホームヘルプサービスひとつ,ホームヘルプサービスヒトツ,訪問介護,沼津市青野３１５番地の１,,,,055-955-7330,,055-955-7331,,株式会社パワー・オブ・ワン,2271102515,月～日,12/31～1/3を除く,-,,
222038,,静岡県,沼津市,在宅ケアかどいけ,ザイタクケアカドイケ,訪問介護,沼津市大岡３１９６－１,Ｂ－１０１,,,055-994-9841,,055-994-9842,,在宅ケアサービスかどいけ合同会社,2271102531,月～土,12/30～1/4を除く,-,,
222038,,静岡県,沼津市,ケアステーションあさひ沼津片浜,ケアステーションアサヒヌマヅカタハマ,通所介護,沼津市松長３０２番地３,,,,055-969-2520,,055-968-5787,,株式会社ヴァティー,2271102556,月～日,,35,,
222038,,静岡県,沼津市,友愛みなとデイサービス,ユウアイミナトデイサービス,地域密着型通所介護,沼津市千本東町33,,,,055-955-7717,,055-933-2605,,特定非営利活動法人友愛ホーム,2271102564,月～土,12/31～1/3を除く,10,,
222038,,静岡県,沼津市,友愛居宅介護支援事業所,ユウアイキョタクカイゴシエンジギョウショ,居宅介護支援,沼津市千本東町33,,,,055-928-7762,,055-928-7775,,特定非営利活動法人友愛ホーム,2271102564,月～金,12/31～1/3を除く,-,,
222038,,静岡県,沼津市,友愛訪問介護サービス,ユウアイホウモンカイゴサービス,訪問介護,沼津市千本東町３３,,,,055-928-7761,,055-928-7775,,特定非営利活動法人友愛ホーム,2271102564,日～土,12/31～1/3までは、電話等により２４時間常時連絡が可能な体制とする,-,,
222038,,静岡県,沼津市,ケアステーションこころ沼津大岡,ケアステーションココロヌマヅオオオカ,訪問介護,沼津市大岡１６７番１号,　ひばりヶ丘マンションＤ１０１号室,,,055-941-9203,,055-941-9205,,ＫＴＳ株式会社,2271102572,月～金,1/1～1/3は除く,-,,
222038,,静岡県,沼津市,ホームケアサービスこころ,ホームケアサービスココロ,居宅介護支援,沼津市大岡167-1,　ひばりヶ丘マンションD棟103号室,,,055-941-9203,,055-941-9204,,ＫＴＳ株式会社,2271102572,月～金,祝日、12/30～1/3を除く,-,,
222038,,静岡県,沼津市,ホームケアサービスこころ,ホームケアサービスココロ,特定福祉用具販売、福祉用具貸与,沼津市大岡１０８０番地,,,,055-939-5222,,055-939-5223,,ＫＴＳ株式会社,2271102572,月～金,祝日・8/15～8/17・12/30～1/3は除く,-,,
222038,,静岡県,沼津市,デイサービス下香貫の家,デイサービスシモカヌキノイエ,地域密着型通所介護,沼津市下香貫前原1484-7,,,,055-955-7951,,055-955-7952,,有限会社フェイス,2271102598,月～日,,13,,
222038,,静岡県,沼津市,ケアステーションあさひ沼津香貫,ケアステーションアサヒヌマヅカヌキ,通所介護,沼津市上香貫二瀬川町１４８６番１４,,,,055-933-3177,,055-933-3178,,株式会社ヴァティー,2271102606,月～日,,35,,
222038,,静岡県,沼津市,あしたかホーム　ホームヘルプサービス,アシタカホーム　ホームヘルプサービス,訪問介護,沼津市東椎路１６３９番地の１,,,,055-967-8560,,055-967-3566,,社会福祉法人春風会,2271102655,月～土,12/31～1/3は除く,-,,
222038,,静岡県,沼津市,居宅介護支援事業所まぁる,キョタクカイゴシエンジギョウショマァル,居宅介護支援,沼津市下香貫宮脇151-1,　サンライフセラM102,,,055-933-6056,,055-933-6057,,株式会社ポジティブ・ケアワークス,2271102663,月～金,祝日、12/30～1/3を除く,-,,
222038,,静岡県,沼津市,訪問介護まぁる,ホウモンカイゴマァル,訪問介護,沼津市下香貫宮脇151－1,サンライフセラＭ102,,,055-933-6056,,055-933-6057,,株式会社ポジティブ・ケアワークス,2271102663,月～金,国民の祝日、12/30～1/3までは休業,-,,
222038,,静岡県,沼津市,ル・グランケアプランセンター,ル・グランケアプランセンター,居宅介護支援,沼津市大岡1043-28,,,,055-934-5887,,055-941-5057,,株式会社　ル・グラン,2271102671,月～金,祝日、12/29～1/3を除く,-,,
222038,,静岡県,沼津市,ル・グランパートナー,ル・グランパートナー,福祉用具貸与,沼津市大岡１０４３番地２８,,,,055-934-5877,,055-941-5057,,株式会社　ル・グラン,2271102671,月～金,祝日、12/29～1/3を除く,-,,
222038,,静岡県,沼津市,ケアプランセンターひまわり,ケアプランセンターヒマワリ,居宅介護支援,沼津市原1535-1,,,,055-955-8083,,055-955-8084,,ひまわり株式会社,2271102697,月～金,祝日、8/12～8/15、12/30～1/5を除く,-,,
222038,,静岡県,沼津市,ヘルパーステーションひまわり,ヘルパーステーションヒマワリ,訪問介護,沼津市原1535番地の１,,,,055-955-8083,,055-955-8084,,ひまわり株式会社,2271102697,月～金,祝日及び8/12～8/15、12/30～1/5を除く,-,,
222038,,静岡県,沼津市,クサガヤ　訪問介護事業所,クサガヤ　ホウモンカイゴジギョウショ,訪問介護,沼津市鳥谷５－１,,,,055-967-0505,,055-967-2973,,株式会社クサガヤ急送,2271102713,月～金　,祝日、12/29～1/4及び8/14～8/17を除く,-,,
222038,,静岡県,沼津市,デイサービス　トラス,デイサービス　トラス,通所介護,沼津市北園町３－１２,,,,055-922-6055,,055-922-6056,,株式会社トラス,2271102721,月～土と祝祭日,12/30～1/3を除く,20,,
222038,,静岡県,沼津市,デイサービス輝寿,デイサービスキジュ,地域密着型通所介護,沼津市松長51-8,,,,055-955-8568,,055-955-8569,,合同会社輝寿,2271102739,月～日,12/31～1/3を除く,10,,
222038,,静岡県,沼津市,オーチャード沼津,オーチャードヌマヅ,居宅介護支援,沼津市新宿町9-5,,,,055-929-6230,,055-924-5711,,オーチャード・ケア株式会社,2271102747,月～金,,-,,
222038,,静岡県,沼津市,オーチャード沼津,オーチャードヌマヅ,特定施設入居者生活介護,沼津市新宿町９番地の５,,,,055-929-6230,,055-924-5711,,オーチャード・ケア株式会社,2271102747,月～日,,62,,
222038,,静岡県,沼津市,アスモ介護サービス錦,アスモカイゴサービスニシキ,訪問介護,沼津市西間門４７０－１,,,,055-964-0887,,055-964-0888,,株式会社アスモ介護サービス,2271102754,月～日,,-,,
222038,,静岡県,沼津市,自立サポートセンターぶるーすかい,ジリツサポートセンターブルースカイ,訪問介護,沼津市錦町６７５番地の１６,　勝呂ビルＢ,,,055-955-8857,,055-955-8857,,合同会社ぶるーすかい,2271102796,月～金,国民の祝日、12/28～1/4を除く,-,,
222038,,静岡県,沼津市,ケアハウスやまぼうし,ケアハウスヤマボウシ,特定施設入居者生活介護,沼津市足高２５１番地の７,,,,055-925-2660,,055-925-2661,,社会福祉法人博友会,2271102804,月～日,,60,,
222038,,静岡県,沼津市,沼津ショートステイそよ風,ヌマヅショートステイソヨカゼ,短期入所生活介護,沼津市岡宮１１５９,,,,055-929-1127,,055-929-1128,,株式会社ユニマットリタイアメント･コミュニティ,2271102838,月～日,,45,,
222038,,静岡県,沼津市,ショートステイ　ノアノア,ショートステイ　ノアノア,短期入所生活介護,沼津市大平字出水２８０４番１,,,,055-933-7521,,055-933-7502,,社会福祉法人ウェルネスケア,2271102846,月～日,,20,,
222038,,静岡県,沼津市,デイサービス　のあのあ,デイサービス　ノアノア,通所介護,沼津市大平字出水２８０４番１,,,,055-933-7520,,055-933-7502,,社会福祉法人ウェルネスケア,2271102846,月～土,1/1～1/3を除く,23,,
222038,,静岡県,沼津市,リゾートハウス　サワディー,リゾートハウス　サワディー,地域密着型通所介護,沼津市大平字大久保2233-3,,,,055-955-9261,,055-955-9262,,特定非営利活動法人　優輪会,2271102861,月～金,12/30から1/3を除く,10,,
222038,,静岡県,沼津市,特別養護老人ホーム　炉暖の郷,トクベツヨウゴロウジンホーム　ロダンノサト,介護老人福祉施設,沼津市足高字尾上２４番２４,,,,055-927-3939,,055-922-0889,,社会福祉法人　炉暖会,2271102879,月～日,,66,,ユニット型
222038,,静岡県,沼津市,ライフケアセンターよつば,ライフケアセンターヨツバ,特定施設入居者生活介護,沼津市吉田町１５番７号,,,,055-935-6166,,055-933-2201,,一般社団法人よつば,2271102895,月～日,,21,,
222038,,静岡県,沼津市,訪問介護サービスＳＯＲＡ,ホウモンカイゴサービスソラ,訪問介護,沼津市中瀬町３番３３号,,,,055-933-1123,,055-957-8213,,合同会社ＳＯＲＡ,2271102903,月～金,国民の祝日（振替休日を含む）及び年末年始（12/30から1/3）を除く,-,,
222038,,静岡県,沼津市,デイサービスやすらぎ,デイサービスヤスラギ,地域密着型通所介護,沼津市住吉町5-18,,,,055-931-6162,,055-931-6196,,株式会社ＡＲＣ,2271102929,月～土,12/30～1/4を除く,18,,
222038,,静岡県,沼津市,デイサロン・エスコート　参番館,デイサロン・エスコート　サンバンカン,地域密着型通所介護,沼津市下香貫楊原762-21,,,,055-935-0330,,055-935-0332,,特定非営利活動法人絆,2271102937,月～日,,月～土15人、日13人,,
222038,,静岡県,沼津市,居宅介護支援センター　エスコート,キョタクカイゴシエンセンター　エスコート,居宅介護支援,沼津市楊原764-1,,,,055-935-0331,,055-935-0332,,特定非営利活動法人絆,2271102937,月～金,12/30～1/3を除く,-,,
222038,,静岡県,沼津市,リハビリデイ　あかつき,リハビリデイ　アカツキ,通所介護,沼津市高島本町１２番２０号,,,,055-928-7288,,055-921-5173,,ソレイユコーポレーション株式会社,2271102978,月～土,祝祭日、お盆休み（8/13～8/17）、年末年始（12/29～1/3）を除く,20,,
222038,,静岡県,沼津市,はら居宅介護支援事業所,ハラキョタクカイゴシエンジギョウショ,居宅介護支援,沼津市原町中2丁目7-11　101号,,,,055-941-8333,,055-941-8334,,社会福祉法人春風会,2271103000,月～土,12/31～1/3を除く,-,,
222038,,静岡県,沼津市,ケアコンシェル　ふれみあ,ケアコンシェル　フレミア,居宅介護支援,沼津市岡宮１２７７－５１,,,,055-924-7652,,055-924-7651,,株式会社Ｓクリエイト,2271103034,月～金,12/29から1/3、祝祭日を除く,-,,
222038,,静岡県,沼津市,大岡居宅介護支援事業所,オオオカキョタクカイゴシエンジギョウショ,居宅介護支援,沼津市岡宮1147-8,,,,055-939-6701,,055-939-6711,,社会福祉法人　駿河厚生会,2271103042,月～金,祝日、12/30～1/3を除く,-,,
222038,,静岡県,沼津市,ル・グランヘルパーステーション,ル・グランヘルパーステーション,訪問介護,沼津市大岡１０４３－２８,,,,055-968-1800,,055-968-1801,,株式会社　ル・グラン,2271103059,月～日,,-,,
222038,,静岡県,沼津市,クローバー,クローバー,訪問介護,沼津市大岡3317,,,,055-924-0710,,055-924-0716,,株式会社クローバー,2271103067,日～土,,-,,
222038,,静岡県,沼津市,デイサービス　アリスガーデン豊町,デイサービス　アリスガーデンユタカチョウ,通所介護,沼津市豊町１２番３,,,,055-939-7007,,055-939-5889,,株式会社エーワイ,2271103075,月～金,ただし、祝日、12/29～1/3、8/13～8/15を除く,28,,
222038,,静岡県,沼津市,訪問介護事業所アリスガーデン,　ホウモンカイゴジギョウショアリスガーデン,訪問介護,沼津市豊町１２番３,,,,055-939-5888,,055-939-5889,,株式会社エーワイ,2271103075,月～金,祝日、12/29～1/3を除く,-,,
222038,,静岡県,沼津市,デイサービス　さん・さぽーと,デイサービス　サン・サポート,通所介護,沼津市岡宮字洞畑９９１番地３０,,,,055-955-4114,,055-994-9466,,株式会社サン・サポート,2271103091,日～土,,28,,
222038,,静岡県,沼津市,訪問介護ステーション　さん・さぽーと,ホウモンカイゴステーション　サン・サポート,訪問介護,沼津市岡宮９９１番地３０,,,,055-955-4114,,055-994-9466,,株式会社サン・サポート,2271103109,月～日,,-,,
222038,,静岡県,沼津市,有限会社サンパックケアサービス,ユウゲンガイシャサンパックケアサービス,福祉用具貸与,沼津市志下１６８番地の２,,,,055-935-6389,,,,有限会社サンパックケアサービス,2271103117,月～土,12/29～1/3までを除く,-,,
222038,,静岡県,沼津市,有限会社サンパックケアサービス,ユウゲンガイシャサンパックケアサービス,特定福祉用具販売,沼津市志下１６８番地の２,,,,055-935-6389,,055-935-6385,,有限会社サンパックケアサービス,2271103117,月～土,祝日及び12/29～1/3までを除く,-,,
222038,,静岡県,沼津市,オーチャード沼津,オーチャードヌマヅ,通所介護,沼津市新宿町９番地の５,,,,055-929-6230,,055-924-5711,,オーチャード・ケア株式会社,2271103125,月～土,年末年始12/30～1/3を除く,25,,
222038,,静岡県,沼津市,グランドケア花園ケアプランセンター,グランドケアハナゾノケアプランセンター,居宅介護支援,沼津市花園町1-4,　フローデンスエトー1階,,,055-939-7712,,055-939-7713,,メイト株式会社,2271103133,月～金,祝日、12/29～1/3を除く,-,,
222038,,静岡県,沼津市,グランドケア花園デイサービスセンター,グランドケアハナゾノデイサービスセンター,通所介護,沼津市花園町１－４,フローデンスエトー１階,,,055-924-7111,,055-924-7113,,メイト株式会社,2271103133,月～金,12/29～1/3を除く,25,,
222038,,静岡県,沼津市,WeLS株式会社,ＷｅＬＳカブシキガイシャ,特定福祉用具販売、福祉用具貸与,沼津市若葉町１番56号,,,,055-946-5200,,055-946-5320,,WeLS株式会社,2271103174,月～金,祝日・12/30～1/3は除く,-,,
222038,,静岡県,沼津市,フェニックス居宅介護支援事業所,フェニックスキョタクカイゴシエンジギョウショ,居宅介護支援,沼津市共栄町10-5,,,,055-929-9233,,055-929-9234,,株式会社フェニックス,2271103182,月～金,祝日、12/30～1/3を除く,-,,
222038,,静岡県,沼津市,フェニックス訪問介護事業所,フェニックスホウモンカイゴジギョウショ,訪問介護,沼津市共栄町１０番地の５,,,,055-929-9233,,055-929-9234,,株式会社フェニックス,2271103182,月～金,12/30～1/3を除く,-,,
222038,,静岡県,沼津市,あおい訪問介護ステーション,アオイホウモンカイゴステーション,訪問介護,沼津市高島本町１６－１６,高島本町ビル２階,,,055-924-3871,,055-926-6730,,株式会社イー・ケア,2271103190,月～日,,-,,
222038,,静岡県,沼津市,訪問介護ステーション風の杜,ホウモンカイゴステーションカゼノモリ,訪問介護,沼津市東原５６０－１,,,,055-928-5887,,055-928-6337,,医療法人友愛会,2271103208,月～日,,-,,
222038,,静岡県,沼津市,デイサービスラスベガス沼津大岡,デイサービスラスベガスヌマヅオオオカ,通所介護,沼津市大岡字太田２１４７－１,,,,055-939-5028,,055-939-5027,,タムラホールディングス株式会社,2271103216,月～金,12/31～1/3を除く,20,,
222038,,静岡県,沼津市,風の杜居宅介護支援事業所,カゼノモリキョタクカイゴシエンジギョウショ,居宅介護支援,沼津市東原560-1,,,,090-7304-3214,,055-928-6337,,医療法人　友愛会,2271103232,月～金,祝日、年末年始を除く,-,,
222038,,静岡県,沼津市,居宅介護支援事業所「まえむきの花」,キョタクカイゴシエンジギョウショマエムキノハナ,居宅介護支援,沼津市大岡3428-5,,,,055-922-1155,,055-922-1175,,有限会社まえむき,2271103240,月～金,12/30～1/3を除く,-,,
222038,,静岡県,沼津市,かなおか在宅介護支援センター,カナオカザイタクカイゴシエンセンター,居宅介護支援,沼津市西沢田431-11,,,,055-921-1730,,055-921-1797,,Ｋ’ｓライフサービス株式会社,2271103257,月～金,祝日、12/29～1/4を除く,-,,
222038,,静岡県,沼津市,ケアハウス沼津南陽光園,ケアハウスヌマヅミナミヨウコウエン,特定施設入居者生活介護,沼津市下香貫字浜田２９８５番１,,,,055-933-2200,,055-933-2220,,社会福祉法人珀寿会,2271103265,月～日,,60,,
222038,,静岡県,沼津市,ショートステイ沼津南陽光園,ショートステイヌマヅミナミヨウコウエン,短期入所生活介護,沼津市下香貫字浜田２９８５番１,,,,055-933-2200,,055-933-2220,,社会福祉法人珀寿会,2271103265,月～日,,-,,
222038,,静岡県,沼津市,デイサービスセンター　沼津南陽光園,デイサービスセンター　ヌマヅミナミヨウコウエン,通所介護,沼津市下香貫字浜田２９８５番１,,,,055-933-2200,,055-933-2220,,社会福祉法人珀寿会,2271103265,月～金,12/30～1/3を除く,25,,
222038,,静岡県,沼津市,居宅介護支援事業所　沼津南陽光園,キョタクカイゴシエンジギョウショ　ヌマヅミナミヨウコウエン,居宅介護支援,沼津市下香貫字浜田2985-1,,,,055-933-2200,,055-933-2220,,社会福祉法人珀寿会,2271103265,月～金,祝日、12/30～1/3を除く,-,,
222038,,静岡県,沼津市,在宅介護センターアイケア沼津,ザイタクカイゴセンターアイケアヌマヅ,訪問介護,沼津市沢田町１０番１２号,,,,055-929-2388,,055-929-2389,,株式会社アイケア,2271103273,月～金,祝日、12/30～1/3を除く,-,,
222038,,静岡県,沼津市,ケアセンターすこやか,ケアセンタースコヤカ,居宅介護支援,沼津市住吉町5-18,,,,055-931-6162,,055-931-6196,,株式会社ARC,2271103281,月～金,祝日、夏季休業、年末年始を除く,-,,
222038,,静岡県,沼津市,ニチイケアセンター　山王,ニチイケアセンター　サンノウ,訪問介護,沼津市平町７－２７,　渡辺ビル１階,,,055-954-2862,,055-963-7527,,株式会社ニチイ学館,2271103299,月～金,国民の祝日・年末年始（12/30～1/3）を除く,-,,
222038,,静岡県,沼津市,ニチイケアセンター　はら,ニチイケアセンター　ハラ,訪問介護,沼津市原町添１１６５－２,サザンテラス大橋－Ａ,,,055-969-7070,,055-967-0878,,株式会社ニチイ学館,2271103307,月～金,国民の祝日・年末年始（12/30～1/3）を除く（休日であってもサービスの提供を行うことがあるものとする。）,-,,
222038,,静岡県,沼津市,エミーズ東間門,エミーズヒガシマカド,短期入所生活介護,沼津市東間門６２５－６,,,,055-962-1285,,055-962-1284,,株式会社ザ・サンパワー,2271103315,月～日,,50,,
222038,,静岡県,沼津市,エミーズ東間門,エミーズヒガシマカド,通所介護,沼津市東間門６２５－６,,,,055-962-1285,,055-962-1284,,株式会社ザ・サンパワー,2271103315,月～土、祝,12/29～1/3を除く,40,,
222038,,静岡県,沼津市,エミーズ原,エミーズハラ,通所介護,沼津市大塚１１３４,,,,055-967-1285,,055-967-1295,,株式会社ザ・サンパワー,2271103331,月～土、祝,12/31～1/3を除く,50,,
222038,,静岡県,沼津市,訪問介護　テレサ,ホウモンカイゴ　テレサ,訪問介護,沼津市原１７８６番地の２,,,,055-969-2008,,055-969-2028,,合同会社テレサ,2271103349,月～金,12/29～1/3を除く,-,,
222038,,静岡県,沼津市,ハートフルケアさくら沼津西,ハートフルケアサクラヌマヅニシ,訪問介護,沼津市大塚７２番地,,,,055-960-6445,,055-960-6446,,ハートフルケアさくら合同会社,2271103364,月～金,12/29～1/3を除く,-,,
222038,,静岡県,沼津市,ベストライフ沼津,ベストライフヌマヅ,特定施設入居者生活介護,沼津市西間門４８２－１,,,,055-964-2540,,055-964-2541,,株式会社ベストライフ中部,2271103372,月～日,,50,,
222038,,静岡県,沼津市,ツクイ西沢田,ツクイニシサワダ,居宅介護支援,沼津市西沢田４９８－２,,,,055-929-8210,,055-929-8211,,株式会社ツクイ,2271103380,月～金,,-,,
222038,,静岡県,沼津市,ツクイ西沢田,ツクイニシサワダ,通所介護,沼津市西沢田４９８－２,,,,055-929-8210,,055-929-8211,,株式会社ツクイ,2271103380,月～日,,36,,
222038,,静岡県,沼津市,ツクイ西沢田,ツクイニシサワダ,訪問介護,沼津市西沢田４９８－２,,,,055-929-8210,,055-929-8211,,株式会社ツクイ,2271103380,月～日,,-,,
222038,,静岡県,沼津市,ツクイ沼津原町,ツクイヌマヅハラマチ,訪問入浴介護,沼津市原町中２丁目１４－２４,,,,055-969-3830,,055-969-3831,,株式会社ツクイ,2271103398,月～土,,-,,
222038,,静岡県,沼津市,ケアプランセンターえくる,ケアプランセンターエクル,居宅介護支援,沼津市大岡2905番地の1,,,,055-928-5531,,055-928-5532,,五竜製作株式会社,2271103406,月～金,12/29～1/3、国民の祝日を除く,-,,
222038,,静岡県,沼津市,アースケアステーション小諏訪,アースケアステーションコズワ,訪問介護,沼津市小諏訪９７６番地の１,,,,055-929-0517,,055-929-0518,,株式会社アース,2271103414,月～日,,-,,
222038,,静岡県,沼津市,アースデイサロン小諏訪,アースデイサロンコズワ,通所介護,沼津市小諏訪９７６番地の１,,,,055-929-0517,,055-929-0518,,株式会社アース,2271103414,月～日,,22,,
222038,,静岡県,沼津市,在宅介護ステーション　テンダー,ザイタクカイゴステーション　テンダー,訪問介護,沼津市大岡１８６２－３,,,,055-960-6388,,055-955-8245,,株式会社マウントフィールド,2271103448,月～日,,-,,
222038,,静岡県,沼津市,ヘルパーステーション　てｔｏて,ヘルパーステーション　テトテ,訪問介護,沼津市双葉町７－１４,　ルネッサファミーユ１階,,,055-929-0033,,055-929-0032,,株式会社Ｂ＆Ｌ,2271103455,月～日,年末年始（12/30～1/3）を除く,-,,
222038,,静岡県,沼津市,ケアサービス　めるも,ケアサービス　メルモ,訪問介護,沼津市松長１４２－２,,,,0559-68-1178,,0559-67-5337,,ケアサービス　めるも,2281100012,月～日,,-,,
222038,,静岡県,沼津市,ニチイケアセンター香貫山,ニチイケアセンターカヌキヤマ,認知症対応型共同生活介護,沼津市下香貫塩満1830-2,,,,055-935-1031,,055-935-1032,,株式会社ニチイ学館,2291100069,月～日,,18,,
222038,,静岡県,沼津市,グループホームふれあい静浦,グループホームフレアイシズウラ,認知症対応型共同生活介護,沼津市獅子浜111-1,,,,055-943-5550,,055-933-5005,,株式会社在宅支援センターふれあい,2291100077,月～日,,18,,
222038,,静岡県,沼津市,こすもす原,コスモスハラ,認知症対応型共同生活介護,沼津市原東中1528-1,,,,055-941-6294,,055-941-6297,,株式会社コスモスケアサービス,2291100085,月～日,,18,,
222038,,静岡県,沼津市,こすもす原,コスモスハラ,認知症対応型通所介護,沼津市原東中1528-1,,,,055-941-6296,,055-941-6297,,株式会社コスモスケアサービス,2291100085,月～日,12/30～1/3を除く,12,,
222038,,静岡県,沼津市,小規模多機能ホームふれあい黄瀬川,ショウキボタキノウホームフレアイキセガワ,小規模多機能型居宅介護,沼津市大岡266-9,,,,055-928-6991,,055-928-6992,,株式会社在宅支援センターふれあい,2291100093,月～日,,登録28人、通所サービス17人、宿泊サービス9人,,
222038,,静岡県,沼津市,グループホーム　のどかの家　沼津,グループホーム　ノドカノイエ　ヌマヅ,認知症対応型共同生活介護,沼津市大塚1127-3,,,,055-968-7588,,055-968-7588,,一般社団法人のどか,2291100101,月～日,,18,,
222038,,静岡県,沼津市,小規模多機能ホームふれあい岡宮,ショウキボタキノウホームフレアイオカノミヤ,小規模多機能型居宅介護,沼津市岡宮598-2,,,,055-925-0070,,055-925-0071,,株式会社在宅支援センターふれあい,2291100119,月～日,,登録29人、通所サービス18人、宿泊サービス9人,,
222038,,静岡県,沼津市,グループホームふれあい岡宮,グループホームフレアイオカノミヤ,認知症対応型共同生活介護,沼津市岡宮598-2,,,,055-925-2111,,055-925-2112,,株式会社在宅支援センターふれあい,2291100127,月～日,,18,,
222038,,静岡県,沼津市,小規模多機能型居宅介護支援事業所プレーゲあしたか,ショウキボタキノウガタキョタクカイゴシエンジギョウショプレーゲアシタカ,小規模多機能型居宅介護,沼津市東椎路1639-1,,,,055-967-3402,,055-967-3401,,社会福祉法人春風会,2291100135,月～日,,登録29人、通所サービス18人、宿泊サービス9人,,
222038,,静岡県,沼津市,地域密着型特別養護老人ホームプレーゲあしたか,チイキミッチャクガタトクベツヨウゴロウジンホームプレーゲアシタカ,地域密着型介護老人福祉施設入所者生活介護,沼津市東椎路1639-1,,,,055-967-3400,,055-967-3401,,社会福祉法人春風会,2291100135,月～日,,29,,
222038,,静岡県,沼津市,小規模多機能ホーム和みの家,ショウキボタキノウホームナゴミノイエ,小規模多機能型居宅介護,沼津市大平1538-1,,,,055-935-6888,,055-931-2882,,社会福祉法人　信愛会,2291100143,月～日,,登録25人、通所サービス15人、宿泊サービス9人,,
222038,,静岡県,沼津市,きせがわ定期巡回・随時対応型訪問介護看護事業所,キセガワテイキジュンカイ・ズイジタイオウガタホウモンカイゴカンゴジギョウショ,定期巡回・随時対応型訪問介護看護,沼津市大岡1155,,,,055-954-0003,,055-954-0006,,医療法人社団　真養会,2291100150,月～日,,-,,
222038,,静岡県,沼津市,小規模多機能ホームふれあい島郷,ショウキボタキノウホームフレアイトウゴウ,小規模多機能型居宅介護,沼津市下香貫字清水2135,,,,055-933-0700,,055-933-0701,,株式会社在宅支援センターふれあい,2291100168,月～日,,登録29人、通所サービス18人、宿泊サービス9人,,
222038,,静岡県,沼津市,看護小規模多機能型居宅介護事業所　せいれい緑町,カンゴショウキボタキノウガタキョタクカイゴジギョウショ　セイレイミドリチョウ,複合型サービス（看護小規模多機能型居宅介護）,沼津市本字下一丁田898-1,,,,055-952-1000,,055-952-1001,,一般財団法人芙蓉協会,2291100176,月～日,,"登録29人,通所サービス18人,宿泊サービス8人",,
222038,,静岡県,沼津市,グループホームふれあい島郷,グループホームフレアイトウゴウ,認知症対応型共同生活介護,沼津市下香貫字清水2135,,,,055-933-7550,,055-933-7551,,株式会社在宅支援センターふれあい,2291100184,月～日,,18,,
222038,,静岡県,沼津市,地域密着型特別養護老人ホーム　ノアノアテラス,チイキミッチャクガタトクベツヨウゴロウジンホーム　ノアノアテラス,地域密着型介護老人福祉施設入所者生活介護,沼津市大平字出水2804-1,,,,055-933-7501,,055-933-7502,,社会福祉法人ウェルネスケア,2291100192,月～日,,29,,
222038,,静岡県,沼津市,手鞠デイサービス,テマリデイサービス,認知症対応型通所介護,沼津市西島町19-64,,,,055-928-7763,,055-933-2605,,特定非営利活動法人　友愛ホーム,2291100200,月～日,,3,,
222038,,静岡県,沼津市,グループホーム　岡宮の憩,グループホーム　オカノミヤノイコイ,認知症対応型共同生活介護,沼津市岡宮字宮久保753-2,,,,055-926-2299,,055-926-2299,,株式会社　フロンティアの介護,2291100218,月～日,,18,,
222038,,静岡県,沼津市,ユアステップリハケアセンター,ユアステップリハケアセンター,地域密着型通所介護,沼津市中沢田385,　ビーエムリーシングビル1F,,,055-929-0070,,055-929-0071,,株式会社Ｓｕｏｒａ,2291100226,月～土,,15,,
222038,,静岡県,沼津市,アクタガワ　ハートフルホーム開北,アクタガワ　ハートフルホームカイホク,認知症対応型共同生活介護,沼津市本田町2-52,,,,055-929-1805,,055-929-2588,,株式会社アクタガワ,2291100234,月～日,,18,,
222038,,静岡県,沼津市,デイサービスこころ沼津大岡,デイサービスココロヌマヅオオオカ,地域密着型通所介護,沼津市大岡1080,,,,055-939-5221,,055-939-5223,,ＫＴＳ株式会社,2291100242,月～土,12/30～1/3は除く,10,,
222038,,静岡県,沼津市,小規模多機能型居宅介護施設あさなぎ,ショウキボタキノウガタキョタクカイゴシセツアサナギ,小規模多機能型居宅介護,沼津市西間門3-2-1,,,,055-939-7700,,055-939-7711,,株式会社アルデバラン,2291100259,月～日,,登録29人、通所サービス18人、宿泊サービス9人,,
222038,,静岡県,沼津市,クローバーライフ,クローバーライフ,地域密着型通所介護,沼津市大岡3317,,,,055-924-0710,,055-924-0716,,株式会社クローバー,2291100267,月～土,1/1を除く,15,,
222038,,静岡県,沼津市,ル・グランハート沼津,ル・グランハートヌマヅ,地域密着型通所介護,沼津市一本松104-2,,,,055-968-1800,,055-968-1801,,株式会社　ル・グラン,2291100275,月～日,12/30～1/3を除く,18,,
222038,,静岡県,沼津市,デイサービス　ひとつ松長,デイサービス　ヒトツマツナガ,地域密着型通所介護,沼津市松長55-5,,,,055-952-4565,,055-952-4566,,株式会社パワー・オブ・ワン,2291100283,月～日,12/31～1/3を除く,18,,
222038,,静岡県,沼津市,デイサービスのぞみ,デイサービスノゾミ,地域密着型通所介護,沼津市原町中３丁目13-22,,,,055-967-3900,,055-967-3900,,株式会社サニーウォーク,2291100309,月～金,8/13～8/16・12/30～1/3は休業,10,,
222038,,静岡県,沼津市,デイサービス　ランラン,デイサービス　ランラン,地域密着型通所介護,沼津市岡宮字仲沖377-1,,,,055-939-7088,,055-939-7089,,株式会社内田祥三建築事務所,2291100317,月～金,12/29～1/3を除く,16,,
222038,,静岡県,沼津市,特別養護老人ホーム　沼津南陽光園,トクベツヨウゴロウジンホーム　ヌマヅミナミヨウコウエン,地域密着型介護老人福祉施設入所者生活介護,沼津市下香貫字浜田2985-1,,,,055-933-2200,,055-933-2220,,社会福祉法人珀寿会,2291100333,月～日,,29,,
222038,,静岡県,沼津市,Re・Location,リ・ロケーション,地域密着型通所介護,沼津市岡宮73-5,,,,055-900-9925,,055-900-9926,,株式会社ArikA,2291100341,月～土,12/30～1/3を除く,13,,
222038,,静岡県,沼津市,看護小規模多機能型居宅介護事業所　いがぐりの里,カンゴショウキボタキノウガタキョタクカイゴジギョウショ　イガグリノサト,複合型サービス（看護小規模多機能型居宅介護）,沼津市志下451,,,,055-960-6808,,055-934-3800,,医療法人社団　公章会,2291100358,月～日,,"登録29人,通所サービス18人,宿泊サービス9人",,
222038,,静岡県,沼津市,郷の音,サトノネ,地域密着型通所介護,沼津市江原町17-34,,,,055-960-9905,,055-960-9906,,FUN　LIFE合同会社,2291100366,月～金,,15,,
222038,,静岡県,沼津市,グループホームはづき,グループホームハヅキ,認知症対応型共同生活介護,沼津市東間門下中溝616番地1,,,,055-952-6667,,055-952-6667,,株式会社ポジティブ・ケアワークス,2291100374,月～日,,9,,
222038,,静岡県,沼津市,レコードブック沼津吉田,レコードブックヌマヅヨシダ,地域密着型通所介護,沼津市吉田町28-21,,,,055-957-8257,,055-957-8258,,東海自動車株式会社,2291100382,月～金、祝,12/30～1/3を除く,18,,
222038,,静岡県,沼津市,デイサービスさとやま,デイサービスサトヤマ,地域密着型通所介護,沼津市東原560番地1,,,,055-928-5887,,055-928-6337,,医療法人友愛会,2291100390,月～金,12/30～1/3を除く,9,,
222038,,静岡県,沼津市,檜楽園,カイラクエン,地域密着型通所介護,沼津市平町4-16,,,,055-962-4850,,,,合同会社いずいっと,2291100408,月～金,1/1～1/3を除く,10,,
222038,,静岡県,沼津市,地球のかけら,ホシノカケラ,地域密着型通所介護,沼津市東椎路字中尾1640-10,,,,080-4677-7809,,055-941-5104,,株式会社デイベンロイ,2291100416,月～金,祝日、土日、12/30～1/3を除く,10,,
222038,,静岡県,沼津市,トレーニングデイサービスあんび香貫,トレーニングデイサービスアンビカヌキ,地域密着型通所介護,沼津市下香貫下障子3150-1,,,,055-935-6655,,055-900-1273,,アンビーメディカルラボ株式会社,2291100424,月～金　,国民の休日、年末年始（12/30～1/3）を除く,8,,
222038,,静岡県,沼津市,定期巡回アウラ,テイキジュンカイアウラ,定期巡回・随時対応型訪問介護看護,沼津市庄栄町1-5 3F,,,,055-939-7380,,055-939-7381,,株式会社内田祥三建築事務所,2291100432,月～日,,-,,
222038,,静岡県,沼津市,看護小規模多機能型居宅介護　ブルーム,カンゴショウキボタキノウガタキョタクカイゴ　ブルーム,複合型サービス（看護小規模多機能型居宅介護）,沼津市高砂町13-5,,,,055-928-7131,,055-955-8245,,株式会社マウントフィールド,2291100440,月～日,,"登録29人,通所サービス18人,宿泊サービス9人",,
222038,,静岡県,沼津市,だんらんの家　沼津,ダンランノイエ　ヌマヅ,地域密着型通所介護,沼津市大岡1698-3,,,,055-962-5708,,055-919-1167,,リレア株式会社,2291100457,月～日,,10,,
222038,,静岡県,沼津市,レコードブック沼津金岡,レコードブックヌマヅカナオカ,地域密着型通所介護,沼津市筒井町18-3,　第３持田ビル,,,055-955-5337,,055-955-5338,,東海自動車株式会社,2291100465,月～金、祝,12/30～1/3を除く,10,,
222038,,静岡県,沼津市,からだラボ,カラダラボ,通所型サービス（独自）,沼津市千本港町48,,,,055-939-6667,,055-939-6668,,明強組合同会社,22A1100025,月～金,12/29～1/3を除く,10,,
222038,,静岡県,沼津市,サニーウォーク　サポーターズ,サニーウォーク　サポーターズ,訪問型サービス（独自）,沼津市新沢田町７－４３,　シティパル新沢田103,,,055-924-8737,,055-924-8737,,株式会社　サニーウォーク,22A1100033,月～金,12/29～1/3を除く,-,,
222038,,静岡県,沼津市,かぬきホームヘルプサービス・かぬき山倶楽部,カヌキホームヘルプサービス・カヌキヤマクラブ,訪問型サービス（独自）,沼津市下香貫猪沼,９８１－２,,,055-934-1821,,055-934-1831,,社会福祉法人　信愛会,22A1100058,月～金,12/30～1/3を除く,-,,
222038,,静岡県,沼津市,かぬき山倶楽部,カヌキヤマクラブ,通所型サービス（独自）,沼津市下香貫猪沼981-2,,,,055-934-1821,,055-934-1831,,社会福祉法人　信愛会,22A1100058,火、金　,12/30～1/3を除く,15,,
222038,,静岡県,沼津市,社会福祉法人沼津市社会福祉協議会指定訪問介護事業所,シャカイフクシホウジンヌマヅシシャカイフクシキョウギカイシテイホウモンカイゴジギョウショ,訪問型サービス（独自）,沼津市常盤町1-19-1,,,,055-951-0003,,055-951-0034,,社会福祉法人　沼津市社会福祉協議会,22A1100066,月～土,年末年始（12/29～1/3）を除く,-,,
222038,,静岡県,沼津市,友愛訪問介護サービス,ユウアイホウモンカイゴサービス,訪問型サービス（独自）,沼津市千本東町33,,,,055-928-7761,,055-928-7775,,特定非営利活動法人　友愛ホーム,22A1100074,月～土,12/31～1/3を除く,-,,
222038,,静岡県,沼津市,はつらつクラブ和み,ハツラツクラブナゴミ,通所型サービス（独自）,沼津市大平1538-1,,,,055-935-5252,,055-933-7530,,社会福祉法人　信愛会,22A1100082,水、木,,15,,
222038,,静岡県,沼津市,岡宮グリーンヒルデイサービス,オカノミヤグリーンヒルデイサービス,通所型サービス（独自）,沼津市岡宮1182-1,,,,055-928-6811,,055-928-6833,,社会福祉法人　駿河厚生会,22A1100090,火,,5,,
222038,,静岡県,沼津市,沼津フジビューデイサービスセンター,ヌマヅフジビューデイサービスセンター,通所型サービス（独自）,沼津市大岡3571-1,,,,055-926-8500,,055-926-8504,,社会福祉法人　駿河厚生会,22A1100108,火、木,年末年始（12/29～1/3）を除く,7,,
222038,,静岡県,沼津市,友愛フレンドリークラブ,ユウアイフレンドリークラブ,通所型サービス（独自）,沼津市西島町19-64,,,,055-928-7760,,055-933-2605,,特定非営利活動法人　友愛ホーム,22A1100116,月～土,12/31～1/3を除く,6,,
222038,,静岡県,沼津市,みなとフレンドリークラブ,ミナトフレンドリークラブ,通所型サービス（独自）,沼津市千本東町33,,,,055-928-7762,,055-928-7755,,特定非営利活動法人　友愛ホーム,22A1100140,月～土,12/31～1/3を除く,5,,
222038,,静岡県,沼津市,介護医療院　あしたか,カイゴイリョウイン　アシタカ,介護医療院,沼津市今沢字西畑３７２番５,,,,055-967-3711,,055-967-3727,,医療法人社団愛康会,22B1100015,月～日,,15,,
222038,,静岡県,沼津市,介護医療院　あしたか,カイゴイリョウイン　アシタカ,短期入所療養介護,沼津市今沢字西畑３７２番５,,,,055-967-3711,,055-967-3727,,医療法人社団愛康会,22B1100015,月～日,,-,,
222038,,静岡県,沼津市,フレミアこがね,ﾌﾚﾐｱｺｶﾞﾈ,,沼津市岡宮1277-51,,,,055-924-7652,,055-924-7651,,,,,,,,
222038,,静岡県,沼津市,山口居宅介護支援センター,,,沼津市東椎路708-7,,,,055-920-9880,,055-920-9879,,,,,,,,
222038,,静岡県,沼津市,頴川医院居宅介護支援事業所,,,沼津市高島本町12-20,,,,055-928-4136,,055-921-5173,,,,,,,,
222038,,静岡県,沼津市,エリシオン沼津,,,沼津市新宿町9-5,,,,055-929-6230,,055-924-5711,,,,,,,,
222038,,静岡県,沼津市,駅北居宅介護支援事業所,,,沼津市米山町13-43　,駅北マンションB101,,,055-928-5080,,055-928-5133,,,,,,,,
222038,,静岡県,沼津市,居宅介護支援事業所かざぐるま,,,沼津市五月町9-7,,,,055-955-6774,,055-955-8102,,,,,,,,
222038,,静岡県,沼津市,居宅介護支援センターけい,,,沼津市筒井町2-12　,高橋第2ビル1階,,,055-929-7663,,055-929-7664,,,,,,,,
222038,,静岡県,沼津市,株式会社マウントフィールド,,,沼津市大岡1728-2　,グレースヴィラ102号,,,055-955-7870,,055-955-8245,,,,,,,,
222038,,静岡県,沼津市,居宅介護支援センターわだち,,,沼津市東熊堂392-5　,コーポ松沢201,,,055-943-7728,,055-929-1220,,,,,,,,
