自治体名,データセット名,p_id,r_count
010006_北海道,AED設置施設一覧【占冠村】,ac2245f6-162c-42c9-bc09-2c1dbfea21b3,1
010006_北海道,AED設置箇所一覧【北海道八雲町】,7ee9f315-5542-439c-9492-047d7e1aae07,1
010006_北海道,AED設置箇所一覧【北海道新篠津村】,257813ba-cb9d-47f5-b9d5-49583989f7f8,1
010006_北海道,AED設置箇所一覧【北海道沼田町】,fb7eae1a-21f4-4416-8a17-4980913c7a45,1
010006_北海道,AED設置箇所一覧【北海道音更町】,294d988c-7874-4659-a7fa-58989ae1df7a,1
010006_北海道,AED設置箇所一覧【北海道鹿追町】,ba36d8de-d3d2-4f85-b0b6-50f28dd9e28e,1
010006_北海道,【足寄町】AED設置箇所一覧,ab317a92-f10a-48d2-89b6-5fd6c5d8381b,1
010006_北海道,【足寄町】公衆無線LANアクセスポイント一覧,b9c50027-fbc9-47b6-b6b0-18cf35b84773,1
010006_北海道,【足寄町】子育て施設一覧,fa71f0a5-a15e-4a86-be2f-74a57b91c3d1,1
010006_北海道,介護サービス事業所一覧【北海道新篠津村】,a912c395-03b1-44b7-8e46-9e2c6dfe501f,1
010006_北海道,介護サービス事業所一覧【北海道沼田町】,12185476-1756-4f45-9b59-ad241a2f2779,1
010006_北海道,八雲町どこでもWi-Fi設置場所【北海道八雲町】,9563bb72-a868-45f1-bf8a-001f2ac138b5,1
010006_北海道,公共施設一覧【北海道新篠津村】,f4bf2e4e-a5b2-4083-a7f4-291b7e5ffa86,1
010006_北海道,公共施設一覧【北海道鹿追町】,998cc6fa-8914-420d-8afe-81a004057383,1
010006_北海道,公園一覧【北海道新篠津村】,685b3852-46e4-4439-a27d-e1048148c45a,1
010006_北海道,公衆トイレ一覧【北海道新篠津村】,8daa4ce4-1d9d-494f-87bc-9358d1b091e8,1
010006_北海道,公衆無線LANアクセスポイント一覧【北海道更別村】,2186ec86-1d65-44a8-9717-68e5a8e4f978,1
010006_北海道,公衆無線LANアクセスポイント一覧【北海道鹿追町】,de05c077-fa16-4ea6-b0dc-c96d0d773110,1
010006_北海道,医療機関一覧【北海道新篠津村】,81fba381-c3aa-46d0-bad6-8f73bf001874,1
010006_北海道,医療機関一覧【北海道更別村】,9ddae8c1-e2a5-427d-bf73-329605ffa48f,1
010006_北海道,医療機関一覧【北海道沼田町】,e4865169-b0ca-4297-bb37-8a2209900a66,1
010006_北海道,医療機関一覧【北海道鹿追町】,f280ba4d-8b45-45b7-9281-a99d9bb16c00,1
010006_北海道,子育て施設一覧【北海道更別村】,37a57203-83ea-4b26-b821-717a5a81ebe0,1
010006_北海道,子育て施設一覧【北海道沼田町】,a5ad51c8-0000-40eb-8f2c-e47a89c30f74,1
010006_北海道,子育て施設一覧【北海道鹿追町】,c1657d9a-c8b5-4b3a-b575-c91ad0d2a34d,1
010006_北海道,学校一覧【北海道新篠津村】,7d0b4908-a56d-433d-9dd1-9cfcfab6e393,1
010006_北海道,投票所一覧【北海道滝川市】,af7d3816-d33d-48c2-8d78-2158d4aa935b,1
010006_北海道,指定緊急避難場所データ_01北海道【北海道】【G空間情報センター】,6fc03b82-5656-4031-a4d2-81dfc2923d50,1
010006_北海道,指定緊急避難場所一覧【倶知安町】,782c8bdb-2b9c-469d-9dd6-895abb5befe4,1
010006_北海道,指定緊急避難場所一覧【北海道新篠津村】,906a0b0e-7b4c-4de3-b418-d0d81001c434,1
010006_北海道,指定緊急避難場所一覧【北海道更別村】,a12c1ba2-506a-4b6e-aabc-14d59b8a8e21,1
010006_北海道,指定自立支援医療機関指定一覧【北海道】,e0fefa4c-fcdd-4c68-b517-7c4c62a3288b,2
010006_北海道,観光施設一覧【北海道新篠津村】,a89e83f3-7695-483f-bc6c-e8e523ad5d77,2
010006_北海道,避難場所一覧【北海道豊頃町】,521087c8-4e64-4386-9594-c760e11d3e86,1
010006_北海道,避難所【北海道上士幌町】,39662776-8892-498c-9b36-1ef06c30f856,1
010006_北海道,避難所一覧【占冠村】,6c3d2d55-73ca-4ade-b2e8-89dacbb19da9,1
011002_北海道札幌市,市有施設に設置されており一般市民が利用可能なAED一覧,aed,3
011002_北海道札幌市,札幌市内の文化財一覧,bunkazai_sapporo,2
011002_北海道札幌市,指定緊急避難場所一覧（千歳市）,chitose_evacuation_space,1
011002_北海道札幌市,札幌市内の避難場所一覧,hinanjyo,41
011002_北海道札幌市,札幌市設置駐輪場一覧,sapporo_bicycle_parking_space,1
011002_北海道札幌市,札幌市内の医療機関一覧,sapporo_hospital,1
011002_北海道札幌市,札幌市が提供する公衆無線LANの一覧,sapporo_wireless_lan,1
011002_北海道札幌市,札幌市中央区内の公園に設置されているトイレ一覧,toilets_a,1
014257_北海道上砂川町,AED設置箇所一覧,014257_aed,1
014257_北海道上砂川町,指定緊急避難場所一覧,014257_evacuation_space,1
014257_北海道上砂川町,投票所一覧,014257_polling_place,1
014257_北海道上砂川町,公衆トイレ一覧,014257_public_toilet,1
014257_北海道上砂川町,公衆無線LANアクセスポイント一覧,014257_public_wireless_lan,1
020001_青森県,AED設置箇所一覧,aa2d43b6-37af-41b4-a6c1-c550765a39a2,1
020001_青森県,【むつ市】スポーツ施設一覧,2f9a70b5-747d-440c-9a2a-8803c2656d4b,1
020001_青森県,【むつ市】幼稚園・認定こども園・保育園一覧,6119b20b-f576-4db3-a899-83fc56d8f701,2
020001_青森県,【むつ市】指定緊急避難所一覧,a8635b14-c478-4ad8-b931-a618fba41943,1
020001_青森県,【南部町】AED設置箇所一覧,d13b43e5-af2a-48ec-bc02-2b28dcf9cb85,1
020001_青森県,【南部町】介護サービス事業所一覧,27fded15-79c4-4a1f-b683-ad98dea4a910,1
020001_青森県,【南部町】公共施設一覧,5e1f362e-bcc3-46c3-9ece-7e3c777dfe8a,1
020001_青森県,【南部町】公衆無線LANアクセスポイント一覧,54bc3ece-e14a-4abb-a2c9-ec6cdb046d9e,1
020001_青森県,【南部町】公衆用トイレ一覧,569933fe-b269-4e21-9ca8-ff4cb07b6354,1
020001_青森県,【南部町】医療機関一覧,91098bef-5a92-402d-ae49-269520e3759c,1
020001_青森県,【南部町】子育て施設一覧,2fea4e71-7705-4124-8059-1c84a37fb9d5,1
020001_青森県,【南部町】指定緊急避難場所一覧,efd687dd-2357-4d32-b160-a9f33eefa958,1
020001_青森県,【南部町】文化財一覧,8094ff00-d29d-4b51-aa6e-62537065316c,1
020001_青森県,【南部町】観光施設一覧,d5c6aa0e-23da-4364-bb7f-0d7e5b137be2,1
020001_青森県,【平川市】AED設置箇所一覧,bb133f6a-2872-4cf7-bd88-518487c6fb48,1
020001_青森県,【平川市】介護サービス事業所一覧,2c340a5c-7892-4525-bda6-d74ac37d18eb,1
020001_青森県,【平川市】公共施設一覧,6d3be3fc-d342-4573-8211-9369b688a45c,1
020001_青森県,【平川市】公衆トイレ一覧,2c9d5e88-451b-48a2-a73a-94f4c91d4a4e,1
020001_青森県,【平川市】公衆無線LANアクセスポイント一覧,004da632-cd81-416b-bfb4-4502088f47b6,1
020001_青森県,【平川市】医療機関一覧,bfca9c73-3d27-4405-8849-464575b22533,1
020001_青森県,【平川市】子育て施設一覧,7103d7d4-125c-4c28-88eb-dbec3dc8fbf8,1
020001_青森県,【平川市】指定緊急避難所一覧,20c55db6-3bde-4f09-8db0-52eec35418c2,1
020001_青森県,【平川市】文化財一覧,c2eb060e-1dc3-4142-8c59-57acb6f0dad6,1
020001_青森県,【平川市】消防水利施設一覧,9e9bcb5f-9da8-4988-b9ec-80cfc6d57c1c,1
020001_青森県,【平川市】観光施設一覧,6f983ad2-6fc8-4db7-9986-1a5be016fa4d,1
020001_青森県,介護サービス事業所一覧,cc8ecdea-1d67-470f-aff4-93a867886be8,1
020001_青森県,令和2年度町内子育て施設一覧,f11c57ae-390d-4716-9ed5-6eebceb31f73,1
020001_青森県,公共施設一覧,9e1cdd74-8bea-439b-ba69-3513d3a8a68c,1
020001_青森県,公衆無線LANアクセスポイント一覧,ba76d3c4-27ed-471d-b0c0-7eef729c5944,1
020001_青森県,医療機関一覧,fdf977f0-fb2c-4c02-860b-454cc0c483f4,1
020001_青森県,子育て施設一覧,197bb3ed-9852-4d28-86b1-98efbc8f9c7d,1
020001_青森県,指定緊急避難場所一覧,3d5c9403-35e3-44ec-ac60-ec1dfcaf4d27,1
020001_青森県,指定避難所一覧,4db77e86-6be6-49a5-9d11-74a75b7fdc9b,1
020001_青森県,文化財一覧,fd0a131f-6f0e-4db3-8e12-36776fe5c313,1
020001_青森県,禁煙治療医療機関一覧,0f0c20cc-f345-4f22-b4fc-ebf9b6bf6961,1
020001_青森県,観光施設一覧,76b57888-fcae-4234-8e3a-e78a4263b779,1
020001_青森県,青森県内学校一覧,9104c169-9263-441b-ba35-9cb63c9ecd03,1
020001_青森県,青森県内市町村立図書館一覧,842c70fa-beb4-4b24-93c6-8ea779b1362b,1
020001_青森県,青森県内文化施設一覧,d8e43416-c971-4fdd-b53c-f1ed4adf8e97,1
020001_青森県,青森県内斎場一覧,e0618a1a-637f-4c22-a73e-0238e9c334d6,1
020001_青森県,青森県内避難所一覧,a4b1201c-1bc5-44ca-a29b-d1d483eae51d,1
040002_宮城県,【宮城県】みやぎFree Wi-Fi設置場所一覧（公共施設分）（R4.8.26）,9,1
040002_宮城県,【柴田町】公共施設一覧,20,2
040002_宮城県,【松島町】公共施設一覧,21,1
040002_宮城県,【大衡村】公共施設一覧（R4.9.8）,24,1
040002_宮城県,【亘理町】公共施設一覧,25,1
040002_宮城県,【岩沼市】公共施設一覧,26,1
040002_宮城県,【登米市】公共施設一覧,31,2
040002_宮城県,【気仙沼市】公共施設一覧,33,1
040002_宮城県,【石巻市】公共施設一覧,38,3
040002_宮城県,【涌谷町】公共施設一覧（R04.09.08）,39,1
040002_宮城県,｢七ヶ宿町｣公共施設一覧,41,1
040002_宮城県,【多賀城市】公共施設一覧,45,1
040002_宮城県,【角田市】公共施設一覧（R4.9.8）,53,1
040002_宮城県,【白石市】公共施設一覧,66,1
040002_宮城県,【宮城県】薬局一覧(仙台市を除く),71,2
040002_宮城県,【涌谷町】指定緊急避難場所一覧（R04.09.13）,83,1
040002_宮城県,【大衡村】指定緊急避難場所一覧（R4.9.16）,116,1
040002_宮城県,【村田町】指定緊急避難場所一覧（R5.10.1）,120,1
040002_宮城県,【富谷市】指定緊急避難場所一覧（R08.04.01）,140,1
040002_宮城県,【角田市】指定緊急避難場所一覧（R4.9.26）,144,1
040002_宮城県,【岩沼市】指定緊急避難場所一覧,145,1
040002_宮城県,【利府町】避難場所・避難所一覧（R04.09.22）,151,2
040002_宮城県,【大郷町】避難場所及び避難所,154,2
040002_宮城県,【大崎市】指定緊急避難場所一覧,155,1
040002_宮城県,【大郷町】公共施設一覧,156,1
040002_宮城県,【大河原町】避難場所及び避難所一覧（R4.9.26）,158,1
040002_宮城県,【登米市】指定緊急避難施設場所一覧,160,2
040002_宮城県,【宮城県】公共施設一覧,163,1
040002_宮城県,【白石市】指定緊急避難場所一覧,164,1
040002_宮城県,【石巻市】指定緊急避難場所一覧,167,3
040002_宮城県,【多賀城市】避難場所及び避難所一覧,175,1
040002_宮城県,【女川町】公共施設一覧_20220908,178,1
040002_宮城県,【亘理町】避難場所一覧,185,1
040002_宮城県,【名取市】指定緊急避難場所一覧,187,3
040002_宮城県,【塩竈市】指定緊急避難場所一覧,188,2
040002_宮城県,【美里町】指定避難所一覧（R04.09.30）,192,1
040002_宮城県,【美里町】公共施設一覧（R04.09.30）,194,1
040002_宮城県,【美里町】公衆無線LANアクセスポイント一覧（R04.09.30）,195,1
040002_宮城県,【気仙沼市】避難所及び避難場所一覧,199,1
040002_宮城県,【松島町】指定避難所一覧（R04.09.30）,201,1
040002_宮城県,【女川町】避難所一覧_20220930,203,1
040002_宮城県,【南三陸町】指定避難所一覧（2022.09.30）,204,1
040002_宮城県,【加美町】指定緊急避難場所一覧（R04.09.30）,206,1
040002_宮城県,【仙台市】指定緊急避難場所一覧,207,1
040002_宮城県,避難場所及び避難所一覧,208,1
040002_宮城県,【東松島市】指定緊急避難場所一覧,209,1
040002_宮城県,【蔵王町】指定緊急避難場所一覧,210,1
040002_宮城県,【色麻町】避難場所及び避難所一覧,214,1
040002_宮城県,【川崎町】避難所及び避難場所一覧,215,1
040002_宮城県,指定緊急避難場所,228,1
040002_宮城県,【丸森町】公共施設一覧,234,1
040002_宮城県,【丸森町】指定緊急避難場所一覧,236,1
040002_宮城県,【村田町】ＡＥＤ設置箇所数一覧（R5.10.1）,253,1
040002_宮城県,【村田町】介護サービス事業所一覧（R5.10.1）,254,1
040002_宮城県,【村田町】医療機関一覧（R5.10.1）,255,1
040002_宮城県,【村田町】文化財一覧（R5.10.1）,258,1
040002_宮城県,【村田町】観光施設一覧（R5.10.1）,259,1
040002_宮城県,【村田町】公衆トイレ一覧（R5.10.1）,260,1
040002_宮城県,【村田町】消防水利施設一覧（R5.10.1）,261,1
040002_宮城県,【村田町】公共施設一覧（R5.10.1）,264,1
040002_宮城県,【村田町】子育て施設一覧（R5.10.1）,265,1
040002_宮城県,【富谷市】公共施設一覧（R08.04.01）,288,1
040002_宮城県,【柴田町】医療機関一覧,295,2
040002_宮城県,【柴田町】子育て施設一覧,296,2
040002_宮城県,【柴田町】介護サービス事業所一覧,297,2
040002_宮城県,【柴田町】ＡＥＤ設置箇所数一覧,298,1
040002_宮城県,【柴田町】公衆トイレ一覧,300,1
040002_宮城県,【宮城県】観光施設一覧,301,1
040002_宮城県,【名取市】観光施設一覧,377,3
040002_宮城県,【大崎市】文化財一覧,383,1
040002_宮城県,【多賀城市】文化財一覧,428,1
040002_宮城県,【多賀城市】観光施設一覧,431,1
040002_宮城県,【東松島市】文化財一覧,440,1
040002_宮城県,【東松島市】公共施設一覧,441,1
040002_宮城県,【東松島市】観光施設一覧,442,1
040002_宮城県,【岩沼市】Free Wi-Fi設置場所一覧,453,1
040002_宮城県,【岩沼市】観光施設一覧,460,1
040002_宮城県,【塩竈市】観光施設一覧,469,1
040002_宮城県,【塩竈市】文化財一覧,470,1
040002_宮城県,【塩竈市】公共施設一覧,471,1
040002_宮城県,【松島町】子育て施設一覧,473,1
040002_宮城県,【松島町】文化財一覧,474,1
040002_宮城県,【岩沼市】文化財一覧,488,1
040002_宮城県,【大崎市】観光施設一覧,498,1
040002_宮城県,【美里町】指定避難所一覧（R06.03.14）,507,1
040002_宮城県,【美里町】観光施設一覧（R06.03.14）,509,1
040002_宮城県,【仙台市】文化財一覧,511,1
040002_宮城県,【松島町】観光施設一覧,514,1
040002_宮城県,【仙台市】公共施設一覧,515,1
040002_宮城県,【大崎市】公共施設一覧,523,1
040002_宮城県,【気仙沼市】観光施設一覧,527,1
040002_宮城県,【気仙沼市】文化財一覧,528,1
040002_宮城県,【仙台市】観光施設一覧,531,1
040002_宮城県,【涌谷町】文化財一覧,532,1
040002_宮城県,【涌谷町】観光施設一覧,534,1
040002_宮城県,【石巻市】子育て施設一覧,536,2
040002_宮城県,【石巻市】医療機関一覧,537,2
040002_宮城県,【石巻市】観光施設一覧,539,2
040002_宮城県,【石巻市】公衆トイレ一覧,541,2
040002_宮城県,【石巻市】文化財一覧,542,2
040002_宮城県,【大衡村】文化財一覧,573,1
040002_宮城県,【名取市】公共施設一覧,594,4
040002_宮城県,【名取市】文化財一覧,596,2
040002_宮城県,【名取市】子育て施設一覧,597,3
040002_宮城県,【名取市】公衆無線LANアクセスポイント一覧,598,4
040002_宮城県,【名取市】ＡＥＤ設置箇所一覧,599,5
040002_宮城県,【名取市】公衆トイレ一覧,602,5
040002_宮城県,【名取市】介護サービス事業所一覧,603,5
040002_宮城県,【名取市】医療機関一覧,604,4
040002_宮城県,【名取市】消防水利施設一覧,605,3
040002_宮城県,【白石市】観光施設一覧,626,1
040002_宮城県,【白石市】文化財一覧,628,1
040002_宮城県,【大崎市】子育て施設一覧,661,1
040002_宮城県,【石巻市】消防水利施設一覧,708,2
040002_宮城県,【仙台市】消防水利施設一覧,724,1
040002_宮城県,【名取市】公営駐車場一覧,742,1
040002_宮城県,【名取市】公営駐輪場一覧,743,1
040002_宮城県,【仙台市】公衆無線LANアクセスポイント一覧,747,1
040002_宮城県,【名取市】投票所一覧,751,1
040002_宮城県,【石巻市】ＡＥＤ設置箇所一覧,752,2
040002_宮城県,【石巻市】公衆無線LANアクセスポイント一覧,753,2
040002_宮城県,【松島町】消防水利施設一覧,763,1
040002_宮城県,【仙台市】子育て施設一覧,783,1
040002_宮城県,【仙台市】公衆トイレ一覧,784,1
040002_宮城県,【栗原市】AED設置箇所一覧,786,1
040002_宮城県,【栗原市】介護サービス事業所一覧,787,1
040002_宮城県,【栗原市】医療機関一覧,788,1
040002_宮城県,【栗原市】文化財一覧,789,1
040002_宮城県,【栗原市】観光施設一覧,790,1
040002_宮城県,【栗原市】公衆無線LANアクセスポイント一覧,791,1
040002_宮城県,【栗原市】公衆トイレ一覧,792,1
040002_宮城県,【栗原市】指定緊急避難所一覧,793,1
040002_宮城県,【栗原市】公共施設一覧,796,1
040002_宮城県,【栗原市】子育て施設一覧,797,1
040002_宮城県,【白石市】子育て施設一覧,801,1
040002_宮城県,【白石市】公衆無線LANアクセスポイント一覧,802,1
040002_宮城県,【松島町】AED設置箇所一覧,805,1
040002_宮城県,【松島町】公衆トイレ一覧,806,1
040002_宮城県,【松島町】公衆無線LANアクセスポイント一覧,807,1
040002_宮城県,【塩竈市】子育て施設一覧,809,1
040002_宮城県,【塩竈市】公衆無線LANアクセスポイント一覧,811,1
040002_宮城県,【塩竈市】公衆トイレ一覧,812,1
040002_宮城県,【塩竈市】AED設置箇所一覧,813,1
040002_宮城県,【塩竈市】消防水利施設一覧,814,1
040002_宮城県,【多賀城市】子育て施設一覧,823,1
040002_宮城県,【多賀城市】AED設置個所一覧,824,1
040002_宮城県,【多賀城市】公衆無線 LAN アクセスポイント一覧,825,1
040002_宮城県,【多賀城市】公衆トイレ一覧,826,1
040002_宮城県,【多賀城市】消防水利施設一覧,827,1
040002_宮城県,【仙台市】AED設置箇所一覧,835,1
040002_宮城県,【白石市】AED設置箇所一覧,845,1
040002_宮城県,【白石市】消防水利施設一覧,846,1
040002_宮城県,【白石市】公衆トイレ一覧,847,1
040002_宮城県,【涌谷町】AED設置箇所一覧,854,1
040002_宮城県,【大和町】観光施設一覧,857,1
040002_宮城県,【大和町】文化財一覧,859,1
040002_宮城県,【大和町】消防水利施設一覧,860,1
040002_宮城県,【大和町】公衆トイレ一覧,861,1
040002_宮城県,【大和町】AED設置個所一覧,862,1
040002_宮城県,【大和町】公衆無線LANアクセスポイント一覧,863,1
040002_宮城県,【大和町】子育て施設一覧,864,1
040002_宮城県,【大和町】公共施設一覧,875,1
040002_宮城県,【涌谷町】公衆トイレ一覧,876,1
040002_宮城県,【涌谷町】公衆無線LANアクセスポイント一覧,877,1
040002_宮城県,【涌谷町】子育て施設一覧,878,1
040002_宮城県,【柴田町】指定緊急避難場所一覧,891,1
040002_宮城県,【柴田町】公衆無線LANアクセスポイント一覧,893,2
040002_宮城県,【柴田町】文化財一覧,894,2
040002_宮城県,【亘理町】子育て施設一覧,931,1
040002_宮城県,【亘理町】AED設置箇所一覧,932,1
040002_宮城県,【亘理町】消防水利施設一覧,934,1
040002_宮城県,【名取市】防災無線拠点,973,1
040002_宮城県,【東松島市】消防水利施設一覧,989,1
040002_宮城県,【東松島市】子育て施設一覧,990,1
040002_宮城県,【東松島市】AED設置箇所一覧,991,1
040002_宮城県,【東松島市】公衆トイレ一覧,992,1
040002_宮城県,【登米市】ＡＥＤ設置個所一覧,1102,2
040002_宮城県,【登米市】介護サービス事業所一覧,1103,2
040002_宮城県,【登米市】文化財一覧,1105,2
040002_宮城県,【登米市】公衆無線ＬＡＮアクセスポイント一覧,1106,2
040002_宮城県,【登米市】消防水利施設一覧,1107,2
040002_宮城県,【登米市】子育て施設一覧,1110,2
040002_宮城県,【登米市】公衆トイレ一覧,1112,2
040002_宮城県,【登米市】医療機関一覧,1113,2
040002_宮城県,【柴田町】観光施設一覧,1285,1
040002_宮城県,【柴田町】公営駐車場一覧,1314,1
040002_宮城県,【柴田町】公営駐輪場一覧,1315,1
040002_宮城県,【柴田町】投票所一覧,1323,1
050008_秋田県,【秋田県】県の公共施設等の見える化,050008_gyousei_001,6
050008_秋田県,【秋田県】あきた子育てふれあいカード協賛店一覧,050008_jisedai_002,1
050008_秋田県,【秋田県】小学校一覧（令和７年４月１日現在）,050008_joho_010,1
050008_秋田県,【秋田県】中学校一覧（令和７年４月１日現在）,050008_joho_016,1
050008_秋田県,【秋田県】高等学校一覧（令和７年４月１日現在）,050008_joho_017,1
050008_秋田県,【秋田県】県提供公衆Wi-Fiアクセスポイント一覧（令和５年１１月１日現在）,050008_joho_021,1
050008_秋田県,【秋田県】幼稚園・保育所・認定こども園一覧（令和8年4月1日現在）,050008_kodomo_001,1
050008_秋田県,【秋田県】義務教育学校一覧（令和７年４月１日現在）,050008_kyouiku_004,1
050008_秋田県,【秋田県】特別支援学校一覧（令和７年４月１日現在）,050008_kyouiku_006,1
050008_秋田県,【秋田県】地域型保育実施施設一覧,050008_kyouiku_010,1
050008_秋田県,【秋田県】幼稚園・保育所・認定こども園一覧（令和7年4月1日現在）,050008_youho_001,1
090000_栃木県,県施設におけるAED設置場所一覧,090000__tochigi-aed,1
090000_栃木県,県内の医療的ケア児支援医療機関一覧,090000_carejishien,1
090000_栃木県,私立学校名簿（大学）,090000_daigaku,1
090000_栃木県,歯科診療所名簿,090000_dentalclinicnamebook,1
090000_栃木県,公立義務教育学校一覧,090000_gimukyouikugakukouitiran,1
090000_栃木県,保育所一覧（2021年4月1日現在）,090000_hoikusyo,1
090000_栃木県,介護サービス事業所一覧（訪問看護）,090000_houmonkango,1
090000_栃木県,事業所内保育事業一覧（2021年4月1日現在）,090000_jigyousyonai,1
090000_栃木県,介護サービス事業所一覧（複合型サービス）,090000_kaigohoken-fukugous,1
090000_栃木県,介護サービス事業所一覧（訪問介護）,090000_kaigohoken-houkai,1
090000_栃木県,介護サービス事業所一覧（訪問リハビリテーション）,090000_kaigohoken-houreha,1
090000_栃木県,介護サービス事業所一覧（居宅介護支援）,090000_kaigohoken-kyotakai,1
090000_栃木県,介護サービス事業所一覧（認知症対応型共同生活介護）,090000_kaigohoken-ninkyosei,1
090000_栃木県,介護サービス事業所一覧（認知症対応型通所介護）,090000_kaigohoken-nintsukai,1
090000_栃木県,介護サービス事業所一覧（訪問入浴介護）,090000_kaigohoken-nyuyoku,1
090000_栃木県,介護サービス事業所一覧（介護老人福祉施設）,090000_kaigohoken-roufuku,1
090000_栃木県,介護サービス事業所一覧（介護老人保健施設）,090000_kaigohoken-rouho,1
090000_栃木県,介護サービス事業所一覧（介護療養型医療施設）,090000_kaigohoken-ryoyo,1
090000_栃木県,介護サービス事業所一覧（短期入所生活介護）,090000_kaigohoken-tankisei,1
090000_栃木県,介護サービス事業所一覧（特定施設入居者生活介護）,090000_kaigohoken-tokunyuse,1
090000_栃木県,介護サービス事業所一覧（通所介護）,090000_kaigohoken-tsushokai,1
090000_栃木県,介護サービス事業所一覧（通所リハビリテーション）,090000_kaigohoken-tsushoreha,1
090000_栃木県,介護サービス事業所一覧（介護予防支援）,090000_kaigohoken-yoboshien,1
090000_栃木県,介護サービス事業所一覧（特定福祉用具販売）,090000_kaigohoken-youguhan,1
090000_栃木県,介護サービス事業所一覧（福祉用具貸与）,090000_kaigohoken-yougutai,1
090000_栃木県,介護サービス事業所一覧（介護医療院）,090000_kaigoiryoin,1
090000_栃木県,私立学校名簿（各種学校）,090000_kakusyugakkou,1
090000_栃木県,家庭的保育事業一覧（2021年4月1日現在）,090000_kateiteki,1
090000_栃木県,県指定等文化財一覧,090000_ken-bunkazai,1
090000_栃木県,2018年度県立スポーツ施設における施設状況,090000_ken-supotsushisetsu,1
090000_栃木県,県営住宅一覧,090000_keneijyutaku,1
090000_栃木県,県立中学校一覧,090000_kenritsuchugakko,1
090000_栃木県,県立高等学校一覧,090000_kenritsukoutougakko,1
090000_栃木県,栃木県内における地域子育て支援拠点一覧,090000_kosodatekyoten,1
090000_栃木県,私立学校名簿（高等学校・広域通信制）,090000_koukou-tsushinsei,1
090000_栃木県,私立学校名簿（高等学校・全日制）,090000_koukou-zennichisei,1
090000_栃木県,国指定等文化財一覧,090000_kuni-bunkazai,1
090000_栃木県,市町別居宅訪問型保育事業一覧,090000_kyotakuhoumongata,1
090000_栃木県,介護サービス事業所一覧（共生型通所介護）,090000_kyouseigatatuusyokaigo,1
090000_栃木県,救急病院名簿,090000_kyukyu-meibo1,1
090000_栃木県,救急診療所名簿,090000_kyukyu-meiibo2,1
090000_栃木県,介護サービス事業所一覧（地域密着型介護老人福祉施設入所者生活介護）,090000_micchaku-tokuyou,1
090000_栃木県,介護サービス事業所一覧（地域密着型通所介護）,090000_micchaku-tsusyokaigo,1
090000_栃木県,認定こども園一覧（2021年4月1日現在）,090000_ninteikodomoen,1
090000_栃木県,農産物直売所一覧,090000_nousannbututyokubaijyo,1
090000_栃木県,栃木県内におけるおもちゃ図書館一覧,090000_omotyatosyokan,1
090000_栃木県,栃木県内におけるオストメイトトイレ一覧表,090000_ostomatetoilet,1
090000_栃木県,指定自立支援医療機関一覧（精神通院医療_病院又は診療所）,090000_seishintsuuinn-byouin,1
090000_栃木県,指定自立支援医療機関一覧（精神通院医療_訪問看護ステーション）,090000_seishintsuuinn-houkan,1
090000_栃木県,指定自立支援医療機関一覧（精神通院医療_薬局）,090000_seishintsuuinn-yakkyoku,1
090000_栃木県,私立学校名簿（専修学校）,090000_sensyugakkou,1
090000_栃木県,県立特別支援学校一覧,090000_shiengakkouitiran,1
090000_栃木県,各市町立スポーツ施設における施設状況,090000_shimati-okugaisonota,5
090000_栃木県,公立小学校一覧,090000_shougakukouitiran,1
090000_栃木県,私立学校名簿（小学校),090000_syogakkou,1
090000_栃木県,介護サービス事業所一覧（小規模多機能型居宅介護）,090000_syokibotakinou,1
090000_栃木県,市町別小規模保育事業一覧,090000_syoukibo,1
090000_栃木県,私立学校名簿（短期大学）,090000_tandai,1
090000_栃木県,介護サービス事業所一覧（短期入所療養介護）,090000_tankinyusyoryouyou,1
090000_栃木県,介護サービス事業所一覧（定期巡回・随時対応型訪問介護看護）,090000_teikijunkai,1
090000_栃木県,私立学校名簿（中学校),090000_tyugakkou,1
090000_栃木県,私立学校名簿（中等教育学校）,090000_tyutoukyoikugakkou,1
090000_栃木県,公立中学校一覧,090000_tyuugakukouitiran,1
090000_栃木県,私立学校名簿（幼稚園）,090000_youchienn,1
090000_栃木県,真岡市投票所一覧,092096_26212,1
090000_栃木県,真岡市直売所,092096_26277,1
090000_栃木県,放課後児童クラブ一覧,092096_26299,1
090000_栃木県,都市公園一覧,092096_26305,1
090000_栃木県,歯科診療所一覧（歯科医師会加入）,092096_26315,1
090000_栃木県,真岡市営墓地,092096_26348,1
090000_栃木県,予防接種実施医療機関一覧,092096_26389,1
090000_栃木県,スポーツ施設一覧,092096_p_24618,1
090000_栃木県,AED設置箇所一覧,092096_p_7010_7010,1
090000_栃木県,介護サービス施設一覧,092096_p_7011_7011,1
090000_栃木県,文化財一覧,092096_p_7012_7012,1
090000_栃木県,観光施設一覧,092096_p_7013_7013,1
090000_栃木県,公衆トイレ一覧,092096_p_7016_7016,1
090000_栃木県,指定緊急避難場所・避難所一覧,092096_p_7017_7017,1
090000_栃木県,公共施設一覧,092096_p_7020_7020,1
090000_栃木県,子育て施設一覧,092096_p_7021_7021,1
110001_埼玉県,【川越市】AED設置箇所一覧,8,10
110001_埼玉県,【川越市】消防水利施設一覧,10,10
110001_埼玉県,【川越市】指定緊急避難場所一覧,11,18
110001_埼玉県,【川越市】公衆トイレ一覧,14,10
110001_埼玉県,【狭山市】文化財一覧,18,1
110001_埼玉県,【狭山市】保育園・幼稚園情報,20,1
110001_埼玉県,【越谷市】消防水利施設一覧,29,1
110001_埼玉県,【越谷市】日曜日・祝日・夜間（19時以降受付）に診療をおこなっている医療機関一覧,49,5
110001_埼玉県,【和光市】指定緊急避難場所一覧,94,1
110001_埼玉県,【和光市】AED設置箇所一覧,114,1
110001_埼玉県,【和光市】公共施設一覧,116,1
110001_埼玉県,【上尾市】AED設置箇所一覧,136,1
110001_埼玉県,【富士見市】AED設置箇所一覧,137,1
110001_埼玉県,【上尾市】公共施設一覧,152,1
110001_埼玉県,【上尾市】公衆トイレ一覧,153,1
110001_埼玉県,【越谷市】公衆無線LANアクセスポイント一覧,154,1
110001_埼玉県,【朝霞市】AED設置場所情報,157,1
110001_埼玉県,【朝霞市】避難所,159,1
110001_埼玉県,【朝霞市】保育園・幼稚園情報,160,1
110001_埼玉県,【朝霞市】公共施設情報,163,1
110001_埼玉県,【朝霞市】市内公共施設等の授乳・オムツ交換場所,164,2
110001_埼玉県,【上尾市】文化財一覧,171,1
110001_埼玉県,【川越市】文化財一覧,176,10
110001_埼玉県,【川越市】介護サービス事業所一覧,187,2
110001_埼玉県,【越谷市】地域子育て支援センター・保育ステーション一覧,188,1
110001_埼玉県,【新座市】AED設置箇所一覧,196,1
110001_埼玉県,【新座市】文化財一覧,197,2
110001_埼玉県,【新座市】指定緊急避難場所一覧,198,2
110001_埼玉県,【新座市】医療機関一覧,200,2
110001_埼玉県,【新座市】子育て施設一覧,202,2
110001_埼玉県,【新座市】公衆トイレ一覧,203,2
110001_埼玉県,【新座市】公衆無線LANアクセスポイント一覧,204,2
110001_埼玉県,【幸手市】指定緊急避難場所・指定避難所一覧,228,1
110001_埼玉県,【戸田市】避難所基本情報,229,1
110001_埼玉県,【富士見市】子育て施設一覧,248,1
110001_埼玉県,【富士見市】公共施設一覧,250,1
110001_埼玉県,【和光市】公共施設(福祉施設),266,1
110001_埼玉県,【和光市】公共施設 (学校),268,1
110001_埼玉県,【飯能市】公共施設情報,289,1
110001_埼玉県,【越谷市】指定緊急避難場所一覧,299,4
110001_埼玉県,【熊谷市】公共施設情報（指定緊急避難場所及び指定避難所）,301,5
110001_埼玉県,【朝霞市】緊急時避難場所,302,1
110001_埼玉県,【川口市】子育て施設一覧,305,1
110001_埼玉県,【寄居町】保育園・幼稚園情報,308,1
110001_埼玉県,【川越市】子育て施設一覧,312,10
110001_埼玉県,【和光市】公共施設（学童クラブ・児童センター）,313,1
110001_埼玉県,【本庄市】公衆無線LANアクセスポイント一覧,325,1
110001_埼玉県,【本庄市】公共施設情報,326,1
110001_埼玉県,【川島町】指定緊急避難場所,331,1
110001_埼玉県,【ふじみ野市】公衆無線LANアクセスポイント一覧,338,1
110001_埼玉県,【ふじみ野市】公共施設一覧,344,2
110001_埼玉県,【ふじみ野市】AED設置公共施設一覧,345,1
110001_埼玉県,【ふじみ野市】避難所一覧,346,1
110001_埼玉県,【ふじみ野市】文化財一覧,347,1
110001_埼玉県,【ふじみ野市】保育園・幼稚園等一覧,348,2
110001_埼玉県,介護サービス事業者一覧,390,1
110001_埼玉県,【上尾市】介護サービス事業所一覧,391,1
110001_埼玉県,【上里町】介護サービス事業所一覧,393,1
110001_埼玉県,【上里町】公衆無線LANアクセスポイント一覧,398,1
110001_埼玉県,【川越市】観光施設一覧,401,14
110001_埼玉県,【上尾市】観光施設一覧,403,1
110001_埼玉県,【富士見市】観光施設一覧,404,1
110001_埼玉県,【川口市】AED設置箇所一覧,413,1
110001_埼玉県,【川口市】文化財一覧,414,1
110001_埼玉県,【川口市】指定緊急避難場所一覧,415,1
110001_埼玉県,【川口市】消防水利施設一覧,416,1
110001_埼玉県,【川口市】医療機関一覧,417,1
110001_埼玉県,【川口市】介護サービス事業所一覧,418,1
110001_埼玉県,【川口市】公衆トイレ一覧,426,1
110001_埼玉県,【川口市】観光施設一覧,427,1
110001_埼玉県,【埼玉県】こども食堂一覧,478,1
110001_埼玉県,【越谷市】ＡＥＤ設置場所情報,490,1
110001_埼玉県,【越谷市】文化財一覧,491,1
110001_埼玉県,【越谷市】地区センター・公民館,495,1
110001_埼玉県,【越谷市】指定避難所一覧,503,2
110001_埼玉県,【越谷市】観光施設一覧,507,1
110001_埼玉県,【越谷市】公衆トイレ一覧,531,1
110001_埼玉県,【和光市】公共施設(公園),539,1
110001_埼玉県,【越谷市】公共施設一覧,552,1
110001_埼玉県,【上尾市】公共施設予約システム利用公共施設一覧,555,1
110001_埼玉県,【和光市】公共施設(公民館・コミュニティーセンター・地域センター),558,1
110001_埼玉県,【久喜市】公衆無線LANアクセスポイント,559,1
110001_埼玉県,【久喜市】久喜市指定緊急避難場所・指定避難所一覧,573,1
110001_埼玉県,【和光市】公共施設(教育・スポーツ施設),614,1
110001_埼玉県,【戸田市】公衆無線LANアクセスポイント一覧,615,1
110001_埼玉県,【皆野町】指定緊急避難場所・指定避難所一覧,628,1
110001_埼玉県,【小鹿野町】指定緊急避難場所,641,1
110001_埼玉県,【小川町】文化財一覧,643,1
110001_埼玉県,【小川町】指定緊急避難場所一覧,644,1
110001_埼玉県,【小川町】公衆無線LANアクセスポイント一覧,646,1
110001_埼玉県,【上尾市】公衆無線LANアクセスポイント一覧,663,1
110001_埼玉県,【埼玉県】公衆無線LANアクセスポイント一覧,674,1
110001_埼玉県,【川越市】公共施設一覧,700,10
110001_埼玉県,【上尾市】指定緊急避難場所一覧,702,1
110001_埼玉県,【宮代町】指定緊急避難場所一覧,703,1
110001_埼玉県,【上尾市】消防水利施設一覧,705,1
110001_埼玉県,【川口市】公共施設情報,709,1
110001_埼玉県,【上里町】指定緊急避難場所,712,1
110001_埼玉県,【富士見市】指定緊急避難場所一覧,713,1
110001_埼玉県,【嵐山町】指定緊急避難場所,714,1
110001_埼玉県,【ときがわ町】指定緊急避難場所・指定避難所一覧,744,1
110001_埼玉県,【鶴ヶ島市】指定緊急避難場所・避難所,841,1
110001_埼玉県,【和光市】文化財一覧,880,1
110001_埼玉県,【和光市】子育て施設一覧,881,1
110001_埼玉県,【和光市】医療機関一覧,882,1
110001_埼玉県,【和光市】介護サービス事業所一覧,884,1
110001_埼玉県,【和光市】公衆トイレ一覧,885,1
110001_埼玉県,【横瀬町】指定緊急避難場所一覧,891,1
110001_埼玉県,【寄居町】AED設置場所情報,892,1
110001_埼玉県,【寄居町】文化財情報,893,1
110001_埼玉県,【寄居町】公共施設情報,895,1
110001_埼玉県,【狭山市】公衆トイレ一覧,1004,1
110001_埼玉県,【鴻巣市】公共施設一覧,1071,1
110001_埼玉県,【鴻巣市】指定緊急避難場所一覧,1073,1
110001_埼玉県,【鴻巣市】子育て施設一覧,1075,1
110001_埼玉県,【鴻巣市】公衆無線LANアクセスポイント一覧,1077,1
110001_埼玉県,【鴻巣市】AED設置箇所一覧,1078,1
110001_埼玉県,【鴻巣市】介護サービス事業所一覧,1079,1
110001_埼玉県,【鴻巣市】医療機関一覧,1080,1
110001_埼玉県,【鴻巣市】公衆トイレ一覧,1081,1
110001_埼玉県,【鴻巣市】消防水利施設一覧,1082,1
110001_埼玉県,【鴻巣市】観光施設一覧,1153,1
110001_埼玉県,【川越市】公衆無線LANアクセスポイント一覧,1156,4
110001_埼玉県,【川越市】公営駐車場一覧,1162,2
110001_埼玉県,【入間市】投票所一覧,1178,1
110001_埼玉県,【川越市】公園等一覧,1185,2
110001_埼玉県,【川越市】投票所一覧,1189,2
110001_埼玉県,【さいたま市】公共施設の位置情報（緯度経度）一覧,1191,1
110001_埼玉県,【さいたま市】市営住宅等一覧,1192,1
110001_埼玉県,【さいたま市】さいたま市の文化財,1196,1
110001_埼玉県,【さいたま市】さいたま市健康づくり協力店一覧,1200,1
110001_埼玉県,【さいたま市】市所管の公園等一覧（オープンデータ）,1201,1
110001_埼玉県,【さいたま市】指定避難所・指定緊急避難場所一覧,1209,2
110001_埼玉県,【さいたま市】認可保育所（認可保育園）一覧,1214,5
110001_埼玉県,【さいたま市】認可外保育施設一覧,1215,1
110001_埼玉県,【狭山市】公衆無線LANアクセスポイント一覧,1216,1
110001_埼玉県,【さいたま市】市立学校一覧,1227,5
110001_埼玉県,【さいたま市】医療機関一覧,1230,3
110001_埼玉県,【ふじみ野市】投票所一覧,1325,2
110001_埼玉県,【川越市】医療機関一覧,1345,4
110001_埼玉県,【和光市】公衆無線LANアクセスポイント一覧,1399,1
110001_埼玉県,【本庄市】公衆トイレ一覧,1480,1
110001_埼玉県,【さいたま市】施術所一覧,1525,3
110001_埼玉県,【越谷市】介護サービス事業所一覧,1563,1
110001_埼玉県,【越谷市】医療機関一覧,1619,21
110001_埼玉県,【越谷市】子育て施設一覧,1988,1
110001_埼玉県,【狭山市】介護サービス事業所一覧,2025,1
110001_埼玉県,【狭山市】公共施設一覧,2026,1
110001_埼玉県,【越谷市】投票所一覧,2083,1
110001_埼玉県,【春日部市】文化財一覧,2135,1
110001_埼玉県,【春日部市】指定緊急避難場所一覧,2136,1
110001_埼玉県,【春日部市】子育て施設一覧,2137,1
110001_埼玉県,【春日部市】AED設置箇所一覧,2138,1
110001_埼玉県,【春日部市】介護サービス事業所一覧,2139,1
110001_埼玉県,【春日部市】観光施設一覧,2140,1
110001_埼玉県,【春日部市】消防水利施設一覧,2141,1
110001_埼玉県,【春日部市】公営駐車場一覧,2146,1
110001_埼玉県,【加須市】公衆無線LANアクセスポイント,2184,1
110001_埼玉県,【加須市】子育て施設一覧,2195,1
110001_埼玉県,【加須市】介護サービス事業所一覧,2197,1
110001_埼玉県,【加須市】文化財一覧,2202,1
110001_埼玉県,【春日部市】公共施設一覧,2225,1
110001_埼玉県,【蓮田市】指定緊急避難場所一覧,2372,1
110001_埼玉県,【蕨市】指定緊急避難場所一覧,2379,1
110001_埼玉県,【入間市】学童保育室一覧,2436,1
110001_埼玉県,【北本市】公共施設一覧,2449,1
110001_埼玉県,【北本市】文化財一覧,2450,1
110001_埼玉県,【北本市】指定緊急避難場所一覧,2451,1
110001_埼玉県,【北本市】子育て施設一覧,2453,1
110001_埼玉県,【埼玉県】医療機関一覧,2464,1
110001_埼玉県,【坂戸市】AED設置箇所一覧,2525,1
110001_埼玉県,【自治体名】介護サービス事業所一覧,2527,1
110001_埼玉県,【坂戸市】医療機関一覧,2528,1
110001_埼玉県,【坂戸市】公共施設一覧,2529,1
110001_埼玉県,【坂戸市】公衆トイレ一覧,2530,1
110001_埼玉県,【坂戸市】公衆無線LANアクセスポイント一覧,2531,1
110001_埼玉県,【坂戸市】子育て施設一覧,2533,1
110001_埼玉県,【坂戸市】指定緊急避難場所一覧,2535,1
110001_埼玉県,【坂戸市】文化財一覧,2537,1
110001_埼玉県,【埼玉県】介護サービス事業所一覧,2540,2
110001_埼玉県,【蓮田市】子育て施設一覧,2631,1
110001_埼玉県,【蓮田市】文化財一覧,2633,1
110001_埼玉県,【蓮田市】AED設置箇所一覧,2636,1
110001_埼玉県,【蓮田市】介護サービス事業所一覧,2637,1
110001_埼玉県,【蓮田市】医療機関一覧,2638,1
110001_埼玉県,【蓮田市】消防水利施設一覧,2639,1
110001_埼玉県,【本庄市】指定緊急避難場所一覧,2655,1
110001_埼玉県,【行田市】公共施設一覧,2668,1
110001_埼玉県,【羽生市】文化財一覧,2766,1
110001_埼玉県,【羽生市】指定緊急避難場所一覧,2767,1
110001_埼玉県,【羽生市】子育て施設一覧,2770,1
110001_埼玉県,【羽生市】公衆無線LANアクセスポイント一覧,2771,1
110001_埼玉県,【羽生市】AED設置箇所一覧,2772,1
110001_埼玉県,【羽生市】介護サービス事業所一覧,2773,1
110001_埼玉県,【羽生市】公共施設一覧,2774,1
110001_埼玉県,【羽生市】公衆トイレ一覧,2778,1
110001_埼玉県,【羽生市】消防水利施設一覧,2779,1
110001_埼玉県,【小鹿野町】公共施設一覧,3012,1
110001_埼玉県,【春日部市】公衆トイレ一覧,3055,1
110001_埼玉県,【八潮市】文化財一覧,3146,1
110001_埼玉県,【埼玉県】指定緊急避難場所一覧,3281,2
120006_千葉県,【千葉県】県内のこども食堂一覧表,93,1
120006_千葉県,【千葉県】公共施設一覧,142,1
120006_千葉県,【千葉県】「健康ちば協力店」地域別一覧,385,1
120006_千葉県,【千葉県】公衆無線LANアクセスポイント一覧,692,2
120006_千葉県,【千葉県】市町村子育て施設（放課後児童クラブ）一覧,693,1
120006_千葉県,【千葉県】文化財一覧,695,1
120006_千葉県,【千葉県】公衆トイレ一覧（県立公園）,706,1
120006_千葉県,【千葉県】公衆トイレ一覧（千葉県自然公園施設等）,748,3
120006_千葉県,【千葉県】自動体外式除細動器（AED）設置情報,772,1
120006_千葉県,【柏市】AED設置場所,1840,1
120006_千葉県,【富津市】介護福祉課指定管理施設,2019,1
122041_千葉県船橋市,AED設置施設一覧,122041_aed_sikoukyousisetsu,1
122041_千葉県船橋市,防災倉庫一覧,122041_bousaisouko,1
122041_千葉県船橋市,避難場所データ,122041_hinanbasyo,1
122041_千葉県船橋市,避難所データ,122041_hinanjyo,1
122041_千葉県船橋市,家庭的保育事業所一覧,122041_kateitekihoikuichiranr2,1
122041_千葉県船橋市,認定こども園一覧,122041_ninteikodomoenitiran,1
122041_千葉県船橋市,公衆無線LANアクセスポイント一覧,122041_public_wireless_lan,1
122041_千葉県船橋市,指定介護保険サービス事業所一覧,122041_r8siteikaigo,1
122041_千葉県船橋市,消防庁舎一覧,122041_shobotyousya,1
122041_千葉県船橋市,市立小・中学校一覧,122041_siritsusyoutyugakkoitiran,1
122041_千葉県船橋市,私立保育所一覧,122041_sirituhoikusyoitiran,1
122041_千葉県船橋市,小規模保育事業所一覧,122041_syokibohoikuichiran,1
122041_千葉県船橋市,観光施設一覧,122041_tourism,1
130001_東京都,東京都地域防災計画 震災編（平成26年修正）別冊資料,t000003d1700000018,33
130001_東京都,東京都地域防災計画　風水害編　別冊資料,t000003d1700000019,1
130001_東京都,東京都地域防災計画　震災編（平成26年修正）別冊資料,t000003d1700000030,12
130001_東京都,東京都地域防災計画　風水害編　別冊資料,t000003d1700000032,11
130001_東京都,地域防災計画 火山編_本冊,t000003d1700000033,1
130001_東京都,地域防災計画 大規模事故編_資料編,t000003d1700000035,1
130001_東京都,地域防災計画 火山編_資料編,t000003d1700000036,1
130001_東京都,都立文化施設におけるエレベーター・多目的トイレのバリアフリー情報,t000006d0000000004,1
130001_東京都,スポーツ推進計画・審議会_平成27年度指定管理者管理運営状況評価結果,t000007d1900000005,1
130001_東京都,一般廃棄物対策・都内一般廃棄物焼却施設における飛灰等の放射性物質等測定結果について,t000009d2000000001,1
130001_東京都,東京都内の飲食店のバリアフリー情報,t000012d0000000063,1
130001_東京都,東京都駐車場の指定管理者候補者の決定について（平成27年度）,t000014d1700000005,2
130001_東京都,東京都の町村部に設置する路外駐車場・特定路外駐車場の届出,t000014d1700000006,3
130001_東京都,都立公園・庭園案内_都立公園 庭園一覧はこちら,t000014d2000000007,1
130001_東京都,東京消防庁 消火栓及び防火水槽等,t000017d0000000007,2
130001_東京都,東京消防庁救急相談センター協力医療機関証の交付医療機関,t000017d1700000052,1
130001_東京都,文化財一覧,t000021d0000000017,1
130001_東京都,施設関連情報_図書館,t000021d2000000003,1
130001_東京都,施設関連情報_公民館,t000021d2000000016,1
130001_東京都,施設関連情報_図書館,t000021d2000000019,1
130001_東京都,平成30年度東京都立中等教育学校及び東京都立中学校入学者決定に関する実施要綱・同細目について_東京都立中等教育学校及び東京都立中学校一覧,t000021d2000000042,2
130001_東京都,平成29年度東京都立高等学校入学者選抜最終応募状況（定時制第二次募集）_総括表,t000021d2000000048,1
130001_東京都,平成29年度東京都立高等学校入学者選抜最終応募状況（定時制第二次募集）_普通科,t000021d2000000049,1
130001_東京都,平成29年度東京都立高等学校入学者選抜最終応募状況（定時制第二次募集）_専門学科・総合学科,t000021d2000000050,3
130001_東京都,平成29年度東京都立高等学校入学者選抜最終応募状況（分割後期募集・全日制第二次募集（取下げ再提出後））_普通科,t000021d2000000055,1
130001_東京都,平成29年度東京都立高等学校入学者選抜最終応募状況（分割後期募集・全日制第二次募集（取下げ再提出後））_専門学科・単位制（定時制）,t000021d2000000056,1
130001_東京都,施設関連情報_公民館,t000021d2000000164,1
130001_東京都,宿泊施設等の施設情報ポータルサイト「だれでも東京」,t000029d0000000003,6
130001_東京都,公衆無線LANアクセスポイント一覧,t000029d0000000025,1
130001_東京都,公共施設一覧,t000029d0000000030,1
130001_東京都,東京デジタル2030ビジョン（こどもDX）子育て支援制度レジストリ,t000029d0000000034,1
130001_東京都,車椅子使用者対応トイレのバリアフリー情報（令和７年度更新版）,t000054d0000000342,1
130001_東京都,無料低額診療施設・無料低額介護老人保健施設一覧,t000054d0000000346,2
130001_東京都,東京都の災害拠点病院等,t000055d0000000357,2
130001_東京都,医療費助成窓口のお知らせ_立川市,t000055d0000000493,1
130001_東京都,福祉保健局事業所一覧_看護専門学校一覧,t000055d0000000545,1
130001_東京都,都内看護師等学校養成所一覧_都立看護専門学校の情報はこちらを参照してください,t000055d0000000546,1
130001_東京都,都立看護専門学校_都立看護専門学校一覧,t000055d0000000547,1
130001_東京都,東京都の小児がん対策_小児がん拠点病院・東京都小児がん診療病院,t000055d0000000550,2
130001_東京都,食肉衛生検査業務概況_平成29年版（28年度実績）（PDF,t000055d0000000588,3
130001_東京都,都立病院の診療科目一覧,t000055d0000000602,2
130001_東京都,都立スポーツ施設一覧,t000056d0000000002,1
130001_東京都,文化財一覧,t131016d0000000002,1
130001_東京都,公衆無線LANアクセスポイント一覧,t131016d0000000004,1
130001_東京都,公衆トイレ一覧,t131016d0000000005,1
130001_東京都,保護指定樹木,t131016d2024000003,1
130001_東京都,スポーツ施設一覧,t131016d3100000004,1
130001_東京都,公立図書館情報,t131016d3100000005,1
130001_東京都,資源回収場所（小学校等）一覧,t131024d0000000003,1
130001_東京都,資源回収箱設置公共施設一覧,t131024d0000000004,1
130001_東京都,区内の公園一覧,t131024d0000000011,1
130001_東京都,観光施設一覧,t131024d0000000020,1
130001_東京都,文化財一覧,t131024d0000000024,1
130001_東京都,公共施設一覧,t131024d0000000027,1
130001_東京都,子育て施設一覧,t131024d0000000028,1
130001_東京都,指定緊急避難所一覧,t131024d0000000030,1
130001_東京都,AED設置箇所一覧,t131024d0000000031,1
130001_東京都,消防水利施設一覧,t131024d0000000032,1
130001_東京都,介護サービス事業所一覧,t131024d0000000034,1
130001_東京都,医療機関一覧,t131024d0000000035,1
130001_東京都,公衆トイレ一覧,t131024d0000000036,1
130001_東京都,公共無線LAN AP一覧,t131024d0000000040,1
130001_東京都,都市公園・都立公園一覧,t131024d2025000003,1
130001_東京都,スポーツ施設一覧,t131024d3100000004,1
130001_東京都,公立図書館情報,t131024d3100000005,1
130001_東京都,子育て,t131032d0000000001,3
130001_東京都,港区の防災情報,t131032d0000000005,3
130001_東京都,港区の幼稚園、小・中学校,t131032d0000000006,3
130001_東京都,港区の健康・医療・福祉情報,t131032d0000000010,1
130001_東京都,港区の公共施設情報,t131032d0000000014,1
130001_東京都,港区公衆無線ＬＡＮアクセスポイント一覧,t131032d0000000022,2
130001_東京都,ムスリムの文化に関する情報,t131032d0000000035,2
130001_東京都,港区文化財一覧,t131032d0000000095,2
130001_東京都,港区の診療所情報,t131032d0000000208,32
130001_東京都,港区の施術所情報,t131032d0000000209,31
130001_東京都,港区の薬局情報,t131032d0000000210,15
130001_東京都,港区AED設置場所,t131032d0000000241,1
130001_東京都,スポーツ施設一覧,t131032d0000000251,1
130001_東京都,保護指定樹木,t131032d0000000274,1
130001_東京都,新宿区の防災情報,t131041d0000000001,1
130001_東京都,新宿区の公衆無線LAN情報,t131041d0000000011,1
130001_東京都,新宿区の平成29年度保育園子ども園（認可）一覧,t131041d0000000050,1
130001_東京都,新宿区の平成30年度保育園子ども園（認証）一覧,t131041d0000000051,1
130001_東京都,新宿区の平成31年度保育園子ども園（認証）一覧,t131041d0000000052,1
130001_東京都,新宿区の令和2年度保育園子ども園（認証）一覧,t131041d0000000053,1
130001_東京都,新宿区の令和3年度保育園子ども園（認証）一覧,t131041d0000000054,1
130001_東京都,新宿区の避難所情報,t131041d0000000055,1
130001_東京都,新宿区の公共施設情報,t131041d0000000064,1
130001_東京都,新宿区の令和2年度保育園子ども園（認可）一覧,t131041d0000000102,1
130001_東京都,新宿区の令和3年度保育園子ども園（認可）一覧,t131041d0000000103,1
130001_東京都,新宿区の平成29年度保育園子ども園（認証）一覧,t131041d0000000104,2
130001_東京都,新宿区の平成30年度保育園子ども園（認可）一覧,t131041d0000000105,1
130001_東京都,新宿区の平成31年度保育園子ども園（認可）一覧,t131041d0000000106,1
130001_東京都,新宿区の指定緊急避難場所一覧,t131041d0000000115,1
130001_東京都,新宿区の子育て施設一覧,t131041d0000000117,1
130001_東京都,新宿区の公衆無線LAN情報,t131041d0000000118,1
130001_東京都,新宿区のAED設置個所一覧,t131041d0000000119,1
130001_東京都,新宿区の介護サービス事業所一覧,t131041d0000000120,1
130001_東京都,新宿区の医療機関一覧,t131041d0000000121,1
130001_東京都,新宿区の公衆トイレ一覧,t131041d0000000123,1
130001_東京都,都市公園・都立公園一覧,t131041d2025000003,1
130001_東京都,スポーツ施設一覧,t131041d3100000004,1
130001_東京都,公立図書館情報,t131041d3100000005,1
130001_東京都,AED設置箇所一覧,t131059d0000000002,1
130001_東京都,公衆無線LAN設置場所,t131059d0101040001,1
130001_東京都,自転車駐車場,t131059d0109020001,1
130001_東京都,地域子育て支援拠点（子育てひろば等）,t131059d0206070001,1
130001_東京都,キッズルーム（一時保育）,t131059d0206070002,1
130001_東京都,病児・病後児保育ルーム,t131059d0206070004,1
130001_東京都,保育園,t131059d0206080001,1
130001_東京都,幼稚園,t131059d0213010001,1
130001_東京都,区立小学校,t131059d0213010002,1
130001_東京都,区立中学校,t131059d0213010003,1
130001_東京都,児童館,t131059d0213040002,1
130001_東京都,文化・スポーツ施設,t131059d0304010001,1
130001_東京都,区立図書館,t131059d0313060001,1
130001_東京都,緊急避難場所・避難所,t131059d0502060001,1
130001_東京都,区立公園・児童遊園・遊び場一覧,t131059d0509040001,1
130001_東京都,都市公園・都立公園一覧,t131059d2025000003,1
130001_東京都,子ども食堂一覧,t131059d3100000001,1
130001_東京都,スポーツ施設一覧,t131059d3100000004,2
130001_東京都,公立図書館情報,t131059d3100000005,1
130001_東京都,区役所、分庁舎、区民事務所、地区センター,t131067d0000000223,1
130001_東京都,児童館・こどもクラブ,t131067d0000000224,1
130001_東京都,保育施設,t131067d0000000225,1
130001_東京都,幼稚園・認定こども園,t131067d0000000226,1
130001_東京都,小学校・中学校・高校・大学,t131067d0000000228,1
130001_東京都,救急医療機関,t131067d0000000230,1
130001_東京都,区民館・公会堂,t131067d0000000232,1
130001_東京都,図書館,t131067d0000000234,1
130001_東京都,文化観光施設,t131067d0000000236,1
130001_東京都,トイレ情報,t131067d0000000249,1
130001_東京都,名所・史跡,t131067d0000000251,1
130001_東京都,風水害時における自主及び緊急避難場所、緊急滞在施設一覧,t131067d0000000280,1
130001_東京都,指定緊急避難場所一覧,t131067d0000000382,1
130001_東京都,介護サービス事業所一覧,t131067d0000000383,1
130001_東京都,文化財一覧,t131067d0000000393,1
130001_東京都,都市公園・都立公園一覧,t131067d2025000003,1
130001_東京都,子ども食堂一覧,t131067d3100000001,1
130001_東京都,スポーツ施設一覧,t131067d3100000004,1
130001_東京都,公立図書館情報,t131067d3100000005,1
130001_東京都,行政基礎資料集（平成28年4月1日基準） 防災・防犯,t131075d0000000064,3
130001_東京都,AED設置施設,t131075d0000000100,1
130001_東京都,公共施設一覧,t131075d0000000131,1
130001_東京都,文化財一覧,t131075d0000000132,1
130001_東京都,公共無線LANアクセスポイント一覧,t131075d0000000134,1
130001_東京都,観光施設一覧,t131075d0000000135,1
130001_東京都,公衆トイレ一覧,t131075d0000000137,1
130001_東京都,都市公園・都立公園一覧,t131075d2025000003,1
130001_東京都,スポーツ施設一覧,t131075d3100000004,1
130001_東京都,公立図書館情報,t131075d3100000005,1
130001_東京都,文化財一覧,t131083d0000000015,1
130001_東京都,観光施設一覧,t131083d0000000016,1
130001_東京都,公衆無線LANアクセスポイント一覧,t131083d0000000018,1
130001_東京都,公衆トイレ一覧,t131083d0000000019,1
130001_東京都,介護サービス事業所一覧,t131083d0000000026,1
130001_東京都,AED設置箇所一覧,t131083d0000000027,1
130001_東京都,消防水利施設一覧,t131083d0000000029,1
130001_東京都,マイ保育園ひろば実施園一覧,t131083d0000000034,1
130001_東京都,病児・病後児保育実施施設一覧,t131083d0000000035,1
130001_東京都,私立幼稚園一覧,t131083d0000000036,1
130001_東京都,特別支援学校一覧,t131083d0000000038,1
130001_東京都,健康づくり応援店一覧,t131083d0000000048,1
130001_東京都,梅毒抗体検査実施医療機関一覧,t131083d0000000054,1
130001_東京都,こどもの定期予防接種実施医療機関一覧,t131083d0000000055,1
130001_東京都,妊婦歯科健康診査実施医療機関一覧,t131083d0000000057,1
130001_東京都,都市公園・都立公園一覧,t131083d2025000003,1
130001_東京都,子ども食堂一覧,t131083d3100000001,1
130001_東京都,スポーツ施設一覧,t131083d3100000004,1
130001_東京都,公立図書館情報,t131083d3100000005,1
130001_東京都,子育て施設一覧,t131083d3100000014,1
130001_東京都,避難所,t131091d0000000001,1
130001_東京都,公共施設,t131091d0000000003,1
130001_東京都,観光情報（しながわ百景）,t131091d0000000005,1
130001_東京都,投票所,t131091d0000000008,1
130001_東京都,トイレ情報,t131091d0000000009,1
130001_東京都,区立学校の放射線量,t131091d0000000025,1
130001_東京都,文化財,t131091d0000000026,6
130001_東京都,子育てネウボラ相談実施児童センター一覧,t131091d0000000031,1
130001_東京都,区立幼稚園,t131091d0000000052,1
130001_東京都,区立幼稚園一覧,t131091d0000000054,1
130001_東京都,保育園・幼稚園の放射線量,t131091d0000000057,1
130001_東京都,健康・福祉施設,t131091d0000000099,2
130001_東京都,その他のスポーツ施設,t131091d0000000108,1
130001_東京都,民間自転車駐輪場,t131091d0000000118,1
130001_東京都,消防署,t131091d0000000134,1
130001_東京都,二次避難所,t131091d0000000137,1
130001_東京都,災害時等の避難所・広域避難場所,t131091d0000000138,1
130001_東京都,品川地区避難所,t131091d0000000143,1
130001_東京都,大井地区避難所,t131091d0000000144,1
130001_東京都,大崎地区避難所,t131091d0000000145,1
130001_東京都,八潮地区避難所,t131091d0000000146,1
130001_東京都,荏原地区避難所,t131091d0000000147,1
130001_東京都,都市公園・都立公園一覧,t131091d2025000003,1
130001_東京都,子ども食堂一覧,t131091d3100000001,1
130001_東京都,スポーツ施設一覧,t131091d3100000004,1
130001_東京都,AED設置場所,t131105d0000000108,1
130001_東京都,東京都認証保育所,t131105d0000000126,1
130001_東京都,事業所内保育所,t131105d0000000127,1
130001_東京都,子ども食堂一覧,t131105d3100000001,1
130001_東京都,スポーツ施設一覧,t131105d3100000004,1
130001_東京都,公立図書館情報,t131105d3100000005,1
130001_東京都,公衆無線LANアクセスポイント一覧,t131113d0000000001,1
130001_東京都,児童館等一覧,t131113d0000000017,1
130001_東京都,区庁舎等一覧,t131113d0000000020,1
130001_東京都,図書館一覧,t131113d0000000021,1
130001_東京都,区営自転車駐車場一覧,t131113d0000000031,2
130001_東京都,都市公園・都立公園一覧,t131113d2025000003,1
130001_東京都,子ども食堂一覧,t131113d3100000001,1
130001_東京都,スポーツ施設一覧,t131113d3100000004,1
130001_東京都,公立図書館情報,t131113d3100000005,1
130001_東京都,公共施設一覧,t131121d0000000002,1
130001_東京都,公衆無線LANアクセスポイント一覧,t131121d0000000004,1
130001_東京都,介護サービス事業所一覧,t131121d0000000005,1
130001_東京都,観光施設一覧,t131121d0000000006,1
130001_東京都,消防水利施設一覧（防火水槽）,t131121d0000000008,1
130001_東京都,都市公園・都立公園一覧,t131121d2025000003,1
130001_東京都,スポーツ施設一覧,t131121d3100000004,1
130001_東京都,公立図書館情報,t131121d3100000005,1
130001_東京都,都市公園・都立公園一覧,t131130d2025000003,1
130001_東京都,子ども食堂一覧,t131130d3100000001,1
130001_東京都,スポーツ施設一覧,t131130d3100000004,1
130001_東京都,公立図書館情報,t131130d3100000005,1
130001_東京都,防災広場,t131148d0000000028,1
130001_東京都,消防水利施設一覧,t131148d0000000029,1
130001_東京都,区民活動センター一時避難所,t131148d0000000038,1
130001_東京都,水害時避難所,t131148d0000000039,1
130001_東京都,震災時の避難所一覧,t131148d0000000040,1
130001_東京都,中野区役所,t131148d0000000045,1
130001_東京都,文化施設,t131148d0000000049,1
130001_東京都,文化財一覧,t131148d0000000051,1
130001_東京都,小中学校,t131148d0000000054,1
130001_東京都,小学校学区域,t131148d0000000056,1
130001_東京都,中学校学区域,t131148d0000000057,1
130001_東京都,子育て施設及び入所最低指数一覧,t131148d0000000058,1
130001_東京都,特別支援学級_特別支援教室_特別支援学校一覧,t131148d0000000062,1
130001_東京都,一時保育_短期特例保育実施保育園一覧,t131148d0000000063,1
130001_東京都,病児病後児保育実施施設一覧,t131148d0000000064,1
130001_東京都,児童館_学童_キッズプラザ,t131148d0000000065,1
130001_東京都,地域包括支援センター,t131148d0000000093,1
130001_東京都,介護サービス事業所所在地,t131148d0000000108,1
130001_東京都,AED設置箇所一覧,t131148d0000000111,1
130001_東京都,公衆浴場,t131148d0000000114,1
130001_東京都,定期予防接種任意接種助成実施医療機関一覧,t131148d0000000122,1
130001_東京都,高齢者用肺炎球菌予防接種契約医療機関一覧,t131148d0000000123,1
130001_東京都,風しん抗体検査及び予防接種実施医療機関一覧,t131148d0000000124,1
130001_東京都,風しん第５期抗体検査及び予防接種実施医療機関一覧,t131148d0000000125,1
130001_東京都,医療機関一覧,t131148d0000000127,1
130001_東京都,公衆トイレ一覧,t131148d0000000150,1
130001_東京都,公園配置図,t131148d0000000151,1
130001_東京都,区営自転車駐車場設置箇所,t131148d0000000155,1
130001_東京都,区営住宅_福祉住宅,t131148d0000000156,1
130001_東京都,投票所,t131148d0000000158,1
130001_東京都,保護指定樹木,t131148d2024000003,1
130001_東京都,スポーツ施設,t131148d3100000004,2
130001_東京都,図書館,t131148d3100000005,1
130001_東京都,公共施設一覧,t131156d0000000198,1
130001_東京都,指定緊急避難場所一覧,t131156d0000000200,1
130001_東京都,子育て施設一覧,t131156d0000000202,1
130001_東京都,公衆トイレ一覧,t131156d0000000206,1
130001_東京都,消防水利施設一覧,t131156d0000000207,1
130001_東京都,公衆無線LANアクセスポイント一覧,t131156d0000000215,1
130001_東京都,都市公園・都立公園一覧,t131156d2025000003,1
130001_東京都,子ども食堂一覧,t131156d3100000001,1
130001_東京都,スポーツ施設一覧,t131156d3100000004,1
130001_東京都,公立図書館情報,t131156d3100000005,1
130001_東京都,AED設置箇所一覧,t131164d0000000001,1
130001_東京都,消防水利施設一覧,t131164d0000000002,1
130001_東京都,指定緊急避難場所一覧,t131164d0000000003,1
130001_東京都,介護サービス事業所一覧,t131164d0000000004,1
130001_東京都,観光施設一覧,t131164d0000000005,1
130001_東京都,文化財一覧（国もしくは地方公共団体が指定、登録、選定等行った文化財の一覧）,t131164d0000000007,1
130001_東京都,子育て施設一覧（幼稚園、保育園、認定こども園の一覧）,t131164d0000000008,1
130001_東京都,公衆トイレ一覧,t131164d0000000009,1
130001_東京都,公共施設一覧,t131164d0000000010,1
130001_東京都,公衆無線LANアクセスポイント一覧 (利用可能範囲),t131164d0000000011,1
130001_東京都,子ども食堂一覧,t131164d3100000001,2
130001_東京都,スポーツ施設一覧,t131164d3100000004,1
130001_東京都,公立図書館情報,t131164d3100000005,1
130001_東京都,公衆無線LANアクセスポイント一覧,t131172d0000000001,1
130001_東京都,AED設置場所一覧,t131172d0000000002,1
130001_東京都,区立小学校,t131172d0000000003,1
130001_東京都,区立中学校,t131172d0000000004,1
130001_東京都,避難所（震災対応）,t131172d0000000005,1
130001_東京都,避難場所・避難所（高台水害対応）,t131172d0000000006,1
130001_東京都,避難場所・避難所（水害対応）,t131172d0000000007,1
130001_東京都,荒川区保育所一覧,t131181d0000000003,1
130001_東京都,公衆無線LANアクセスポイント一覧,t131181d0000000004,1
130001_東京都,公共施設一覧,t131181d0000000005,1
130001_東京都,観光施設一覧,t131181d0000000006,1
130001_東京都,文化財一覧,t131181d0000000010,1
130001_東京都,公衆トイレ一覧,t131181d0000000012,1
130001_東京都,都市公園・都立公園一覧,t131181d2025000003,1
130001_東京都,子ども食堂一覧,t131181d3100000001,1
130001_東京都,スポーツ施設一覧,t131181d3100000004,1
130001_東京都,公立図書館情報,t131181d3100000005,1
130001_東京都,公共施設一覧,t131199d0000000001,1
130001_東京都,文化財一覧,t131199d0000000002,1
130001_東京都,公衆無線LANアクセスポイント一覧,t131199d0000000004,1
130001_東京都,公衆トイレ一覧,t131199d0000000005,1
130001_東京都,環境・防災,t131199d0000000152,5
130001_東京都,子ども・子育て・教育,t131199d0000000153,5
130001_東京都,健康・福祉,t131199d0000000154,7
130001_東京都,観光・文化財,t131199d0000000155,2
130001_東京都,公衆無線LANアクセスポイント一覧,t131199d0000000157,1
130001_東京都,CAP'S(児童館)一覧,t131199d0000000811,1
130001_東京都,板橋区の図書館,t131199d0000001381,1
130001_東京都,保育所一覧,t131199d3000000002,1
130001_東京都,子ども食堂一覧,t131199d3100000001,1
130001_東京都,スポーツ施設一覧,t131199d3100000004,1
130001_東京都,公立図書館情報,t131199d3100000005,1
130001_東京都,防災井戸,t131202d0000000027,1
130001_東京都,学校防災井戸,t131202d0000000028,1
130001_東京都,図書館資料受取窓口利用状況,t131202d0000000036,6
130001_東京都,文化財一覧,t131202d0000000037,3
130001_東京都,観光施設一覧,t131202d0000000038,1
130001_東京都,投票所一覧,t131202d0000000044,1
130001_東京都,公衆無線LANアクセスポイント一覧,t131202d0000000106,1
130001_東京都,AED設置箇所一覧,t131202d0000000111,1
130001_東京都,介護サービス事業所一覧,t131202d0000000113,2
130001_東京都,公共施設一覧,t131202d0000000115,1
130001_東京都,指定緊急避難場所一覧,t131202d0000000130,1
130001_東京都,公園トイレ一覧,t131202d0000000132,1
130001_東京都,公営駐輪場一覧,t131202d0000000133,1
130001_東京都,都市公園・都立公園一覧,t131202d2025000003,1
130001_東京都,子ども食堂一覧,t131202d3100000001,1
130001_東京都,スポーツ施設一覧,t131202d3100000004,1
130001_東京都,公立図書館情報,t131202d3100000005,1
130001_東京都,都市公園・都立公園一覧,t131211d2025000003,1
130001_東京都,スポーツ施設一覧,t131211d3100000004,1
130001_東京都,公立図書館情報,t131211d3100000005,1
130001_東京都,区内施設一覧,t131229d0000000002,13
130001_東京都,観光施設一覧,t131229d0000000004,1
130001_東京都,公共施設一覧,t131229d0000000005,1
130001_東京都,文化財一覧,t131229d0000000006,1
130001_東京都,公衆無線LANアクセスポイント一覧,t131229d0000000008,1
130001_東京都,公衆トイレ一覧,t131229d0000000009,1
130001_東京都,都市公園・都立公園一覧,t131229d2025000003,1
130001_東京都,子ども食堂一覧,t131229d3100000001,1
130001_東京都,スポーツ施設一覧,t131229d3100000004,1
130001_東京都,公立図書館情報,t131229d3100000005,1
130001_東京都,公衆無線LANアクセスポイント一覧,t131237d0000000256,1
130001_東京都,公衆トイレ一覧,t131237d0000000257,1
130001_東京都,スポーツ施設一覧,t131237d3100000004,1
130001_東京都,公立図書館情報,t131237d3100000005,1
130001_東京都,公園データ一覧,t132012d0000000019,1
130001_東京都,学童保育所一覧,t132012d0000000032,1
130001_東京都,公共施設一覧,t132012d0000000090,1
130001_東京都,公衆無線LANアクセスポイント一覧,t132012d0000000093,1
130001_東京都,都市公園・都立公園一覧,t132012d2025000003,1
130001_東京都,文化財一覧,t132012d3000000018,1
130001_東京都,スポーツ施設一覧,t132012d3100000004,2
130001_東京都,公立図書館情報,t132012d3100000005,1
130001_東京都,保育園・保育所入所最低指数,t132021d3000000002,1
130001_東京都,公立図書館情報,t132021d3100000005,1
130001_東京都,公共施設一覧,t132039d0000000001,1
130001_東京都,文化財一覧,t132039d0000000002,1
130001_東京都,公衆無線 LAN アクセスポイント一覧,t132039d0000000004,1
130001_東京都,公衆トイレ一覧,t132039d0000000005,1
130001_東京都,都市公園・都立公園一覧,t132039d2025000003,1
130001_東京都,子ども食堂一覧,t132039d3100000001,1
130001_東京都,スポーツ施設一覧,t132039d3100000004,1
130001_東京都,公立図書館情報,t132039d3100000005,1
130001_東京都,【位置情報】公共施設の位置情報,t132047d0000000001,1
130001_東京都,【事業案内】公園・緑地等の一覧,t132047d0000000016,1
130001_東京都,【位置情報】公衆無線LANアクセスポイント一覧,t132047d0000000018,1
130001_東京都,【事業案内】スポーツ施設一覧,t132047d0000000024,2
130001_東京都,【事業案内】公立図書館情報,t132047d0000000025,1
130001_東京都,【事業案内】保存樹木,t132047d2024000003,1
130001_東京都,東京都青梅市における介護サービス事業所一覧,t132055d0000000003,1
130001_東京都,東京都青梅市における文化財一覧,t132055d0000000004,1
130001_東京都,東京都青梅市における避難所一覧,t132055d0000000006,1
130001_東京都,東京都青梅市における防火水槽一覧,t132055d0000000008,1
130001_東京都,東京都青梅市における飲食店一覧,t132055d0000000009,1
130001_東京都,東京都青梅市における医療機関一覧,t132055d0000000011,1
130001_東京都,東京都青梅市における保育園・認定こども園・幼稚園一覧,t132055d0000000014,1
130001_東京都,東京都青梅市における公共施設一覧,t132055d0000000015,1
130001_東京都,東京都青梅市における公衆トイレ一覧,t132055d0000000016,1
130001_東京都,公共施設一覧,t132055d0000000028,1
130001_東京都,文化財一覧,t132055d0000000029,1
130001_東京都,公衆トイレ一覧,t132055d0000000031,1
130001_東京都,都市公園・都立公園一覧,t132055d2025000003,1
130001_東京都,子ども食堂一覧,t132055d3100000001,1
130001_東京都,スポーツ施設一覧,t132055d3100000004,1
130001_東京都,公立図書館情報,t132055d3100000005,1
130001_東京都,公共施設一覧,t132063d0000000012,1
130001_東京都,文化財一覧,t132063d0000000013,1
130001_東京都,公衆無線LANアクセスポイント一覧,t132063d0000000015,1
130001_東京都,子ども食堂一覧,t132063d3100000001,1
130001_東京都,スポーツ施設一覧,t132063d3100000004,1
130001_東京都,公立図書館情報,t132063d3100000005,1
130001_東京都,公衆無線LANアクセスポイント一覧,t132071d0000000001,1
130001_東京都,避難所一覧,t132071d0000000004,1
130001_東京都,都市公園・都立公園一覧,t132071d2025000003,1
130001_東京都,子ども食堂一覧,t132071d3100000001,1
130001_東京都,スポーツ施設一覧,t132071d3100000004,1
130001_東京都,公立図書館情報,t132071d3100000005,1
130001_東京都,都市公園・都立公園一覧,t132080d2025000003,1
130001_東京都,子ども食堂一覧,t132080d3100000001,1
130001_東京都,スポーツ施設一覧,t132080d3100000004,1
130001_東京都,公立図書館情報,t132080d3100000005,1
130001_東京都,市立小・中学校一覧,t132080d3100000007,1
130001_東京都,保育所一覧,t132080d3100000010,1
130001_東京都,市立小・中学校一覧,t132080d3100000027,1
130001_東京都,市民スポーツ施設及び施設内AED配置場所一覧,t132080d3100000417,1
130001_東京都,緊急医療救護所,t132080d3100000421,1
130001_東京都,広域避難場所,t132080d3100000422,1
130001_東京都,二次避難場所,t132080d3100000423,1
130001_東京都,避難所,t132080d3100000424,1
130001_東京都,地域包括支援センター　施設一覧,t132080d3100001842,1
130001_東京都,01.公共施設一覧,t132080d3100001963,1
130001_東京都,02.文化財一覧,t132080d3100001964,1
130001_東京都,07.公衆無線 LAN アクセスポイント一覧,t132080d3100001966,1
130001_東京都,13.公衆トイレ一覧,t132080d3100001967,1
130001_東京都,公共トイレマップ,t132098d0000000023,1
130001_東京都,移動図書館巡回場所,t132098d0000000024,2
130001_東京都,公衆無線LANアクセスポイント一覧,t132098d0000000076,1
130001_東京都,文化財・名勝,t132098d0000000078,1
130001_東京都,AED設置箇所一覧,t132098d0000000103,1
130001_東京都,公共施設一覧,t132098d0000000104,1
130001_東京都,保護指定樹木,t132098d2024000003,1
130001_東京都,子ども食堂一覧,t132098d3100000001,1
130001_東京都,スポーツ施設一覧,t132098d3100000004,1
130001_東京都,公立図書館情報,t132098d3100000005,1
130001_東京都,文化財一覧,t132101d0000000001,1
130001_東京都,認可外保育施設一覧,t132101d0000000004,1
130001_東京都,学童保育所・児童館一覧,t132101d0000000005,1
130001_東京都,公衆無線LANアクセスポイント一覧,t132101d0000000020,1
130001_東京都,公共施設一覧,t132101d0000000021,1
130001_東京都,指定緊急避難場所一覧,t132101d0000000022,1
130001_東京都,子育て施設一覧,t132101d0000000024,1
130001_東京都,AED設置箇所一覧,t132101d0000000026,1
130001_東京都,介護サービス事業所一覧,t132101d0000000027,1
130001_東京都,観光施設一覧,t132101d0000000028,1
130001_東京都,公衆トイレ一覧,t132101d0000000030,1
130001_東京都,消防水利施設一覧,t132101d0000000031,1
130001_東京都,防災行政無線設置一覧,t132101d0000000033,1
130001_東京都,公営駐輪場一覧,t132101d0000000036,1
130001_東京都,都市公園・都立公園一覧,t132101d2025000003,1
130001_東京都,子ども食堂一覧,t132101d3100000001,1
130001_東京都,スポーツ施設一覧,t132101d3100000004,1
130001_東京都,公立図書館情報,t132101d3100000005,1
130001_東京都,公共施設一覧,t132110d0000000002,1
130001_東京都,文化財一覧,t132110d0000000003,1
130001_東京都,公衆無線LANアクセスポイント一覧,t132110d0000000005,1
130001_東京都,公衆トイレ一覧,t132110d0000000006,1
130001_東京都,保護指定樹木,t132110d2024000003,1
130001_東京都,都市公園・都立公園一覧,t132110d2025000003,1
130001_東京都,スポーツ施設一覧,t132110d3100000004,2
130001_東京都,公立図書館情報,t132110d3100000005,1
130001_東京都,子ども食堂一覧,t132128d3100000001,1
130001_東京都,スポーツ施設一覧,t132128d3100000004,1
130001_東京都,公立図書館情報,t132128d3100000005,1
130001_東京都,都市公園・都立公園一覧,t132136d2025000003,1
130001_東京都,子ども食堂一覧,t132136d3100000001,1
130001_東京都,スポーツ施設一覧,t132136d3100000004,1
130001_東京都,公立図書館情報,t132136d3100000005,1
130001_東京都,東村山市公共施設一覧,t132136d3100000006,1
130001_東京都,東村山市文化財一覧,t132136d3100000007,1
130001_東京都,東村山市公共無線LANアクセスポイント一覧,t132136d3100000010,1
130001_東京都,東村山市AED設置箇所一覧,t132136d3100000011,1
130001_東京都,東村山市介護サービス事業所一覧,t132136d3100000012,1
130001_東京都,東村山市医療機関一覧,t132136d3100000013,1
130001_東京都,東村山市消防水利施設一覧,t132136d3100000017,1
130001_東京都,都市公園・都立公園一覧,t132144d2025000003,1
130001_東京都,保育所一覧,t132144d3000000002,1
130001_東京都,スポーツ施設一覧,t132144d3100000004,1
130001_東京都,公立図書館情報,t132144d3100000005,1
130001_東京都,公共施設一覧,t132144d3100000006,1
130001_東京都,文化財一覧,t132144d3100000007,1
130001_東京都,公衆無線LANアクセスポイント一覧,t132144d3100000009,1
130001_東京都,公衆トイレ一覧,t132144d3100000010,1
130001_東京都,無線LANアクセスポイント一覧,t132152d0000000005,1
130001_東京都,公共施設一覧,t132152d0000000006,1
130001_東京都,文化財一覧,t132152d0000000014,1
130001_東京都,公衆トイレ一覧,t132152d0000000015,1
130001_東京都,保護指定樹木,t132152d2024000003,1
130001_東京都,都市公園・都立公園一覧,t132152d2025000003,1
130001_東京都,子ども食堂一覧,t132152d3100000001,1
130001_東京都,スポーツ施設一覧,t132152d3100000004,1
130001_東京都,公立図書館情報,t132152d3100000005,1
130001_東京都,都市公園・都立公園一覧,t132187d2025000003,1
130001_東京都,スポーツ施設一覧,t132187d3100000004,1
130001_東京都,公立図書館情報,t132187d3100000005,1
130001_東京都,公共施設一覧,t132195d0000000002,1
130001_東京都,文化財一覧,t132195d0000000003,1
130001_東京都,観光施設一覧,t132195d0000000004,1
130001_東京都,市内公共施設AED設置箇所一覧,t132195d0000000005,1
130001_東京都,公衆無線LANアクセスポイント一覧,t132195d0000000387,1
130001_東京都,公衆トイレ一覧,t132195d0000000388,1
130001_東京都,都市公園・都立公園一覧,t132195d2025000003,1
130001_東京都,子ども食堂一覧,t132195d3100000001,1
130001_東京都,スポーツ施設一覧,t132195d3100000004,1
130001_東京都,公立図書館情報,t132195d3100000005,1
130001_東京都,公共施設一覧,t132209d0000000001,1
130001_東京都,文化財一覧,t132209d0000000002,1
130001_東京都,介護サービス事業所一覧,t132209d0000000003,1
130001_東京都,子育て施設一覧,t132209d0000000004,1
130001_東京都,公共施設一覧,t132209d0000000006,1
130001_東京都,文化財一覧,t132209d0000000007,1
130001_東京都,公衆トイレ一覧,t132209d0000000009,1
130001_東京都,都市公園・都立公園一覧,t132209d2025000003,1
130001_東京都,スポーツ施設一覧,t132209d3100000004,1
130001_東京都,都市公園・都立公園一覧,t132217d2025000003,1
130001_東京都,公共施設一覧,t132225d0000000001,1
130001_東京都,文化財一覧,t132225d0000000002,1
130001_東京都,公衆無線LANアクセスポイント一覧,t132225d0000000004,1
130001_東京都,公衆トイレ一覧,t132225d0000000005,1
130001_東京都,都市公園・都立公園一覧,t132225d2025000003,1
130001_東京都,スポーツ施設一覧,t132225d3100000004,1
130001_東京都,公立図書館情報,t132225d3100000005,1
130001_東京都,都市公園・都立公園一覧,t132233d2025000003,1
130001_東京都,子ども食堂一覧,t132233d3100000001,1
130001_東京都,スポーツ施設一覧,t132233d3100000004,1
130001_東京都,公立図書館情報,t132233d3100000005,1
130001_東京都,市公共施設トイレ一覧,t132241d0000000048,1
130001_東京都,保育所一覧情報,t132241d0000000052,1
130001_東京都,子ども食堂一覧,t132241d3100000001,1
130001_東京都,スポーツ施設一覧,t132241d3100000004,1
130001_東京都,保護指定樹木,t132250d2024000003,1
130001_東京都,都市公園・都立公園一覧,t132250d2025000003,1
130001_東京都,スポーツ施設一覧,t132250d3100000004,1
130001_東京都,公立図書館情報,t132250d3100000005,1
130001_東京都,公共施設一覧,t132276d0000000002,1
130001_東京都,指定緊急避難場所一覧,t132276d0000000003,1
130001_東京都,子育て施設一覧,t132276d0000000005,1
130001_東京都,公衆無線LANアクセスポイント一覧,t132276d0000000007,1
130001_東京都,医療機関一覧,t132276d0000000008,1
130001_東京都,AED設置箇所一覧,t132276d0000000009,1
130001_東京都,公営駐輪場一覧,t132276d0000000013,1
130001_東京都,投票所一覧,t132276d0000000014,1
130001_東京都,スポーツ施設一覧,t132276d3100000004,1
130001_東京都,公立図書館情報,t132276d3100000005,1
130001_東京都,公共施設一覧,t132284d0000000002,1
130001_東京都,観光施設一覧,t132284d0000000003,1
130001_東京都,文化財一覧,t132284d0000000004,1
130001_東京都,公衆無線ＬＡＮアクセスポイント情報,t132284d0000000005,1
130001_東京都,保護指定樹木,t132284d2024000003,1
130001_東京都,都市公園・都立公園一覧,t132284d2025000003,1
130001_東京都,スポーツ施設一覧,t132284d3100000004,1
130001_東京都,公立図書館情報,t132284d3100000005,1
130001_東京都,子育て施設一覧,t132284d3100000006,1
130001_東京都,指定緊急避難場所一覧,t132284d3100000007,1
130001_東京都,観光トイレ一覧,t132284d3100000012,1
130001_東京都,公共無線LANアクセスポイント一覧,t132292d0000000003,1
130001_東京都,文化財一覧,t132292d0000000004,1
130001_東京都,AED設置個所一覧,t132292d0000000007,1
130001_東京都,病院・診療所一覧,t132292d0000000008,1
130001_東京都,歯科診療一覧,t132292d0000000009,1
130001_東京都,指定緊急避難場所一覧,t132292d0000000011,1
130001_東京都,保育施設等一覧,t132292d0000000012,1
130001_東京都,児童館・学童クラブ等一覧,t132292d0000000013,1
130001_東京都,保護指定樹木,t132292d2024000003,1
130001_東京都,保育園・保育所入所最低指数,t132292d3000000002,1
130001_東京都,公共施設一覧,t132292d3000000003,1
130001_東京都,介護サービス事業所一覧,t132292d3000000005,1
130001_東京都,公衆トイレ一覧,t132292d3000000007,1
130001_東京都,子ども食堂一覧,t132292d3100000001,1
130001_東京都,スポーツ施設一覧,t132292d3100000004,1
130001_東京都,公立図書館情報,t132292d3100000005,1
130001_東京都,保育園・保育所入所最低指数,t133035d3000000002,1
130001_東京都,スポーツ施設一覧,t133035d3100000004,1
130001_東京都,公立図書館情報,t133035d3100000005,1
130001_東京都,都市公園・都立公園一覧,t133051d2025000003,1
130001_東京都,子ども食堂一覧,t133051d3100000001,1
130001_東京都,スポーツ施設一覧,t133051d3100000004,1
130001_東京都,公立図書館情報,t133051d3100000005,1
130001_東京都,スポーツ施設一覧,t133078d3100000004,1
130001_東京都,公立図書館情報,t133078d3100000005,1
130001_東京都,スポーツ施設一覧,t133086d3100000004,1
130001_東京都,公立図書館情報,t133086d3100000005,1
130001_東京都,公立図書館情報,t133612d3100000005,1
130001_東京都,公共施設一覧,t133621d0000000001,1
130001_東京都,保護指定樹木,t133621d2024000003,1
130001_東京都,スポーツ施設一覧,t133621d3100000004,2
130001_東京都,スポーツ施設一覧,t133639d3100000004,1
130001_東京都,公立図書館情報,t133639d3100000005,1
130001_東京都,スポーツ施設一覧,t133817d3100000004,1
130001_東京都,都市公園・都立公園一覧,t134015d2025000003,1
130001_東京都,スポーツ施設一覧,t134015d3100000004,1
130001_東京都,公立図書館情報,t134015d3100000005,1
130001_東京都,スポーツ施設一覧,t134023d3100000004,1
130001_東京都,公立図書館情報,t134023d3100000005,1
130001_東京都,都市公園・都立公園一覧,t134210d2025000003,1
130001_東京都,スポーツ施設一覧,t134210d3100000004,1
130001_東京都,公立図書館情報,t134210d3100000005,1
130001_東京都,東京都内のスポーツ施設のバリアフリー情報,t313360d0000000016,1
130001_東京都,都立文化施設におけるエレベーター・多目的トイレのバリアフリー情報,t313360d0000000034,1
141003_神奈川県横浜市,横浜市内の歯科技工所名簿,iryo_gikousyomeibo,1
141003_神奈川県横浜市,横浜市内の薬局、店舗販売業者、卸売販売業者、高度管理医療機器等販売業・貸与業者、再生医療等製品販売業者名簿,iryo_yakujishisets_meibo,5
141003_神奈川県横浜市,介護サービス事業所一覧,kenko_kaigo_ichiran,2
141003_神奈川県横浜市,横浜子育て家庭応援事業（愛称「ハマハグ」）,kodomo_default2020091,2
141003_神奈川県横浜市,公衆トイレについて,shigen_toilet,1
141003_神奈川県横浜市,つるみ生活・防災マップ 令和３年１２月発行（オープンデータ）,tsurumi_tsurumimap,2
160008_富山県,動物用医薬品販売業事業者一覧,doubutsu_iyakuhin,1
160008_富山県,動物用管理医療機器販売・貸与業事業者一覧,doubutsu_kanri,1
160008_富山県,動物用高度管理医療機器等販売・貸与業事業者一覧,doubutsu_koudo,1
160008_富山県,富山県の私立高等学校一覧,kotogakko,1
160008_富山県,富山県の私立小学校一覧,syogakko,1
160008_富山県,指定緊急避難場所,toyama16000-evacuation-space,1
160008_富山県,指定避難所,toyama16000-shelter,1
160008_富山県,フリーWi-Fiスポット,toyama16000-wireless-lan,1
160008_富山県,Toyama Free Wi-Fiの設置個所数,toyama-free-wi-fi,1
160008_富山県,ダム諸量データ　観測所一覧・項目説明,toyamaprefdamdata_info,1
160008_富山県,県・降水量データ　観測所一覧・項目説明,toyamaprefrainfall_info,1
160008_富山県,路面温度データ　観測所一覧・項目説明,toyamaprefroadtemp_info,1
160008_富山県,降積雪量データ　観測所一覧・項目説明,toyamaprefsnowfall_info,1
160008_富山県,県・河川水位データ　観測所一覧・項目説明,toyamaprefwaterobserved_info,1
160008_富山県,富山県内の私立幼稚園一覧,yochien,1
170003_石川県,AED設置箇所一覧,170003_aed,2
170003_石川県,介護サービス事業所一覧（施設系１）,170003_care_service_institution_1,1
170003_石川県,介護サービス事業所一覧（施設系２）,170003_care_service_institution_2,1
170003_石川県,介護サービス事業所一覧（訪問系）,170003_care_service_visit,1
170003_石川県,文化財一覧（有形以外）,170003_cultural_property_others,1
170003_石川県,文化財一覧（有形）,170003_cultural_property_tangible,2
170003_石川県,指定緊急避難所一覧,170003_evacuation_space,1
170003_石川県,病院一覧,170003_hospital_1_byouin,1
170003_石川県,診療所一覧,170003_hospital_2_shinryoujyo,1
170003_石川県,歯科診療所一覧（金沢市以外）,170003_hospital_3_shikashinryoujyo,1
170003_石川県,県立学校所在地一覧,170003_kenritsugakkou,1
170003_石川県,道の駅施設情報,170003_michinoeki,1
170003_石川県,子育て施設一覧,170003_preschool,1
170003_石川県,公共施設一覧,170003_public_facility,1
170003_石川県,公衆無線LANアクセスポイント一覧,170003_public_wireless_lan,2
170003_石川県,専門医療機関連携薬局一覧,170003_senmoniryou,1
170003_石川県,県内公共スポーツ施設一覧,170003_sports_shisetsu,1
170003_石川県,公衆トイレ一覧,170003_toilet,1
170003_石川県,観光施設一覧,170003_tourism,1
170003_石川県,寄り道パーキング施設情報,170003_yorimichi_parking,1
170003_石川県,金沢市 AED 設置箇所一覧,172014-aed,1
170003_石川県,金沢市 文化・芸術施設一覧,172014-artistic,1
170003_石川県,金沢市 公営駐輪場一覧,172014_bicycle_parking,1
170003_石川県,金沢市 防災備蓄倉庫,172014-bousaibichikusouko,1
170003_石川県,金沢市 介護サービス事業所一覧,172014-care_service,1
170003_石川県,金沢市 公営駐車場一覧,172014_car_park,1
170003_石川県,金沢市 認定こども園一覧,172014-certified-children-club,1
170003_石川県,金沢市 児童館一覧,172014-children-center,1
170003_石川県,金沢市 子育て施設_その他一覧,172014-children-other,1
170003_石川県,金沢市 文化財一覧,172014-cultural_property,1
170003_石川県,金沢市 文化財保護課パンフレット一覧,172014-cultural-property-protection-division-pamphlet,1
170003_石川県,金沢市 防災無線配備一覧,172014-disaster-prevention-radio,1
170003_石川県,金沢市 小学校一覧,172014-elementary-school,1
170003_石川県,金沢市 指定緊急避難場所一覧,172014-evacuation_space,1
170003_石川県,金沢市 消防水利施設一覧（浅野川校下）,172014-fire_hydrant_asanogawa,1
170003_石川県,金沢市 消防水利施設一覧（浅野町校下）,172014-fire_hydrant_asanomachi,1
170003_石川県,金沢市 消防水利施設一覧（粟崎校下）,172014-fire_hydrant_awagasaki,1
170003_石川県,金沢市 消防水利施設一覧（馬場校下）,172014-fire_hydrant_baba,1
170003_石川県,金沢市 消防水利施設一覧（千坂校下）,172014-fire_hydrant_chisaka,1
170003_石川県,金沢市 消防水利施設一覧（大徳地区）,172014-fire_hydrant_daitoku,1
170003_石川県,金沢市 消防水利施設一覧（伏見台校下）,172014-fire_hydrant_fushimidai,1
170003_石川県,金沢市 消防水利施設一覧（二塚地区）,172014-fire_hydrant_futatsuka,1
170003_石川県,金沢市 消防水利施設一覧（花園地区）,172014-fire_hydrant_hanazono,1
170003_石川県,金沢市 消防水利施設一覧（東浅川校下）,172014-fire_hydrant_higashiasakawa,1
170003_石川県,金沢市 消防水利施設一覧（芳斎地区）,172014-fire_hydrant_hosai,1
170003_石川県,金沢市 消防水利施設一覧（瓢箪地区）,172014-fire_hydrant_hyotan,1
170003_石川県,金沢市 消防水利施設一覧（医王山地区）,172014-fire_hydrant_iozen,1
170003_石川県,金沢市 消防水利施設一覧（泉野校下）,172014-fire_hydrant_izumino,1
170003_石川県,金沢市 消防水利施設一覧（十一屋校下）,172014-fire_hydrant_juichiya,1
170003_石川県,金沢市 消防水利施設一覧（金石町校下）,172014-fire_hydrant_kanaiwamachi,1
170003_石川県,金沢市 消防水利施設一覧（川北地区）,172014-fire_hydrant_kawakita,1
170003_石川県,金沢市 消防水利施設一覧（菊川校下）,172014-fire_hydrant_kikukaaw,1
170003_石川県,金沢市 消防水利施設一覧（小立野）,172014-fire_hydrant_kodatsuno,1
170003_石川県,金沢市 消防水利施設一覧（湖南地区）,172014-fire_hydrant_konan,1
170003_石川県,金沢市 消防水利施設一覧（此花地区）,172014-fire_hydrant_konohana,1
170003_石川県,金沢市 消防水利施設一覧（小坂校下）,172014-fire_hydrant_kosaka,1
170003_石川県,金沢市 消防水利施設一覧（鞍月校下）,172014-fire_hydrant_kuratsuki,1
170003_石川県,金沢市 消防水利施設一覧（松ヶ枝地区）,172014-fire_hydrant_matsugae,1
170003_石川県,金沢市 消防水利施設一覧（三馬校下）,172014-fire_hydrant_minma,1
170003_石川県,金沢市 消防水利施設一覧（味噌蔵地区）,172014-fire_hydrant_misokura,1
170003_石川県,金沢市 消防水利施設一覧（三谷地区）,172014-fire_hydrant_mitami,1
170003_石川県,金沢市 消防水利施設一覧（三和校下）,172014-fire_hydrant_miwa,1
170003_石川県,金沢市 消防水利施設一覧（森本地区）,172014-fire_hydrant_morimoto,1
170003_石川県,金沢市 消防水利施設一覧（森山校下）,172014-fire_hydrant_moriyama,1
170003_石川県,金沢市 消防水利施設一覧（諸江地区）,172014-fire_hydrant_moroe,1
170003_石川県,金沢市 消防水利施設一覧（長土塀）,172014-fire_hydrant_nagadohe,1
170003_石川県,金沢市 消防水利施設一覧（長町地区）,172014-fire_hydrant_nagamachi,1
170003_石川県,金沢市 消防水利施設一覧（長坂台校下）,172014-fire_hydrant_nagasakadai,1
170003_石川県,金沢市 消防水利施設一覧（長田町校下）,172014-fire_hydrant_nagatamachi,1
170003_石川県,金沢市 消防水利施設一覧（中村町校下）,172014-fire_hydrant_nakamuramachi,1
170003_石川県,金沢市 消防水利施設一覧（西校下）,172014-fire_hydrant_nishi,1
170003_石川県,金沢市 消防水利施設一覧（野町）,172014-fire_hydrant_nomachi,1
170003_石川県,金沢市 消防水利施設一覧（額校下）,172014-fire_hydrant_nuka,1
170003_石川県,金沢市 消防水利施設一覧（扇台校下）,172014-fire_hydrant_ogidai,1
170003_石川県,金沢市 消防水利施設一覧（大野町）,172014-fire_hydrant_ono,1
170003_石川県,金沢市 消防水利施設一覧（押野校下）,172014-fire_hydrant_oshino,1
170003_石川県,金沢市 消防水利施設一覧（その他）,172014-fire-hydrant-other,1
170003_石川県,金沢市 消防水利施設一覧（大浦校下）,172014-fire_hydrant_oura,1
170003_石川県,金沢市 消防水利施設一覧（犀川校下）,172014-fire_hydrant_saigawa,1
170003_石川県,金沢市 消防水利施設一覧（崎浦地区）,172014-fire_hydrant_sakiura,1
170003_石川県,金沢市 消防水利施設一覧（西南部校下）,172014-fire_hydrant_seinanbu,1
170003_石川県,金沢市 消防水利施設一覧（新神田校下）,172014-fire_hydrant_shinkanda,1
170003_石川県,金沢市 消防水利施設一覧（新竪町校下）,172014-fire_hydrant_shintatemachi,1
170003_石川県,金沢市 消防水利施設一覧（四十万校下）,172014-fire_hydrant_shizima,1
170003_石川県,金沢市 消防水利施設一覧（田上校下）,172014-fire_hydrant_tagami,1
170003_石川県,金沢市 消防水利施設一覧（俵地区）,172014-fire_hydrant_tawara,1
170003_石川県,金沢市 消防水利施設一覧（富樫校下）,172014-fire_hydrant_togashi,1
170003_石川県,金沢市 消防水利施設一覧（戸板校下）,172014-fire_hydrant_toita,1
170003_石川県,金沢市 消防水利施設一覧（内川校下）,172014-fire_hydrant_uchikawa,1
170003_石川県,金沢市 消防水利施設一覧（薬師谷地区）,172014-fire_hydrant_yakushidani,1
170003_石川県,金沢市 消防水利施設一覧（安原地区）,172014-fire_hydrant_yasuhara,1
170003_石川県,金沢市 消防水利施設一覧（弥生）,172014-fire_hydrant_yayoi,1
170003_石川県,金沢市 消防水利施設一覧（米泉校下）,172014-fire_hydrant_yoneizumi,1
170003_石川県,金沢市 消防水利施設一覧（米丸校下）,172014-fire_hydrant_yonemaru,1
170003_石川県,金沢市 消防水利施設一覧（夕日寺校下）,172014-fire_hydrant_yuhideta,1
170003_石川県,金沢市 消防水利施設一覧（湯涌校下）,172014-fire_hydrant_yuwaku,1
170003_石川県,金沢市 消防水利施設一覧（材木地区）,172014-fire_hydrant_zaimoku,1
170003_石川県,金沢市 医療機関一覧,172014-hospital,1
170003_石川県,金沢市 中学校一覧,172014-junior-high-school,1
170003_石川県,金沢市 寺院_文化財等の解説文,172014-kaisetsu,1
170003_石川県,金沢市 幼稚園一覧,172014-kindergarten,1
170003_石川県,金沢市 子ども食堂一覧,172014_kodomosyokudo,1
170003_石川県,金沢市 保育所一覧,172014-nursery-school,1
170003_石川県,金沢市 公園一覧,172014-park,1
170003_石川県,金沢市 子育て施設一覧,172014-preschool,1
170003_石川県,金沢市 公共施設一覧,172014-public-facility,1
170003_石川県,金沢市 公衆トイレ一覧,172014-public_toilet,1
170003_石川県,金沢市 公衆無線LAN アクセスポイント一覧,172014-public-wireless-lan,1
170003_石川県,金沢市 スポーツ施設一覧,172014-sports,1
170003_石川県,金沢市 市立工業高等学校,172014-technical-high-school,1
170003_石川県,金沢市 観光施設一覧,172014-tourism,1
170003_石川県,金沢市 津波避難ビル,172014-tsunamihinanbiru,1
170003_石川県,金沢市 福祉・健康関連施設一覧,172014-welfare-health,1
170003_石川県,金沢市 保健所管内薬事関連施設（医薬品店舗販売業）,172014-yakujishisetsu-iyakuhin,1
170003_石川県,金沢市 保健所管内薬事関連施設（高度管理医療機器）,172014-yakujishisetsu-koudokanriiryoukiki,1
170003_石川県,金沢市 保健所管内薬事関連施設（薬局）,172014-yakujishisetsu-yakkoku,1
170003_石川県,金沢市 保健所管内助産所,172014-zyosanzyo,1
170003_石川県,ＡＥＤ設置箇所一覧,172022_aed,1
170003_石川県,介護サービス事業所一覧,172022_care_service,1
170003_石川県,文化財一覧,172022_cultural_property,1
170003_石川県,指定緊急避難所施設一覧,172022_evacuation_space,1
170003_石川県,消防水利施設一覧,172022_fire_hydrant,1
170003_石川県,医療施設一覧,172022_hospital,1
170003_石川県,子育て施設一覧,172022_preschool,1
170003_石川県,公共施設一覧,172022_public_facility,1
170003_石川県,公衆トイレ一覧,172022_toilet,1
170003_石川県,観光施設一覧,172022_tourism,1
170003_石川県,08_ＡＥＤ設置箇所一覧,172031_aed,1
170003_石川県,09_介護サービス事業所一覧,172031_care_service,1
170003_石川県,02_文化財一覧,172031_cultural_property,1
170003_石川県,03_指定緊急避難場所一覧,172031_evacuation_space,1
170003_石川県,14_消防水利施設一覧,172031_fire_hydrant,1
170003_石川県,10_医療機関一覧,172031_hospital,1
170003_石川県,05_子育て施設一覧,172031_preschool,1
170003_石川県,01_公共施設一覧,172031_public_facility,1
170003_石川県,07_公衆無線ＬＡＮアクセスポイント一覧,172031_public_wireless_lan,1
170003_石川県,13_公衆トイレ一覧,172031_toilet,1
170003_石川県,11_観光施設一覧,172031_tourism,1
170003_石川県,輪島市　ＡＥＤ一覧,172049_aed,2
170003_石川県,輪島市　介護サービス事業所一覧,172049_care_service,2
170003_石川県,輪島市　文化財一覧,172049_cultural_property,2
170003_石川県,輪島市　指定緊急避難場所一覧,172049_evacuation_space,2
170003_石川県,輪島市　防火水槽・消火栓一覧,172049_fire_hydrant,2
170003_石川県,輪島市　医療機関一覧,172049_hospital,2
170003_石川県,輪島市　投票所・投票区域一覧,172049_polling_station,1
170003_石川県,輪島市　子育て施設一覧,172049_preschool,2
170003_石川県,輪島市　公共施設一覧,172049_public_facility,2
170003_石川県,輪島市　公衆無線ＬＡＮアクセスポイント一覧,172049_public_wireless_lan,2
170003_石川県,輪島市　公衆トイレ一覧,172049_toilet,2
170003_石川県,輪島市　観光施設一覧,172049_tourism,2
170003_石川県,ＡＥＤ設置箇所一覧,172057_aed,5
170003_石川県,介護サービス事業所一覧,172057_care_service,5
170003_石川県,文化財一覧,172057_cultural_property,5
170003_石川県,指定緊急避難場所,172057_evacuation_space,4
170003_石川県,消防水利施設一覧,172057_fire_hydrant,3
170003_石川県,医療機関一覧,172057_hospital,3
170003_石川県,子育て施設一覧,172057_preschool,5
170003_石川県,公共施設一覧,172057_public_facility,5
170003_石川県,公衆無線ＬＡＮアクセスポイント一覧,172057_public_wireless_lan,5
170003_石川県,公衆トイレ一覧,172057_toilet,5
170003_石川県,観光施設一覧,172057_tourism,5
170003_石川県,AED設置個所一覧,172065_aed,5
170003_石川県,介護サービス施設一覧,172065_careservice,5
170003_石川県,文化財一覧,172065_culturalproperty,5
170003_石川県,指定緊急避難場所一覧,172065_emevacuationspace,5
170003_石川県,指定避難所一覧,172065_evacuationspace,3
170003_石川県,消防水利施設一覧,172065_firehydrant,5
170003_石川県,医療機関一覧,172065_hospital,5
170003_石川県,駐車場・駐輪場一覧,172065_parking,5
170003_石川県,公園一覧,172065_parkpark,1
170003_石川県,子育て施設一覧,172065_preschool,5
170003_石川県,公共施設一覧,172065_publicfacility,5
170003_石川県,公衆トイレ一覧,172065_publictoilet,5
170003_石川県,公衆無線LANアクセスポイント一覧,172065_publicwirelesslan,7
170003_石川県,小中学校一覧,172065_school,4
170003_石川県,観光施設一覧,172065_tourism,5
170003_石川県,ＡＥＤ設置箇所一覧,172073_aed,1
170003_石川県,介護サービス事業所一覧,172073_care_service,1
170003_石川県,文化財一覧,172073_cultural_property,1
170003_石川県,指定緊急避難場所一覧,172073_evacuation_space,1
170003_石川県,医療機関一覧,172073_hospital,1
170003_石川県,こども食堂一覧,172073_kodomosyokudo,1
170003_石川県,子育て施設一覧,172073_preschool,1
170003_石川県,公共施設一覧,172073_public_facility,1
170003_石川県,公衆無線ＬＡＮアクセスポイント一覧,172073_public_wireless_lan,1
170003_石川県,公衆トイレ一覧,172073_toilet,1
170003_石川県,観光施設一覧,172073_tourism,1
170003_石川県,かほく市 子育て施設一覧,172090-children,1
170003_石川県,かほく市 文化財一覧,172090-cultural_property,1
170003_石川県,かほく市 指定緊急避難場所一覧,172090-evacuation-space,1
170003_石川県,かほく市 医療機関一覧,172090_hospital,1
170003_石川県,かほく市 公共施設一覧,172090-public-facility,1
170003_石川県,かほく市 公衆トイレ一覧,172090-public_toilet,1
170003_石川県,かほく市 公衆無線LANアクセスポイント一覧,172090-public_wireless_lan,1
170003_石川県,かほく市 観光施設一覧,172090-tourist,1
170003_石川県,白山市 AED設置箇所一覧,172103-aed,1
170003_石川県,白山市 公営駐輪場一覧,172103_bicycle_parking,1
170003_石川県,白山市 介護サービス事業所一覧,172103-care_service,1
170003_石川県,白山市 公営駐車場一覧,172103_car_park,1
170003_石川県,白山市 子育て施設一覧,172103-children,1
170003_石川県,白山市 文化財一覧,172103-cultural_property,1
170003_石川県,白山市 防災行政無線設置一覧,172103_emergency_radio,1
170003_石川県,白山市 指定緊急避難場所一覧,172103-evacuation-space,1
170003_石川県,白山市 消防水利施設一覧,172103-fire_hydrant,1
170003_石川県,白山市 医療機関一覧,172103-hospital,1
170003_石川県,白山市 子ども食堂一覧,172103-kodomosyokudo,1
170003_石川県,白山市 投票所一覧,172103_polling_place,1
170003_石川県,白山市 公共施設一覧,172103-public-facility,1
170003_石川県,白山市 公衆トイレ一覧,172103-public_toilet,1
170003_石川県,白山市 公衆無線LANアクセスポイント一覧,172103-public-wireless-lan,1
170003_石川県,白山市 観光施設一覧,172103-tourism,1
170003_石川県,ＡＥＤ設置箇所一覧,172111_aed,1
170003_石川県,介護サービス事業所一覧,172111_care_service,2
170003_石川県,Wi-Fiが整備されている自治公民館,172111_community_center_with_wi-fi,1
170003_石川県,文化財一覧,172111_cultural_property,2
170003_石川県,指定緊急避難場所一覧,172111_evacuation_space,2
170003_石川県,消防水利施設一覧,172111_fire_hydrant,2
170003_石川県,医療機関一覧,172111_hospital,2
170003_石川県,子育て施設一覧,172111_preschool,2
170003_石川県,公共施設一覧,172111_public_facility,2
170003_石川県,公衆無線ＬＡＮアクセスポイント一覧,172111_public_wireless_lan,2
170003_石川県,公衆トイレ一覧,172111_toilet,2
170003_石川県,観光施設一覧,172111_tourism,2
170003_石川県,野々市市 AED設置箇所一覧,172120-aed,1
170003_石川県,野々市市 公営駐輪場一覧,172120_bicycle_parking,1
170003_石川県,野々市市 公営駐車場一覧,172120_car_park,1
170003_石川県,野々市市 子育て施設一覧,172120-children,1
170003_石川県,野々市市 文化財一覧,172120-cultural_property,1
170003_石川県,野々市市 消防水利施設一覧,172120-fire_hydrant,1
170003_石川県,野々市市 こども食堂一覧,172120_kodomosyokudo,1
170003_石川県,野々市市 公共施設一覧,172120-public-facility,1
170003_石川県,野々市市 公衆トイレ一覧,172120-toilet,1
170003_石川県,野々市市 観光施設一覧,172120-tourist,1
170003_石川県,文化財一覧,173240_cultural_property,1
170003_石川県,津幡町 AED設置箇所一覧,173614-aed,1
170003_石川県,津幡町 公営駐輪場,173614_bicycle_parking,1
170003_石川県,津幡町 介護サービス事業所,173614-care_service,1
170003_石川県,津幡町 公営駐車場,173614_car_park,1
170003_石川県,津幡町 子育て施設一覧,173614-children,1
170003_石川県,津幡町 文化財一覧,173614-cultural_property,1
170003_石川県,津幡町 指定緊急避難場所一覧,173614-evacuation-space,1
170003_石川県,津幡町 消防団協力事業所,173614-fire_cooperation,1
170003_石川県,津幡町 消防施設一覧,173614-firefighting,1
170003_石川県,津幡町 消防水利施設一覧,173614-fire-hydrant,1
170003_石川県,津幡町 消防団員応援の店,173614-fire_support,1
170003_石川県,津幡町 医療機関,173614-hospital,1
170003_石川県,津幡町 公共施設一覧,173614-public-facility,1
170003_石川県,津幡町 公衆無線LANアクセスポイント一覧,173614-public-wireless-lan,1
170003_石川県,津幡町 指定避難場所一覧,173614-shelter,1
170003_石川県,津幡町 公衆トイレ一覧,173614-toilet,1
170003_石川県,津幡町 観光施設一覧,173614-tourist,1
170003_石川県,津幡町 福祉避難所,173614-welfare_shelter,1
170003_石川県,内灘町 AED設置箇所一覧,173657-aed,1
170003_石川県,内灘町 介護サービス事業所一覧,173657_care_service,1
170003_石川県,内灘町 文化財一覧,173657-cultural_property,1
170003_石川県,内灘町 指定緊急避難場所一覧,173657-evacuation-space,1
170003_石川県,内灘町 消防水利施設一覧,173657-fire_hydrant,1
170003_石川県,内灘町 医療機関一覧,173657_hospital,1
170003_石川県,内灘町 子育て施設一覧,173657-preschool,1
170003_石川県,内灘町 公共施設一覧,173657-public-facility,1
170003_石川県,内灘町 公衆トイレ一覧,173657-public_toilet,1
170003_石川県,内灘町 公衆無線LANアクセスポイント一覧,173657-public_wireless_lan,1
170003_石川県,内灘町 観光施設一覧,173657-tourism,1
170003_石川県,ＡＥＤ設置個所一覧,173843_aed,1
170003_石川県,介護サービス事業所一覧,173843_care_service,1
170003_石川県,文化財一覧,173843_cultural_property,1
170003_石川県,指定緊急避難場所一覧,173843_evacuation_space,1
170003_石川県,消防水利施設一覧,173843_fire_hydrant,1
170003_石川県,医療施設一覧,173843_hospital,1
170003_石川県,子育て施設一覧,173843_preschool,1
170003_石川県,公共施設一覧,173843_public_facility,1
170003_石川県,公衆無線ＬＡＮアクセスポイント一覧,173843_public_wireless_lan,1
170003_石川県,公衆トイレ一覧,173843_toilet,1
170003_石川県,観光施設一覧,173843_tourism,1
170003_石川県,ＡＥＤ設置箇所一覧,173860_aed,1
170003_石川県,介護サービス事業所一覧,173860_care_service,1
170003_石川県,文化財一覧,173860_cultural_property,1
170003_石川県,指定緊急避難場所一覧,173860_evacuation_space,1
170003_石川県,消防水利施設一覧,173860_fire_hydrant,1
170003_石川県,医療機関一覧,173860_hospital,1
170003_石川県,子育て施設一覧,173860_preschool,1
170003_石川県,公共施設一覧,173860_public_facility,1
170003_石川県,公衆無線ＬＡＮアクセスポイント一覧,173860_public_wireless_lan,1
170003_石川県,公衆トイレ一覧,173860_toilet,1
170003_石川県,観光施設一覧,173860_tourism,1
170003_石川県,中能登町ＡＥＤ設置箇所,174076_aed,1
170003_石川県,中能登町介護サービス事業所,174076_care_service,1
170003_石川県,中能登町文化財,174076_cultural_property,1
170003_石川県,中能登町指定避難所及び指定緊急避難場所,174076_evacuation_space,1
170003_石川県,中能登町医療機関,174076_hospital,1
170003_石川県,中能登町子育て施設,174076_preschool,1
170003_石川県,中能登町公共施設,174076_public_facility,1
170003_石川県,中能登町公衆無線ＬＡＮアクセスポイント,174076_public_wireless_lan,1
170003_石川県,中能登町公衆トイレ,174076_toilet,1
170003_石川県,中能登町観光施設,174076_tourism,1
170003_石川県,ＡＥＤ設置箇所一覧,174611_aed,1
170003_石川県,介護サービス事業所一覧,174611_care_service,1
170003_石川県,文化財一覧,174611_cultural_property,1
170003_石川県,指定緊急避難場所一覧,174611_evacuation_space,1
170003_石川県,消防水利施設一覧,174611_fire_hydrant,1
170003_石川県,医療機関一覧,174611_hospital,1
170003_石川県,子育て施設一覧,174611_preschool,1
170003_石川県,公共施設一覧,174611_public_facility,1
170003_石川県,公衆無線ＬＡＮアクセスポイント一覧,174611_public_wireless_lan,1
170003_石川県,公衆トイレ一覧,174611_toilet,1
170003_石川県,観光施設一覧,174611_tourism,1
170003_石川県,ＡＥＤ設置箇所一覧,174637_aed,1
170003_石川県,介護サービス事業所一覧,174637_care_service,1
170003_石川県,文化財一覧,174637_cultural_property,1
170003_石川県,指定緊急避難場所一覧,174637_evacuation_space,1
170003_石川県,消防水利施設一覧,174637_fire_hydrant,1
170003_石川県,医療機関一覧,174637_hospital,1
170003_石川県,子育て施設一覧,174637_preschool,1
170003_石川県,公共施設一覧,174637_public_facility,1
170003_石川県,公衆無線ＬＡＮアクセスポイント一覧,174637_public_wireless_lan,1
170003_石川県,公衆トイレ一覧,174637_toilet,1
170003_石川県,観光施設一覧,174637_tourism,1
170003_石川県,かほく市 AED設置箇所一覧,aed,1
170003_石川県,石川中央都市圏 AED設置箇所一覧,ishikawa-central-aed,1
170003_石川県,石川中央都市圏 公営駐輪場一覧,ishikawa_central_bicycle_parking,1
170003_石川県,石川中央都市圏 公営駐車場一覧,ishikawa_central_car_park,1
170003_石川県,石川中央都市圏 子育て施設一覧,ishikawa-central-children,1
170003_石川県,石川中央都市圏 文化財一覧,ishikawa-central-cultural_property,1
170003_石川県,石川中央都市圏 指定緊急避難場所一覧,ishikawa-central-evacuation-space,1
170003_石川県,石川中央都市圏 消防水利施設一覧,ishikawa-central-fire-hydrant,1
170003_石川県,石川中央都市圏 公共施設一覧,ishikawa-central-public-facility,1
170003_石川県,石川中央都市圏 公衆無線LANアクセスポイント一覧,ishikawa-central-public-wireless-lan,1
170003_石川県,石川中央都市圏 公衆トイレ一覧,ishikawa-central-toilet,1
170003_石川県,石川中央都市圏 観光施設一覧,ishikawa-central-tourist,1
170003_石川県,避難所一覧（能登半島地震）,shelter_notohanto,1
210005_岐阜県,県機関の教育・学校関係機関マップ,c11120-006,1
210005_岐阜県,県機関の健康関係機関マップ,c11120-017,1
210005_岐阜県,【全県データ】指定緊急避難場所,c11120-026,6
210005_岐阜県,【全県データ】医療機関一覧,c11178-003,7
210005_岐阜県,【全県データ】子育て施設一覧,c11178-004,6
210005_岐阜県,【全県データ】介護サービス事業所一覧,c11178-005,6
210005_岐阜県,【全県データ】文化財一覧（市町村指定）,c11178-006,2
210005_岐阜県,【全県データ】文化財一覧（県指定）,c11178-007,2
210005_岐阜県,【全県データ】公共施設,c11178-008,4
210005_岐阜県,【岐阜県】公共施設,c11178-009,3
210005_岐阜県,【全県データ】小・中学校施設,c11178-010,6
210005_岐阜県,【全県データ】指定一般避難所,c11178-011,6
210005_岐阜県,【全県データ】指定福祉避難所,c11178-012,8
210005_岐阜県,【全県データ】文化財一覧（国指定）,c11178-016,4
210005_岐阜県,【全県データ】薬局一覧,c11178-017,6
210005_岐阜県,県有施設ＡＥＤマップ,c11229-001,1
210005_岐阜県,【岐阜市】指定緊急避難場所,c212016-001,6
210005_岐阜県,【岐阜市】指定避難所,c212016-002,1
210005_岐阜県,【岐阜市】公共施設,c212016-003,4
210005_岐阜県,【岐阜市】医療機関一覧,c212016-007,5
210005_岐阜県,【岐阜市】子育て施設一覧,c212016-008,2
210005_岐阜県,【岐阜市】介護サービス事業所一覧,c212016-009,3
210005_岐阜県,【岐阜市】小・中学校施設,c212016-012,3
210005_岐阜県,【岐阜市】指定一般避難所,c212016-013,4
210005_岐阜県,【岐阜市】指定福祉避難所,c212016-014,5
210005_岐阜県,【岐阜市】文化財一覧（国指定）,c212016-058,2
210005_岐阜県,【岐阜市】薬局一覧,c212016-059,5
210005_岐阜県,【岐阜市】AED設置場所一覧,c212016-079,2
210005_岐阜県,【大垣市】指定緊急避難場所,c212024-001,4
210005_岐阜県,【大垣市】指定避難所,c212024-002,1
210005_岐阜県,【大垣市】公共施設,c212024-003,3
210005_岐阜県,【大垣市】医療機関一覧,c212024-005,3
210005_岐阜県,【大垣市】子育て施設一覧,c212024-006,3
210005_岐阜県,【大垣市】介護サービス事業所一覧,c212024-007,3
210005_岐阜県,【大垣市】文化財一覧（市町村指定）,c212024-008,1
210005_岐阜県,【大垣市】文化財一覧（県指定）,c212024-009,1
210005_岐阜県,【大垣市】小・中学校施設,c212024-010,3
210005_岐阜県,【大垣市】指定一般避難所,c212024-011,3
210005_岐阜県,【大垣市】指定福祉避難所,c212024-012,3
210005_岐阜県,【大垣市】AED設置場所一覧,c212024-013,4
210005_岐阜県,【大垣市】公衆トイレ一覧,c212024-014,1
210005_岐阜県,【大垣市】文化財一覧（国指定）,c212024-016,3
210005_岐阜県,【大垣市】薬局一覧,c212024-017,3
210005_岐阜県,【大垣市】公衆無線LANアクセスポイント一覧,c212024-018,2
210005_岐阜県,【大垣市】消防水利施設一覧,c212024-020,2
210005_岐阜県,【高山市】指定緊急避難場所,c212032-001,5
210005_岐阜県,【高山市】指定避難所,c212032-002,1
210005_岐阜県,【高山市】公共施設,c212032-003,2
210005_岐阜県,【高山市】医療機関一覧,c212032-005,3
210005_岐阜県,【高山市】子育て施設一覧,c212032-006,4
210005_岐阜県,【高山市】介護サービス事業所一覧,c212032-007,3
210005_岐阜県,【高山市】文化財一覧（市町村指定）,c212032-008,2
210005_岐阜県,【高山市】文化財一覧（県指定）,c212032-009,2
210005_岐阜県,【高山市】小・中学校施設,c212032-010,3
210005_岐阜県,【高山市】指定一般避難所,c212032-011,3
210005_岐阜県,【高山市】AED設置場所一覧,c212032-012,4
210005_岐阜県,【高山市】文化財一覧,c212032-013,1
210005_岐阜県,【高山市】観光施設一覧,c212032-014,2
210005_岐阜県,【高山市】公衆無線LANアクセスポイント一覧,c212032-015,2
210005_岐阜県,【高山市】公衆トイレ一覧,c212032-016,2
210005_岐阜県,【高山市】消防水利施設一覧,c212032-017,4
210005_岐阜県,【高山市】文化財一覧（国指定）,c212032-021,4
210005_岐阜県,【高山市】薬局一覧,c212032-022,2
210005_岐阜県,【多治見市】指定緊急避難場所,c212041-001,4
210005_岐阜県,【多治見市】指定避難所,c212041-002,1
210005_岐阜県,【多治見市】公共施設,c212041-003,3
210005_岐阜県,【多治見市】医療機関一覧,c212041-005,2
210005_岐阜県,【多治見市】子育て施設一覧,c212041-006,5
210005_岐阜県,【多治見市】介護サービス事業所一覧,c212041-007,6
210005_岐阜県,【多治見市】小・中学校施設,c212041-010,2
210005_岐阜県,【多治見市】指定一般避難所,c212041-011,3
210005_岐阜県,【多治見市】薬局一覧,c212041-015,2
210005_岐阜県,【多治見市】AED設置場所一覧,c212041-019,2
210005_岐阜県,【関市】指定緊急避難場所,c212059-001,3
210005_岐阜県,【関市】指定避難所,c212059-002,1
210005_岐阜県,【関市】公共施設,c212059-003,3
210005_岐阜県,【関市】医療機関一覧,c212059-005,3
210005_岐阜県,【関市】子育て施設一覧,c212059-006,2
210005_岐阜県,【関市】介護サービス事業所一覧,c212059-007,3
210005_岐阜県,【関市】小・中学校施設,c212059-010,2
210005_岐阜県,【関市】指定一般避難所,c212059-011,2
210005_岐阜県,【関市】指定福祉避難所,c212059-012,2
210005_岐阜県,【関市】AED設置場所一覧,c212059-013,2
210005_岐阜県,【関市】関市都市公園一覧,c212059-018,2
210005_岐阜県,【関市】関市都市公園条例に準ずる公園一覧,c212059-019,1
210005_岐阜県,【関市】文化財一覧（国指定）,c212059-023,2
210005_岐阜県,【関市】薬局一覧,c212059-024,2
210005_岐阜県,【関市】消防水利施設一覧,c212059-028,2
210005_岐阜県,【中津川市】指定緊急避難場所,c212067-001,3
210005_岐阜県,【中津川市】指定避難所,c212067-002,1
210005_岐阜県,【中津川市】公共施設,c212067-003,3
210005_岐阜県,【中津川市】医療機関一覧,c212067-005,2
210005_岐阜県,【中津川市】子育て施設一覧,c212067-006,2
210005_岐阜県,【中津川市】介護サービス事業所一覧,c212067-007,2
210005_岐阜県,【中津川市】小・中学校施設,c212067-010,2
210005_岐阜県,【中津川市】指定一般避難所,c212067-011,2
210005_岐阜県,【中津川市】薬局一覧,c212067-014,3
210005_岐阜県,【中津川市】AED設置場所一覧,c212067-017,2
210005_岐阜県,【中津川市】消防水利施設一覧,c212067-018,2
210005_岐阜県,【美濃市】指定緊急避難場所,c212075-001,3
210005_岐阜県,【美濃市】指定避難所,c212075-002,1
210005_岐阜県,【美濃市】公共施設,c212075-003,3
210005_岐阜県,【美濃市】医療機関一覧,c212075-005,3
210005_岐阜県,【美濃市】子育て施設一覧,c212075-006,2
210005_岐阜県,【美濃市】介護サービス事業所一覧,c212075-007,3
210005_岐阜県,【美濃市】小・中学校施設,c212075-010,2
210005_岐阜県,【美濃市】指定一般避難所,c212075-011,2
210005_岐阜県,【美濃市】指定福祉避難所,c212075-012,2
210005_岐阜県,【美濃市】薬局一覧,c212075-015,3
210005_岐阜県,【美濃市】消防水利施設一覧,c212075-016,2
210005_岐阜県,【瑞浪市】指定緊急避難場所,c212083-001,4
210005_岐阜県,【瑞浪市】指定避難所,c212083-002,2
210005_岐阜県,【瑞浪市】公共施設,c212083-003,3
210005_岐阜県,【瑞浪市】医療機関一覧,c212083-005,3
210005_岐阜県,【瑞浪市】子育て施設一覧,c212083-006,2
210005_岐阜県,【瑞浪市】介護サービス事業所一覧,c212083-007,3
210005_岐阜県,【瑞浪市】小・中学校施設,c212083-010,2
210005_岐阜県,【瑞浪市】指定一般避難所,c212083-011,2
210005_岐阜県,【瑞浪市】指定福祉避難所,c212083-012,2
210005_岐阜県,【瑞浪市】AED設置場所一覧,c212083-015,2
210005_岐阜県,【瑞浪市】トイレ一覧,c212083-017,1
210005_岐阜県,【瑞浪市】公衆無線LANアクセスポイント一覧,c212083-024,1
210005_岐阜県,【瑞浪市】子育て相談窓口一覧,c212083-025,1
210005_岐阜県,【瑞浪市】文化財一覧（国指定）,c212083-027,2
210005_岐阜県,【瑞浪市】薬局一覧,c212083-028,3
210005_岐阜県,【羽島市】指定緊急避難場所,c212091-001,3
210005_岐阜県,【羽島市】指定避難所,c212091-002,1
210005_岐阜県,【羽島市】公共施設,c212091-003,3
210005_岐阜県,【羽島市】医療機関一覧,c212091-005,3
210005_岐阜県,【羽島市】子育て施設一覧,c212091-006,2
210005_岐阜県,【羽島市】介護サービス事業所一覧,c212091-007,3
210005_岐阜県,【羽島市】小・中学校施設,c212091-010,2
210005_岐阜県,【羽島市】指定一般避難所,c212091-011,2
210005_岐阜県,【羽島市】AED設置場所一覧,c212091-012,4
210005_岐阜県,【羽島市】消防水利施設一覧,c212091-013,3
210005_岐阜県,【羽島市】公衆トイレ一覧,c212091-015,4
210005_岐阜県,【羽島市】薬局一覧,c212091-020,2
210005_岐阜県,【恵那市】指定緊急避難場所,c212105-001,4
210005_岐阜県,【恵那市】指定避難所,c212105-002,1
210005_岐阜県,【恵那市】公共施設,c212105-003,3
210005_岐阜県,【恵那市】医療機関一覧,c212105-005,5
210005_岐阜県,【恵那市】子育て施設一覧,c212105-006,3
210005_岐阜県,【恵那市】介護サービス事業所一覧,c212105-007,3
210005_岐阜県,【恵那市】小・中学校施設,c212105-010,3
210005_岐阜県,【恵那市】指定一般避難所,c212105-011,3
210005_岐阜県,【恵那市】指定福祉避難所,c212105-012,5
210005_岐阜県,【恵那市】文化財一覧（国指定）,c212105-017,2
210005_岐阜県,【恵那市】薬局一覧,c212105-018,3
210005_岐阜県,【恵那市】AED設置場所一覧,c212105-019,2
210005_岐阜県,【美濃加茂市】指定緊急避難場所,c212113-001,4
210005_岐阜県,【美濃加茂市】指定避難所,c212113-002,1
210005_岐阜県,【美濃加茂市】公共施設,c212113-003,4
210005_岐阜県,【美濃加茂市】医療機関一覧,c212113-005,3
210005_岐阜県,【美濃加茂市】子育て施設一覧,c212113-006,3
210005_岐阜県,【美濃加茂市】介護サービス事業所一覧,c212113-007,3
210005_岐阜県,【美濃加茂市】小・中学校施設,c212113-010,2
210005_岐阜県,【美濃加茂市】指定一般避難所,c212113-011,3
210005_岐阜県,【美濃加茂市】文化財一覧（国指定）,c212113-013,2
210005_岐阜県,【美濃加茂市】薬局一覧,c212113-014,2
210005_岐阜県,【美濃加茂市】AED設置場所一覧,c212113-015,2
210005_岐阜県,【美濃加茂市】消防水利施設一覧,c212113-016,2
210005_岐阜県,【土岐市】指定緊急避難場所,c212121-001,5
210005_岐阜県,【土岐市】指定避難所,c212121-002,1
210005_岐阜県,【土岐市】公共施設,c212121-003,3
210005_岐阜県,【土岐市】医療機関一覧,c212121-005,3
210005_岐阜県,【土岐市】子育て施設一覧,c212121-006,4
210005_岐阜県,【土岐市】介護サービス事業所一覧,c212121-007,2
210005_岐阜県,【土岐市】小・中学校施設,c212121-010,3
210005_岐阜県,【土岐市】指定一般避難所,c212121-011,4
210005_岐阜県,【土岐市】指定福祉避難所,c212121-012,4
210005_岐阜県,【土岐市】文化財一覧（国指定）,c212121-014,2
210005_岐阜県,【土岐市】薬局一覧,c212121-015,2
210005_岐阜県,【土岐市】AED設置場所一覧,c212121-016,2
210005_岐阜県,【土岐市】消防水利施設一覧,c212121-017,2
210005_岐阜県,【各務原市】指定緊急避難場所,c212130-001,3
210005_岐阜県,【各務原市】指定避難所,c212130-002,1
210005_岐阜県,【各務原市】公共施設,c212130-003,5
210005_岐阜県,【各務原市】医療機関一覧,c212130-005,3
210005_岐阜県,【各務原市】子育て施設一覧,c212130-006,4
210005_岐阜県,【各務原市】介護サービス事業所一覧,c212130-007,3
210005_岐阜県,【各務原市】小・中学校施設,c212130-010,2
210005_岐阜県,【各務原市】指定一般避難所,c212130-011,2
210005_岐阜県,【各務原市】指定福祉避難所,c212130-012,1
210005_岐阜県,【各務原市】文化財一覧（国指定）,c212130-014,2
210005_岐阜県,【各務原市】薬局一覧,c212130-015,5
210005_岐阜県,【各務原市】AED設置場所一覧,c212130-016,2
210005_岐阜県,【各務原市】消防水利施設一覧,c212130-017,2
210005_岐阜県,【可児市】指定緊急避難場所,c212148-001,3
210005_岐阜県,【可児市】指定避難所,c212148-002,1
210005_岐阜県,【可児市】公共施設,c212148-003,3
210005_岐阜県,【可児市】医療機関一覧,c212148-005,4
210005_岐阜県,【可児市】子育て施設一覧,c212148-006,6
210005_岐阜県,【可児市】介護サービス事業所一覧,c212148-007,2
210005_岐阜県,【可児市】小・中学校施設,c212148-010,2
210005_岐阜県,【可児市】指定一般避難所,c212148-011,2
210005_岐阜県,【可児市】指定福祉避難所,c212148-012,2
210005_岐阜県,【可児市】文化財一覧（国指定）,c212148-014,2
210005_岐阜県,【可児市】薬局一覧,c212148-015,6
210005_岐阜県,【可児市】AED設置場所一覧,c212148-016,4
210005_岐阜県,【山県市】指定緊急避難場所,c212156-001,3
210005_岐阜県,【山県市】指定避難所,c212156-002,1
210005_岐阜県,【山県市】公共施設,c212156-003,3
210005_岐阜県,【山県市】医療機関一覧,c212156-005,3
210005_岐阜県,【山県市】子育て施設一覧,c212156-006,2
210005_岐阜県,【山県市】介護サービス事業所一覧,c212156-007,3
210005_岐阜県,【山県市】小・中学校施設,c212156-010,2
210005_岐阜県,【山県市】指定一般避難所,c212156-011,2
210005_岐阜県,【山県市】指定福祉避難所,c212156-012,2
210005_岐阜県,【山県市】文化財一覧（国指定）,c212156-015,2
210005_岐阜県,【山県市】薬局一覧,c212156-016,2
210005_岐阜県,【山県市】公衆無線LANアクセスポイント一覧,c212156-017,1
210005_岐阜県,【山県市】AED設置場所一覧,c212156-018,2
210005_岐阜県,【山県市】消防水利施設一覧,c212156-019,2
210005_岐阜県,【瑞穂市】指定緊急避難場所,c212164-001,3
210005_岐阜県,【瑞穂市】指定避難所,c212164-002,1
210005_岐阜県,【瑞穂市】公共施設,c212164-003,3
210005_岐阜県,【瑞穂市】子育て施設一覧,c212164-005,2
210005_岐阜県,【瑞穂市】介護サービス事業所一覧,c212164-006,3
210005_岐阜県,【瑞穂市】小・中学校施設,c212164-009,2
210005_岐阜県,【瑞穂市】指定一般避難所,c212164-010,2
210005_岐阜県,【瑞穂市】指定福祉避難所,c212164-011,2
210005_岐阜県,【瑞穂市】薬局一覧,c212164-016,3
210005_岐阜県,【瑞穂市】医療機関一覧,c212164-017,3
210005_岐阜県,【瑞穂市】AED設置場所一覧,c212164-020,2
210005_岐阜県,【瑞穂市】消防水利施設一覧,c212164-021,2
210005_岐阜県,【飛騨市】指定緊急避難場所,c212172-001,3
210005_岐阜県,【飛騨市】指定避難所,c212172-002,1
210005_岐阜県,【飛騨市】公共施設,c212172-003,3
210005_岐阜県,【飛騨市】医療機関一覧,c212172-006,2
210005_岐阜県,【飛騨市】子育て施設一覧,c212172-007,2
210005_岐阜県,【飛騨市】介護サービス事業所一覧,c212172-008,2
210005_岐阜県,【飛騨市】小・中学校施設,c212172-011,2
210005_岐阜県,【飛騨市】指定一般避難所,c212172-012,2
210005_岐阜県,【飛騨市】指定福祉避難所,c212172-013,2
210005_岐阜県,【飛騨市】公共施設使用料,c212172-019,1
210005_岐阜県,【飛騨市】子どもの予防接種（委託医療機関）,c212172-020,1
210005_岐阜県,【飛騨市】子育て相談窓口一覧,c212172-022,1
210005_岐阜県,【飛騨市】投票所一覧,c212172-025,1
210005_岐阜県,【飛騨市】福祉避難所一覧,c212172-026,1
210005_岐阜県,【飛騨市】防火水槽一覧,c212172-029,4
210005_岐阜県,【飛騨市】文化財一覧（国指定）,c212172-031,2
210005_岐阜県,【飛騨市】薬局一覧,c212172-032,2
210005_岐阜県,【飛騨市】AED設置場所一覧,c212172-033,2
210005_岐阜県,【本巣市】指定緊急避難場所,c212181-001,5
210005_岐阜県,【本巣市】指定避難所,c212181-002,1
210005_岐阜県,【本巣市】公共施設,c212181-003,3
210005_岐阜県,【本巣市】子育て施設一覧,c212181-005,4
210005_岐阜県,【本巣市】介護サービス事業所一覧,c212181-006,1
210005_岐阜県,【本巣市】小・中学校施設,c212181-009,2
210005_岐阜県,【本巣市】指定一般避難所,c212181-010,4
210005_岐阜県,【本巣市】指定福祉避難所,c212181-011,2
210005_岐阜県,【本巣市】薬局一覧,c212181-018,2
210005_岐阜県,【本巣市】医療機関一覧,c212181-019,2
210005_岐阜県,【本巣市】AED設置場所一覧,c212181-024,2
210005_岐阜県,【郡上市】指定緊急避難場所,c212199-001,3
210005_岐阜県,【郡上市】指定避難所,c212199-002,1
210005_岐阜県,【郡上市】公共施設,c212199-003,3
210005_岐阜県,【郡上市】医療機関一覧,c212199-005,4
210005_岐阜県,【郡上市】子育て施設一覧,c212199-006,2
210005_岐阜県,【郡上市】介護サービス事業所一覧,c212199-007,2
210005_岐阜県,【郡上市】小・中学校施設,c212199-010,3
210005_岐阜県,【郡上市】指定一般避難所,c212199-011,3
210005_岐阜県,【郡上市】文化財一覧（国指定）,c212199-013,2
210005_岐阜県,【郡上市】薬局一覧,c212199-014,4
210005_岐阜県,【郡上市】AED設置場所一覧,c212199-015,2
210005_岐阜県,【郡上市】消防水利施設一覧,c212199-016,2
210005_岐阜県,【下呂市】指定緊急避難場所,c212202-001,4
210005_岐阜県,【下呂市】指定避難所,c212202-002,1
210005_岐阜県,【下呂市】公共施設,c212202-003,3
210005_岐阜県,【下呂市】医療機関一覧,c212202-005,5
210005_岐阜県,【下呂市】子育て施設一覧,c212202-006,2
210005_岐阜県,【下呂市】介護サービス事業所一覧,c212202-007,3
210005_岐阜県,【下呂市】小・中学校施設,c212202-010,2
210005_岐阜県,【下呂市】指定一般避難所,c212202-011,2
210005_岐阜県,【下呂市】指定福祉避難所,c212202-012,2
210005_岐阜県,【下呂市】薬局一覧,c212202-015,3
210005_岐阜県,【下呂市】AED設置場所一覧,c212202-016,2
210005_岐阜県,【下呂市】消防水利施設一覧,c212202-017,2
210005_岐阜県,【海津市】指定緊急避難場所,c212211-001,3
210005_岐阜県,【海津市】指定避難所,c212211-002,1
210005_岐阜県,【海津市】公共施設,c212211-003,3
210005_岐阜県,【海津市】医療機関一覧,c212211-005,3
210005_岐阜県,【海津市】子育て施設一覧,c212211-006,2
210005_岐阜県,【海津市】介護サービス事業所一覧,c212211-007,3
210005_岐阜県,【海津市】小・中学校施設,c212211-010,2
210005_岐阜県,【海津市】指定一般避難所,c212211-011,2
210005_岐阜県,【海津市】指定福祉避難所,c212211-012,2
210005_岐阜県,【海津市】文化財一覧（国指定）,c212211-014,2
210005_岐阜県,【海津市】薬局一覧,c212211-015,2
210005_岐阜県,【海津市】AED設置場所一覧,c212211-016,2
210005_岐阜県,【海津市】消防水利施設一覧,c212211-017,2
210005_岐阜県,【羽島郡岐南町】指定緊急避難場所,c213021-001,5
210005_岐阜県,【羽島郡岐南町】指定避難所,c213021-002,3
210005_岐阜県,【羽島郡岐南町】公共施設,c213021-003,5
210005_岐阜県,【羽島郡岐南町】子育て施設一覧,c213021-005,5
210005_岐阜県,【羽島郡岐南町】介護サービス事業所一覧,c213021-006,5
210005_岐阜県,【羽島郡岐南町】小・中学校施設,c213021-009,2
210005_岐阜県,【羽島郡岐南町】指定一般避難所,c213021-010,4
210005_岐阜県,【羽島郡岐南町】指定福祉避難所,c213021-011,4
210005_岐阜県,【羽島郡岐南町】薬局一覧,c213021-014,3
210005_岐阜県,【羽島郡岐南町】医療機関一覧,c213021-015,3
210005_岐阜県,【羽島郡岐南町】AED設置場所一覧,c213021-016,2
210005_岐阜県,【羽島郡笠松町】指定緊急避難場所,c213039-001,1
210005_岐阜県,【羽島郡笠松町】指定避難所,c213039-002,2
210005_岐阜県,【羽島郡笠松町】公共施設,c213039-003,5
210005_岐阜県,【羽島郡笠松町】医療機関一覧,c213039-005,4
210005_岐阜県,【羽島郡笠松町】子育て施設一覧,c213039-006,2
210005_岐阜県,【羽島郡笠松町】介護サービス事業所一覧,c213039-007,4
210005_岐阜県,【羽島郡笠松町】小・中学校施設,c213039-010,2
210005_岐阜県,【羽島郡笠松町】指定一般避難所,c213039-011,1
210005_岐阜県,【羽島郡笠松町】指定福祉避難所,c213039-012,2
210005_岐阜県,【羽島郡笠松町】文化財一覧（国指定）,c213039-015,2
210005_岐阜県,【羽島郡笠松町】薬局一覧,c213039-016,4
210005_岐阜県,【羽島郡笠松町】AED設置場所一覧,c213039-017,2
210005_岐阜県,【羽島郡笠松町】消防水利施設一覧,c213039-018,2
210005_岐阜県,【養老郡養老町】指定緊急避難場所,c213411-001,3
210005_岐阜県,【養老郡養老町】指定避難所,c213411-002,1
210005_岐阜県,【養老郡養老町】公共施設,c213411-003,3
210005_岐阜県,【養老郡養老町】医療機関一覧,c213411-005,2
210005_岐阜県,【養老郡養老町】子育て施設一覧,c213411-006,2
210005_岐阜県,【養老郡養老町】介護サービス事業所一覧,c213411-007,2
210005_岐阜県,【養老郡養老町】小・中学校施設,c213411-010,2
210005_岐阜県,【養老郡養老町】指定一般避難所,c213411-011,2
210005_岐阜県,【養老郡養老町】指定福祉避難所,c213411-012,3
210005_岐阜県,【養老郡養老町】薬局一覧,c213411-015,2
210005_岐阜県,【養老郡養老町】AED設置場所一覧,c213411-016,2
210005_岐阜県,【不破郡垂井町】指定緊急避難場所,c213616-001,6
210005_岐阜県,【不破郡垂井町】指定避難所,c213616-002,2
210005_岐阜県,【不破郡垂井町】公共施設,c213616-003,5
210005_岐阜県,【不破郡垂井町】医療機関一覧,c213616-005,5
210005_岐阜県,【不破郡垂井町】子育て施設一覧,c213616-006,4
210005_岐阜県,【不破郡垂井町】介護サービス事業所一覧,c213616-007,4
210005_岐阜県,【不破郡垂井町】小・中学校施設,c213616-010,2
210005_岐阜県,【不破郡垂井町】指定一般避難所,c213616-011,5
210005_岐阜県,【不破郡垂井町】指定福祉避難所,c213616-012,2
210005_岐阜県,【不破郡垂井町】薬局一覧,c213616-016,3
210005_岐阜県,【不破郡垂井町】AED設置場所一覧,c213616-017,2
210005_岐阜県,【不破郡垂井町】消防水利施設一覧,c213616-018,2
210005_岐阜県,【不破郡関ケ原町】指定緊急避難場所,c213624-001,4
210005_岐阜県,【不破郡関ケ原町】指定避難所,c213624-002,1
210005_岐阜県,【不破郡関ケ原町】公共施設,c213624-003,3
210005_岐阜県,【不破郡関ケ原町】子育て施設一覧,c213624-005,3
210005_岐阜県,【不破郡関ケ原町】介護サービス事業所一覧,c213624-006,3
210005_岐阜県,【不破郡関ケ原町】小・中学校施設,c213624-009,3
210005_岐阜県,【不破郡関ケ原町】指定一般避難所,c213624-010,2
210005_岐阜県,【不破郡関ケ原町】指定福祉避難所,c213624-011,3
210005_岐阜県,【不破郡関ケ原町】薬局一覧,c213624-014,3
210005_岐阜県,【不破郡関ケ原町】医療機関一覧,c213624-015,3
210005_岐阜県,【不破郡関ケ原町】AED設置場所一覧,c213624-016,2
210005_岐阜県,【不破郡関ケ原町】消防水利施設一覧,c213624-017,2
210005_岐阜県,【安八郡神戸町】指定緊急避難場所,c213811-001,3
210005_岐阜県,【安八郡神戸町】指定避難所,c213811-002,1
210005_岐阜県,【安八郡神戸町】公共施設,c213811-003,3
210005_岐阜県,【安八郡神戸町】子育て施設一覧,c213811-005,2
210005_岐阜県,【安八郡神戸町】介護サービス事業所一覧,c213811-006,2
210005_岐阜県,【安八郡神戸町】小・中学校施設,c213811-009,2
210005_岐阜県,【安八郡神戸町】指定一般避難所,c213811-010,2
210005_岐阜県,【安八郡神戸町】指定福祉避難所,c213811-011,2
210005_岐阜県,【安八郡神戸町】AED設置場所一覧,c213811-013,2
210005_岐阜県,【安八郡神戸町】薬局一覧,c213811-016,2
210005_岐阜県,【安八郡神戸町】医療機関一覧,c213811-017,3
210005_岐阜県,【安八郡神戸町】消防水利施設一覧,c213811-018,2
210005_岐阜県,【安八郡輪之内町】指定緊急避難場所,c213829-001,3
210005_岐阜県,【安八郡輪之内町】指定避難所,c213829-002,1
210005_岐阜県,【安八郡輪之内町】公共施設,c213829-003,3
210005_岐阜県,【安八郡輪之内町】子育て施設一覧,c213829-005,4
210005_岐阜県,【安八郡輪之内町】介護サービス事業所一覧,c213829-006,2
210005_岐阜県,【安八郡輪之内町】小・中学校施設,c213829-009,2
210005_岐阜県,【安八郡輪之内町】指定一般避難所,c213829-010,2
210005_岐阜県,【安八郡輪之内町】指定福祉避難所,c213829-011,2
210005_岐阜県,【安八郡輪之内町】輪之内町のコミュニティ防災センター,c213829-012,1
210005_岐阜県,【安八郡輪之内町】薬局一覧,c213829-016,2
210005_岐阜県,【安八郡輪之内町】医療機関一覧,c213829-017,3
210005_岐阜県,【安八郡輪之内町】AED設置場所一覧,c213829-019,2
210005_岐阜県,【安八郡安八町】指定緊急避難場所,c213837-001,4
210005_岐阜県,【安八郡安八町】指定避難所,c213837-002,1
210005_岐阜県,【安八郡安八町】公共施設,c213837-003,3
210005_岐阜県,【安八郡安八町】子育て施設一覧,c213837-005,2
210005_岐阜県,【安八郡安八町】介護サービス事業所一覧,c213837-006,3
210005_岐阜県,【安八郡安八町】小・中学校施設,c213837-009,2
210005_岐阜県,【安八郡安八町】指定一般避難所,c213837-010,3
210005_岐阜県,【安八郡安八町】指定福祉避難所,c213837-011,2
210005_岐阜県,【安八郡安八町】薬局一覧,c213837-014,3
210005_岐阜県,【安八郡安八町】医療機関一覧,c213837-015,3
210005_岐阜県,【安八郡安八町】AED設置個所一覧,c213837-016,2
210005_岐阜県,【揖斐郡揖斐川町】指定緊急避難場所,c214019-001,3
210005_岐阜県,【揖斐郡揖斐川町】指定避難所,c214019-002,1
210005_岐阜県,【揖斐郡揖斐川町】公共施設,c214019-003,3
210005_岐阜県,【揖斐郡揖斐川町】医療機関一覧,c214019-005,3
210005_岐阜県,【揖斐郡揖斐川町】子育て施設一覧,c214019-006,2
210005_岐阜県,【揖斐郡揖斐川町】介護サービス事業所一覧,c214019-007,3
210005_岐阜県,【揖斐郡揖斐川町】小・中学校施設,c214019-010,3
210005_岐阜県,【揖斐郡揖斐川町】指定一般避難所,c214019-011,2
210005_岐阜県,【揖斐郡揖斐川町】指定福祉避難所,c214019-012,2
210005_岐阜県,【揖斐郡揖斐川町】観光施設一覧,c214019-014,1
210005_岐阜県,【揖斐郡揖斐川町】薬局一覧,c214019-018,2
210005_岐阜県,【揖斐郡揖斐川町】AED設置場所一覧,c214019-019,2
210005_岐阜県,【揖斐郡大野町】指定緊急避難場所,c214035-001,5
210005_岐阜県,【揖斐郡大野町】指定避難所,c214035-002,2
210005_岐阜県,【揖斐郡大野町】公共施設,c214035-003,4
210005_岐阜県,【揖斐郡大野町】子育て施設一覧,c214035-005,3
210005_岐阜県,【揖斐郡大野町】介護サービス事業所一覧,c214035-006,2
210005_岐阜県,【揖斐郡大野町】小・中学校施設,c214035-009,2
210005_岐阜県,【揖斐郡大野町】指定一般避難所,c214035-010,3
210005_岐阜県,【揖斐郡大野町】薬局一覧,c214035-014,3
210005_岐阜県,【揖斐郡大野町】医療機関一覧,c214035-015,3
210005_岐阜県,【揖斐郡大野町】指定福祉避難所,c214035-016,1
210005_岐阜県,【揖斐郡大野町】AED設置場所一覧,c214035-017,2
210005_岐阜県,【揖斐郡池田町】指定緊急避難場所,c214043-001,3
210005_岐阜県,【揖斐郡池田町】指定避難所,c214043-002,1
210005_岐阜県,【揖斐郡池田町】公共施設,c214043-003,3
210005_岐阜県,【揖斐郡池田町】医療機関一覧,c214043-005,2
210005_岐阜県,【揖斐郡池田町】子育て施設一覧,c214043-006,2
210005_岐阜県,【揖斐郡池田町】介護サービス事業所一覧,c214043-007,2
210005_岐阜県,【揖斐郡池田町】小・中学校施設,c214043-008,2
210005_岐阜県,【揖斐郡池田町】指定一般避難所,c214043-009,2
210005_岐阜県,【揖斐郡池田町】指定福祉避難所,c214043-010,2
210005_岐阜県,【揖斐郡池田町】文化財一覧（国指定）,c214043-014,2
210005_岐阜県,【揖斐郡池田町】薬局一覧,c214043-015,2
210005_岐阜県,【揖斐郡池田町】AED設置場所一覧,c214043-016,2
210005_岐阜県,【本巣郡北方町】指定緊急避難場所,c214213-001,5
210005_岐阜県,【本巣郡北方町】指定避難所,c214213-002,2
210005_岐阜県,【本巣郡北方町】公共施設,c214213-003,5
210005_岐阜県,【本巣郡北方町】子育て施設一覧,c214213-005,4
210005_岐阜県,【本巣郡北方町】介護サービス事業所一覧,c214213-006,4
210005_岐阜県,【本巣郡北方町】小・中学校施設,c214213-009,3
210005_岐阜県,【本巣郡北方町】指定一般避難所,c214213-010,5
210005_岐阜県,【本巣郡北方町】指定福祉避難所,c214213-011,3
210005_岐阜県,【本巣郡北方町】薬局一覧,c214213-014,3
210005_岐阜県,【本巣郡北方町】医療機関一覧,c214213-015,4
210005_岐阜県,【本巣郡北方町】AED設置場所一覧,c214213-016,2
210005_岐阜県,【本巣郡北方町】消防水利施設一覧,c214213-017,2
210005_岐阜県,【加茂郡坂祝町】指定緊急避難場所,c215015-001,3
210005_岐阜県,【加茂郡坂祝町】指定避難所,c215015-002,1
210005_岐阜県,【加茂郡坂祝町】公共施設,c215015-003,3
210005_岐阜県,【加茂郡坂祝町】子育て施設一覧,c215015-005,2
210005_岐阜県,【加茂郡坂祝町】介護サービス事業所一覧,c215015-006,2
210005_岐阜県,【加茂郡坂祝町】小・中学校施設,c215015-009,2
210005_岐阜県,【加茂郡坂祝町】指定一般避難所,c215015-010,2
210005_岐阜県,【加茂郡坂祝町】指定福祉避難所,c215015-011,2
210005_岐阜県,【加茂郡坂祝町】薬局一覧,c215015-015,2
210005_岐阜県,【加茂郡坂祝町】医療機関一覧,c215015-016,2
210005_岐阜県,【加茂郡富加町】指定緊急避難場所,c215023-001,3
210005_岐阜県,【加茂郡富加町】指定避難所,c215023-002,1
210005_岐阜県,【加茂郡富加町】公共施設,c215023-003,3
210005_岐阜県,【加茂郡富加町】子育て施設一覧,c215023-005,2
210005_岐阜県,【加茂郡富加町】介護サービス事業所一覧,c215023-006,2
210005_岐阜県,【加茂郡富加町】小・中学校施設,c215023-009,2
210005_岐阜県,【加茂郡富加町】指定一般避難所,c215023-010,2
210005_岐阜県,【加茂郡富加町】指定福祉避難所,c215023-011,2
210005_岐阜県,【加茂郡富加町】児童公園,c215023-012,1
210005_岐阜県,【加茂郡富加町】医療機関一覧,c215023-016,2
210005_岐阜県,【加茂郡川辺町】消防水利施設一覧,c215031-0-018,2
210005_岐阜県,【加茂郡川辺町】指定緊急避難場所,c215031-001,3
210005_岐阜県,【加茂郡川辺町】指定避難所,c215031-002,1
210005_岐阜県,【加茂郡川辺町】公共施設,c215031-003,3
210005_岐阜県,【加茂郡川辺町】子育て施設一覧,c215031-005,2
210005_岐阜県,【加茂郡川辺町】介護サービス事業所一覧,c215031-006,3
210005_岐阜県,【加茂郡川辺町】小・中学校施設,c215031-008,2
210005_岐阜県,【加茂郡川辺町】指定一般避難所,c215031-009,2
210005_岐阜県,【加茂郡川辺町】指定福祉避難所,c215031-010,2
210005_岐阜県,【加茂郡川辺町】薬局一覧,c215031-014,3
210005_岐阜県,【加茂郡川辺町】医療機関一覧,c215031-015,3
210005_岐阜県,【加茂郡川辺町】AED設置場所一覧,c215031-017,2
210005_岐阜県,【加茂郡七宗町】指定緊急避難場所,c215040-001,4
210005_岐阜県,【加茂郡七宗町】指定避難所,c215040-002,1
210005_岐阜県,【加茂郡七宗町】公共施設,c215040-003,4
210005_岐阜県,【加茂郡七宗町】子育て施設一覧,c215040-005,2
210005_岐阜県,【加茂郡七宗町】介護サービス事業所一覧,c215040-006,2
210005_岐阜県,【加茂郡七宗町】小・中学校施設,c215040-009,3
210005_岐阜県,【加茂郡七宗町】指定一般避難所,c215040-010,3
210005_岐阜県,【加茂郡七宗町】指定福祉避難所,c215040-011,2
210005_岐阜県,【加茂郡七宗町】薬局一覧,c215040-013,3
210005_岐阜県,【加茂郡七宗町】医療機関一覧,c215040-014,3
210005_岐阜県,【加茂郡七宗町】AED設置場所一覧,c215040-015,2
210005_岐阜県,【加茂郡七宗町】消防水利施設一覧,c215040-016,2
210005_岐阜県,【加茂郡八百津町】指定緊急避難場所,c215058-001,4
210005_岐阜県,【加茂郡八百津町】指定避難所,c215058-002,1
210005_岐阜県,【加茂郡八百津町】公共施設,c215058-003,3
210005_岐阜県,【加茂郡八百津町】医療機関一覧,c215058-005,3
210005_岐阜県,【加茂郡八百津町】子育て施設一覧,c215058-006,2
210005_岐阜県,【加茂郡八百津町】介護サービス事業所一覧,c215058-007,3
210005_岐阜県,【加茂郡八百津町】小・中学校施設,c215058-010,2
210005_岐阜県,【加茂郡八百津町】指定一般避難所,c215058-011,3
210005_岐阜県,【加茂郡八百津町】指定福祉避難所,c215058-012,2
210005_岐阜県,【加茂郡八百津町】薬局一覧,c215058-019,3
210005_岐阜県,【加茂郡八百津町】AED設置場所一覧,c215058-025,2
210005_岐阜県,【加茂郡八百津町】消防水利施設一覧,c215058-026,2
210005_岐阜県,【加茂郡白川町】指定緊急避難場所,c215066-001,3
210005_岐阜県,【加茂郡白川町】指定避難所,c215066-002,1
210005_岐阜県,【加茂郡白川町】公共施設,c215066-003,3
210005_岐阜県,【加茂郡白川町】医療機関一覧,c215066-005,3
210005_岐阜県,【加茂郡白川町】子育て施設一覧,c215066-006,2
210005_岐阜県,【加茂郡白川町】介護サービス事業所一覧,c215066-007,2
210005_岐阜県,【加茂郡白川町】小・中学校施設,c215066-010,2
210005_岐阜県,【加茂郡白川町】指定一般避難所,c215066-011,2
210005_岐阜県,【加茂郡白川町】指定福祉避難所,c215066-012,2
210005_岐阜県,【加茂郡白川町】文化財一覧（国指定）,c215066-015,2
210005_岐阜県,【加茂郡白川町】薬局一覧,c215066-016,2
210005_岐阜県,【加茂郡白川町】消防水利施設一覧,c215066-017,2
210005_岐阜県,【加茂郡東白川村】指定緊急避難場所,c215074-001,3
210005_岐阜県,【加茂郡東白川村】指定避難所,c215074-002,1
210005_岐阜県,【加茂郡東白川村】公共施設,c215074-003,3
210005_岐阜県,【加茂郡東白川村】子育て施設一覧,c215074-005,2
210005_岐阜県,【加茂郡東白川村】介護サービス事業所一覧,c215074-006,2
210005_岐阜県,【加茂郡東白川村】小・中学校施設,c215074-008,2
210005_岐阜県,【加茂郡東白川村】指定一般避難所,c215074-009,2
210005_岐阜県,【加茂郡東白川村】指定福祉避難所,c215074-010,2
210005_岐阜県,【加茂郡東白川村】薬局一覧,c215074-013,3
210005_岐阜県,【加茂郡東白川村】医療機関一覧,c215074-014,3
210005_岐阜県,【加茂郡東白川村】AED設置場所一覧,c215074-015,2
210005_岐阜県,【可児郡御嵩町】指定緊急避難場所,c215210-001,3
210005_岐阜県,【可児郡御嵩町】指定避難所,c215210-002,1
210005_岐阜県,【可児郡御嵩町】公共施設,c215210-003,3
210005_岐阜県,【可児郡御嵩町】医療機関一覧,c215210-005,3
210005_岐阜県,【可児郡御嵩町】子育て施設一覧,c215210-006,2
210005_岐阜県,【可児郡御嵩町】介護サービス事業所一覧,c215210-007,3
210005_岐阜県,【可児郡御嵩町】小・中学校施設,c215210-010,2
210005_岐阜県,【可児郡御嵩町】指定一般避難所,c215210-011,2
210005_岐阜県,【可児郡御嵩町】薬局一覧,c215210-016,2
210005_岐阜県,【可児郡御嵩町】AED設置場所一覧,c215210-017,2
210005_岐阜県,【可児郡御嵩町】消防水利施設一覧,c215210-018,2
210005_岐阜県,【大野郡白川村】指定緊急避難場所,c216046-001,3
210005_岐阜県,【大野郡白川村】指定避難所,c216046-002,1
210005_岐阜県,【大野郡白川村】公共施設,c216046-003,3
210005_岐阜県,【大野郡白川村】子育て施設一覧,c216046-005,2
210005_岐阜県,【大野郡白川村】介護サービス事業所一覧,c216046-006,2
210005_岐阜県,【大野郡白川村】小・中学校施設,c216046-009,2
210005_岐阜県,【大野郡白川村】指定一般避難所,c216046-010,2
210005_岐阜県,【大野郡白川村】指定福祉避難所,c216046-011,2
210005_岐阜県,【大野郡白川村】医療機関一覧,c216046-015,2
220001_静岡県,AED設置箇所一覧,28111d05-f0d6-4a92-93b9-c85853cfe48b,1
220001_静岡県,15_市営住宅（牧之原市）,7c8d0a64-b2cf-47f1-8bc6-65c1a9cf23e0,1
220001_静岡県,16_保育園（牧之原市）,6767e99d-d43d-4ddf-9558-a6fd55f74981,2
220001_静岡県,17_幼稚園（牧之原市）,995fc7ad-c742-41e6-9e64-24507f46ebb0,1
220001_静岡県,18_公園・レジャー施設（牧之原市）,4681729c-fc24-4b29-81ce-c3d5ff16a9f9,1
220001_静岡県,19_図書館（牧之原市）,dce463e6-9cd4-40aa-84a4-88d982d75699,1
220001_静岡県,20_市町村立小学校（牧之原市）,b9220804-f084-4bd1-82d9-3b68dfbfe8a3,1
220001_静岡県,21_市町村立中学校（牧之原市）,dfb14690-159b-46f6-9b7d-7d0b03c0af74,1
220001_静岡県,22_文化・教養施設（牧之原市）,3e47eadc-babd-46f6-a342-c41ea10d15f4,1
220001_静岡県,24_スポーツ施設（牧之原市）,a908954c-8d0f-49f3-8f6f-7e82868e8b29,1
220001_静岡県,ヨウ素剤保管場所,984c8495-109f-40f3-82d7-7c9ac19f5218,1
220001_静岡県,投票所,389072ea-9a92-4d72-aea3-12d74b86e620,1
220001_静岡県,公共施設一覧,ff28a8f1-13a0-4d15-8c4b-0a95772980cc,1
220001_静岡県,公共施設一覧,66f991a2-3992-49e2-a703-6683a48636cc,1
220001_静岡県,文化財一覧,55adbd58-b298-4411-9cf6-78fbf93964ab,1
220001_静岡県,指定緊急避難所一覧,9d42a587-952e-460d-a86f-05be707a2a69,1
220001_静岡県,子育て施設一覧,63025e36-156b-40e3-97c8-866233d0ed23,1
220001_静岡県,AED設置箇所一覧,4572a733-bf17-42a6-bfb2-4d3bb57b8d5d,1
220001_静岡県,介護サービス事業所一覧,33841595-216c-4aaa-86c2-e955a47c3fc0,1
220001_静岡県,医療機関一覧,ee4b64e8-3144-4589-99ef-6af32820e8d4,1
220001_静岡県,観光施設一覧,b409437b-19fe-4afd-923e-01d5f0e37380,1
220001_静岡県,公衆トイレ一覧,0f61be93-502e-4805-b1ec-6286e0660c41,1
220001_静岡県,消防水利施設一覧,9c5599d6-6874-4aa4-a4ca-3a6bc0ed927b,1
220001_静岡県,藤枝市公衆トイレ一覧,7fb879f5-1246-4538-808e-afd110aa5832,1
220001_静岡県,藤枝市観光施設一覧,17166e83-bd8a-483b-8f5c-3369813a5866,1
220001_静岡県,AED設置箇所一覧,2ef975db-a85b-4533-be80-161e38c6de88,3
220001_静岡県,文化財一覧,38b0ea73-b234-416a-80c7-d99d49276f3d,3
220001_静岡県,介護サービス事業所一覧,b8c393e2-a364-4e04-b305-7d12c858ed3e,3
220001_静岡県,医療機関一覧,61987d6b-1efe-4d67-b828-cc260fad3b0e,3
220001_静岡県,子育て施設一覧,b67c0e10-71b4-4710-b9de-59c0c060b322,3
220001_静岡県,指定緊急避難場所一覧,339131c1-af8f-4e83-8cab-af434db9334f,3
220001_静岡県,公衆トイレ一覧,3180ab94-59ca-4d50-800d-6c801ae7c1f8,3
220001_静岡県,観光施設一覧,14ac8bda-2d77-4b35-9c88-a6ca16766747,3
220001_静岡県,消防水利施設一覧,4bd15fed-38fa-458a-b17b-88b924b8880d,3
220001_静岡県,公衆無線LANアクセスポイント一覧,d1939755-65cc-46c5-b1ff-04e5688d3ca4,3
220001_静岡県,観光施設一覧,dd0d7546-aa77-422a-8d6e-d15aa7549bad,1
220001_静岡県,公衆無線LANアクセスポイント一覧,a39c1538-429e-4666-b450-773062d53bda,1
220001_静岡県,医療機関一覧,64b10f68-03c8-408d-8329-c4b98e940087,2
220001_静岡県,島田市保育所等一覧（保育園・認定こども園・地域型保育所）,f7526b29-e7c2-4c24-9ff1-412e34202ec4,1
220001_静岡県,島田市保育所等一覧（幼稚園）,c30e2b68-bffe-4394-be89-134ca23fd169,1
220001_静岡県,文化財一覧,add88971-acc6-4fcb-ab5b-5ca9615f29c4,1
220001_静岡県,公共施設一覧,be9f0e18-8071-4c75-8255-0a474b3585c1,1
220001_静岡県,公衆トイレ一覧,c7277f8a-f7dc-45b3-82c8-cb68360b148e,1
220001_静岡県,投票所一覧,4963495d-5a08-40c7-a9db-2bd2fb25a60a,1
220001_静岡県,文化財一覧,f17de53b-a744-4250-9de2-fdfa0a0389e3,1
220001_静岡県,子育て施設一覧,c86d2071-9771-41b3-a1fb-d2389c87f601,1
220001_静岡県,AED設置箇所一覧,9d1a17d3-bef6-470e-8984-884fc3fd399b,1
220001_静岡県,医療機関一覧,b41e4468-cc00-47d5-af98-965fe0171f2e,1
220001_静岡県,指定緊急避難場所一覧,fb78781b-a003-4a17-8b57-a4c641c7c932,1
220001_静岡県,公衆無線LANアクセスポイント一覧,3c2d4a93-4b0c-44f7-a8da-e612d85ad1a7,1
220001_静岡県,観光施設一覧,ae3b7328-434a-4844-ae34-e59280b02671,1
220001_静岡県,子育て施設一覧,cd6a7b23-3ace-45ba-8927-3a9495b65eef,1
220001_静岡県,介護サービス事業所一覧,3a22617a-fe3e-4b03-9cc4-a8dbc9582949,1
220001_静岡県,三島市　指定緊急避難場所一覧,bcd8e639-2503-4651-b78e-6edba03c6f53,1
220001_静岡県,三島市　公衆トイレ一覧,8d2457ac-58ee-4adb-a612-8fe84e6f57b5,1
220001_静岡県,焼津市_0009_消防水利施設一覧,9aea639c-6f98-4eed-b18c-bdf067b2fa3d,1
220001_静岡県,藤枝市医療機関一覧,29ca2dbe-60cf-454e-9166-62e560bd77f5,1
220001_静岡県,観光施設一覧,88a52eb8-8f67-4989-b91c-3c47c1ac49b6,1
220001_静岡県,市の施設一覧,08bc9080-d26d-4313-b1f8-70232f5af12b,1
220001_静岡県,焼津市_0008_公衆トイレ一覧,4ccbf4e4-eabe-4be6-a881-8d01dfa11e9e,1
220001_静岡県,公共施設一覧,ee2e705f-bfeb-4275-b4ce-c1f16aa21548,1
220001_静岡県,裾野市　001_公共施設一覧,335e1375-020f-4a20-a392-72d08a6e9e47,1
220001_静岡県,裾野市　002_文化財一覧,2f385c71-c618-4415-9241-04760785afac,1
220001_静岡県,裾野市　003_指定緊急避難場所一覧,44e564bd-29f0-4d14-8456-9cab48971b94,2
220001_静岡県,裾野市　005_子育て施設一覧,0ce1e5bc-c631-4531-b23d-75da877a7f15,1
220001_静岡県,裾野市　009_介護サービス事業所一覧,2507a1a4-c125-428e-8ccb-da852cea7147,1
220001_静岡県,裾野市　010_医療機関一覧,713b81b6-7d30-44d3-a55a-af3101268874,1
220001_静岡県,裾野市　011_観光施設一覧,f92a0cb1-b434-46e6-aca6-4afdea032b08,1
220001_静岡県,裾野市　013_公衆トイレ一覧,255646e7-5a08-45eb-ae41-573f203b7a88,1
220001_静岡県,裾野市　014_消防水利施設一覧,488ecabd-881a-43a8-a76e-1dcf49c825bc,1
220001_静岡県,観光施設一覧,c9247989-dc9b-4be5-9f92-6b8128c05df9,1
220001_静岡県,消防水利施設一覧,5b46f252-e860-4c6f-b1a6-6d0b37c17c08,1
220001_静岡県,指定緊急避難所一覧,7e784e37-a8da-4626-86ea-806a33398262,1
220001_静岡県,文化財一覧,e69efc65-b870-49f6-90a7-b94702e51610,1
220001_静岡県,公衆無線LAN一覧,e177a170-7fe2-414e-b134-cfd0a61f14f0,1
220001_静岡県,公衆トイレ一覧,9b337509-39a0-42b0-99a0-1ec7a1621130,1
220001_静岡県,公共施設一覧,e6b40065-5303-41bf-af18-8ebee4c68914,1
220001_静岡県,指定緊急避難所一覧,82a29eaa-8bce-4310-bba2-a351561c90ab,1
220001_静岡県,文化財一覧,a4fccad2-39aa-424f-b46f-732eaa8ca609,2
220001_静岡県,AED設置箇所一覧,a55fb077-e80d-4783-8de3-a2deca9d6f31,1
220001_静岡県,消防水利施設一覧,7478df50-85e4-40ee-82a5-861d94823966,1
220001_静岡県,観光施設一覧,eb1e56c4-499d-4f75-b7d6-24188f8d37c4,1
220001_静岡県,医療機関一覧,fca9730e-6126-4c67-87f9-181be36d8fb3,1
220001_静岡県,介護サービス事業所一覧,a9e6049b-0eaf-4ee0-9da8-f64f8d36d04b,1
220001_静岡県,AED設置箇所一覧,1f2c55d0-7aad-4f46-a6ef-8a762ad59de3,1
220001_静岡県,子育て施設一覧,4dd3dddc-b6f5-4f99-a6e9-a4245255f3be,1
220001_静岡県,文化財一覧,9e534a14-66aa-41ec-a2ba-c00677eba5a0,1
220001_静岡県,消防水利施設一覧,e569594a-bc04-44f4-a032-92efc34a1724,1
220001_静岡県,公衆無線LANアクセスポイント一覧,8bf569be-8f75-4568-b4dd-a087a2f512de,1
220001_静岡県,指定緊急避難場所一覧,f9bee98b-c6db-477e-8f6a-1b64cfb8b2e5,2
220001_静岡県,公共施設一覧,448984ba-aa60-44ab-b134-a285ff4a307f,1
220001_静岡県,公衆無線LANアクセスポイント一覧,665b84e5-da55-4074-a1e4-5ee5e0dfe5c1,1
220001_静岡県,消防水利施設一覧,20095233-d728-4f34-ac10-6693fdc36bba,1
220001_静岡県,公共施設一覧,cdfd95a4-3a4e-43ff-a48e-8c090f462af5,1
220001_静岡県,文化財一覧,1876bf65-4472-4bbf-8439-ac8fa9f4d9b6,1
220001_静岡県,指定緊急避難場所一覧,d2696ce6-475c-4a88-827c-6cf595799aa7,1
220001_静岡県,公衆無線LANアクセスポイント一覧,91af28db-4230-4f5a-8f3c-66f1deb81e5e,1
220001_静岡県,AED設置箇所一覧,feefcf8b-d7e0-4bf0-9caf-c570b884a5f3,1
220001_静岡県,介護サービス事業所一覧,ecdf4b31-d879-423c-8605-b0dc9f7fcfce,1
220001_静岡県,公共施設一覧,e3b4c4be-bd33-43c7-a8a5-82388fe33ad3,1
220001_静岡県,子育て施設一覧,37d56c26-226e-4326-aa5e-66059dd01276,1
220001_静岡県,公衆無線LANアクセスポイント一覧,a948eb5f-3af7-4a71-b0d5-3be6f0fbed57,1
220001_静岡県,AED設置箇所一覧,d132c6d6-d091-4e79-b42c-01cd75d2973e,1
220001_静岡県,医療機関一覧,12820e76-4768-48bb-a1d2-993ce6cd341b,1
220001_静岡県,観光施設一覧,d302735b-fdf6-426c-b145-2e573f289ba5,1
220001_静岡県,市営墓地,8757c079-b8d8-4d5b-bc98-7f5fc6091a3a,1
220001_静岡県,菊川市公衆トイレ一覧,819dee3b-fc2a-45ea-851f-f3c50c3c5ce5,1
220001_静岡県,公共施設一覧,9ecefa66-42ed-4f0e-9631-3c421368f191,2
220001_静岡県,伊豆市子育て支援施設,6e4250d7-8bf3-4ad4-bc05-71667fb01a7b,1
220001_静岡県,伊豆市介護事業所,7f2024f8-6f9d-44c1-a86a-34ae93642fb7,1
220001_静岡県,伊豆市医療機関,29849358-de18-4c52-950c-44ac2f160c68,1
220001_静岡県,御前崎市内医療機関,7a9bfb81-82ae-43cf-822c-97a4a60a9c5d,1
220001_静岡県,浜松市施設情報,a208450c-ccaf-495d-a5c8-d966957d63a9,1
220001_静岡県,放課後児童会一覧,46ad0e15-a213-4e66-8f48-ea698cbd77e4,1
220001_静岡県,類似放課後児童クラブ一覧,04436797-71ea-4517-ad0f-63cbe9c740be,1
220001_静岡県,公衆トイレ一覧,f31c0d00-6c94-4db3-b754-2ba8d2608061,1
220001_静岡県,熱海市_指定緊急避難所,ac798ab3-a123-42b5-a669-de2eac42ff1d,1
220001_静岡県,子育て施設一覧　河津町,ae9c3e6a-3d36-4f3f-a66c-57aff8b09f29,1
220001_静岡県,子育て施設一覧　三島市,be6fffbf-1a76-47ff-abda-b6bb93d9fd45,1
220001_静岡県,子育て施設一覧　松崎町,15a2de6e-93c7-495f-9009-453ba61874c0,1
220001_静岡県,子育て施設一覧　富士市,64643975-e010-43f4-a2ed-1ebf9817c45b,1
220001_静岡県,観光施設一覧,4d4d4863-e495-45ab-8948-c1718af4eea8,1
220001_静岡県,島田市内文化施設一覧,c897339b-2842-4b3a-af9c-47d4fee50421,1
220001_静岡県,静岡県島田市立小中学校所在地及び連絡先,c7b72975-7a44-4c11-ba1b-f6ead50016df,1
220001_静岡県,熱海市文化財一覧,a2bbb4a7-f96f-4995-8389-6c46a9a4b9a4,1
220001_静岡県,認可外保育施設（顧客児童限定保育施設）,cd32a235-ea80-4b34-b1ca-9ec42eed702a,1
220001_静岡県,外国人向け認可外保育施設,ce4f60ac-703a-4fbc-90c1-abf7751346e3,1
220001_静岡県,私立認可保育園,0bb07b53-e215-4034-bd8d-94ee32e7e933,1
220001_静岡県,公立幼稚園,56162b76-dd94-46a3-8761-dd539de742d3,1
220001_静岡県,私立幼稚園,0d83fc6b-553c-46b6-ae6b-5596b20219cc,1
220001_静岡県,認定こども園（保育園機能）,515c985f-913d-4cf4-9923-c816e5c93d14,1
220001_静岡県,認定こども園（幼稚園機能）,59e5a1c6-c714-4642-94a9-690f4124fdc8,1
220001_静岡県,AED設置箇所一覧,f70e5a59-5d61-4009-9024-1bc40879c662,1
220001_静岡県,診療所（歯科）,3f75cc74-13f0-4034-9d77-db4c3abc5779,1
220001_静岡県,診療所（医科）,8e27a766-6d89-49a6-8928-b052eaafb748,1
220001_静岡県,施術所一覧（あん摩・はり・きゅう）,2d9ad0ec-1416-4f63-901a-01429a2bc3d7,1
220001_静岡県,医薬品販売業（卸売販売業）,f9bbd91e-254f-431a-8c6d-011791f73cfd,1
220001_静岡県,医薬品販売業（店舗販売業）,0f221567-7b5b-41a2-96b5-02301b9913f0,1
220001_静岡県,妊産婦乳幼児健診施設,b17f99e3-9df1-459d-a762-bed527e6ac2c,1
220001_静岡県,歯科健診実施歯科医療機関,dee2c38d-7bb7-41fd-90a7-5e31cb9ae9df,1
220001_静岡県,健康はままつ21推進協力団体,ae3eb9ac-29ed-4c44-a1b0-a580e48ae77c,1
220001_静岡県,企業主導型保育事業,cd6a3a30-c91d-4948-b565-dd25c1126775,1
220001_静岡県,子ども食堂一覧,3e962a9f-28fb-4bd1-b92e-ea7dd021e082,1
220001_静岡県,浜松市営自転車駐車場,ca122888-1a9d-423a-9cc9-2ac954489cbe,1
220001_静岡県,浜松市営バイク駐車場,d36647b4-7082-4b65-8330-39f7453795f0,1
220001_静岡県,指定自立支援医療機関名簿【育成・更生】（薬局）,9fb2b6b2-e849-4279-b95d-f02a46f46aca,1
220001_静岡県,地域包括支援センター,6e9dc531-dd98-42b1-b394-f34366239156,1
220001_静岡県,都市公園情報,50564f79-0429-4192-80ba-c99c365e3d0a,1
220001_静岡県,指定自立支援医療機関名簿【育成・更生】（訪問看護事業者等）,eef651c1-157d-43e2-9ce5-de046ba5240b,1
220001_静岡県,指定自立支援医療機関名簿【育成・更生】（病院・診療所）,041e72e8-9413-4e96-bf6f-25fdece4a57b,1
220001_静岡県,薬局製造販売医薬品製造業・製造販売業,ac758348-ffa6-48ce-b606-6716fd619fd7,1
220001_静岡県,高度管理医療機器等販売業・貸与業,c400058d-0455-47be-9659-cc04d5bb6828,1
220001_静岡県,歯科技工所一覧,e33201c1-a664-4840-b4ee-4df434d64041,1
220001_静岡県,助産所,40ed1630-e7f1-427f-bbf0-b97ec21228e5,1
220001_静岡県,病院,9cb187ad-ef0f-47fa-afc3-0b1b9a8c4cdb,1
220001_静岡県,有料老人ホーム施設一覧,bab84a6a-aacf-4b84-b4d8-9f23be951298,1
220001_静岡県,養護老人ホーム施設一覧,ff9052bb-1bd1-4b91-81dc-58573aa46ca6,1
220001_静岡県,地域包括支援センター（高齢者相談センター）一覧,dca47458-8690-40ad-821f-3beb472a3f77,1
220001_静岡県,指定自立支援医療機関【精神通院】（訪問看護）,edfb7525-12e6-42fc-ad39-4081e4222107,1
220001_静岡県,指定自立支援医療機関【精神通院】（薬局）,9afe07e1-c95c-43cb-8c69-be7e2262614a,1
220001_静岡県,指定自立支援医療機関【精神通院】（病院・診療所）,43bf46ba-f91c-46ed-8661-2b84fd6ecec6,1
220001_静岡県,浜松市小学校,4a663b9d-93b6-4fa3-99bd-1fc140ed0eee,1
220001_静岡県,児童館一覧,d569fdaa-2568-4d68-8b2d-2994a67bd6f9,1
220001_静岡県,浜松市公共施設情報（建物）,444696fb-38fe-480b-8464-44fb8794c7e2,1
220001_静岡県,消防施設一覧,b1535677-91cf-4dcf-b970-07db138ca8a6,1
220001_静岡県,市営住宅一覧,67f0b507-7ae5-49c9-9f86-98e1af19f351,1
220001_静岡県,指定等文化財一覧,a70c0e63-c242-4be5-91a9-dd26d9e2c1bd,1
220001_静岡県,浜松市営駐車場,3417cf05-f7f4-41af-a63f-81f2450b968f,1
220001_静岡県,特定健診実施医療機関一覧,1420f946-eca8-485b-8f2b-dce58ab34820,1
220001_静岡県,がん検診実施医療機関一覧,22fbb225-514f-410c-8f46-9fbd944cc9a7,1
220001_静岡県,小児慢性特定疾病指定医療機関(薬局)一覧,553bb899-a9cf-41d8-8687-23a76ea40006,1
220001_静岡県,小児慢性特定疾病指定医療機関(訪問看護ステーション)一覧,b5fac09a-6820-4592-bc05-16a5b130eccd,1
220001_静岡県,小児慢性特定疾病指定医療機関(病院・診療所)一覧,355c2358-e0c5-48af-b44b-5b694ddffa65,1
220001_静岡県,浜松市立中学校,4d727f1c-d5b1-4cf5-b04b-1b8ae0b45482,1
220001_静岡県,生活支援ハウス施設一覧,9d2afd60-62e5-4786-ae62-31b9b0c2a2ab,1
220001_静岡県,応急救護所一覧,5bc228ec-6a8a-435f-b0a1-c0627f577717,1
220001_静岡県,軽費老人ホーム（地域密着型特定施設）一覧,48c755dc-9ae4-4785-bee3-a563eaef2ba6,1
220001_静岡県,軽費老人ホーム（ケアハウス）一覧,4693b96d-2cd9-4d09-8873-d3ae916f3957,1
220001_静岡県,軽費老人ホーム（A型）一覧,b83dc3fc-76c4-4422-97f2-90841cfdb9ee,1
220001_静岡県,避難所,842b5995-f169-41ee-a3e9-411e24ff2c45,1
220001_静岡県,緊急避難場所（災害種別ごと）,d312d480-d3b9-4acd-bef7-a66cf60c0e2c,1
220001_静岡県,ふれあい交流センター施設一覧,d5e7988f-8bf4-4743-b14d-a6ee2ef2d151,1
220001_静岡県,防災ヘリポート所在地,feeb90d3-2dde-4d3c-93f1-f9378b8d5be8,1
220001_静岡県,津波緊急避難場所,d5612972-5a94-455f-bbb3-dbd6023d8769,1
220001_静岡県,資源物回収拠点一覧（市の施設）,ad360eec-27ae-4781-9243-30fdb10caa59,1
220001_静岡県,市内児童館一覧,acd6030c-b3bb-4e5e-aab5-29fab04dbc18,1
220001_静岡県,【静岡市】介護保険サービス提供事業者一覧,9f4bb82a-7dd3-4243-97dc-9502e11f9fba,5
220001_静岡県,スポーツ施設一覧,318a8c37-95ab-4670-b8fd-c0a66ec81e05,1
220001_静岡県,しずまえおさかな処マップ　掲載飲食店,3518fbd1-05cd-40ab-bada-031c3b03defb,1
220001_静岡県,清水区内にある公園基本情報一覧表,92f2dbd8-e084-4b33-8bb3-57f174c7cda1,1
220001_静岡県,葵区・駿河区内にある公園基本情報一覧表,52877e68-9517-4f5d-a431-db2e4e38a416,2
220001_静岡県,AED配置状況（公共施設）,dd1347a8-60e9-4781-8dbe-7614924f945e,1
220001_静岡県,静岡市内の教育・保育施設等の位置情報,92ca2c4a-b1f9-4074-87d4-70c63da18c14,1
220001_静岡県,病院台帳等,57c3f602-2d67-44dc-84f4-7cbdafe7f224,6
220001_静岡県,静岡市文化財一覧（自治体標準データセット）,e5949b0e-0fc5-4746-9361-61e20a7c4764,1
220001_静岡県,静岡市公衆無線LAN事業アクセスポイント一覧（標準データセット対応）,904fe51c-b1a7-42b7-8bb5-5b9fea862e74,2
220001_静岡県,救護所一覧,ed3ee8d0-5c40-4a98-a5fb-3ca0df7cf692,1
220001_静岡県,静岡市公共施設情報,48e7ea82-91e8-4718-8611-6b6517f8d131,1
220001_静岡県,市立小学校、中学校及び高等学校一覧,a1fb4cd5-ef1a-40c6-80e1-491825e2dfd8,3
220001_静岡県,各区投票所一覧,ce250ab6-378d-4a33-befe-796b271fe05c,1
220001_静岡県,静岡市消防水利施設一覧（自治体標準データセット）,0b05b26d-2ff9-445a-b41d-aa149ae62683,1
220001_静岡県,施術所台帳,74a2eeb7-b927-4a89-b159-4a7cb39a73b7,20
220001_静岡県,HAMAMATSU FREE Wi-Fi設置施設,fccffa71-2664-4c8c-a5ea-8b5a1d8382ea,1
220001_静岡県,公衆浴場台帳,c36a2246-9034-4bcc-b0c3-7a57d24ec90e,1
220001_静岡県,AED設置施設一覧（2025.8.1現在） CSV,759b59ee-edf9-4c12-8db8-a1e759a0c4af,1
220001_静岡県,認証保育所,ae422023-b9c4-4a28-a9d0-f85f4bab108d,1
220001_静岡県,事業所内保育事業,b55d794d-2709-4ac9-8862-9741e648a719,1
220001_静岡県,【森町】ハザードマップ（指定緊急避難場所）,b0c2bbf2-b260-4365-b099-bd289f508218,1
220001_静岡県,子育て支援ひろば一覧,07ef3403-bc87-4c1e-8043-67e25ff055b5,1
220001_静岡県,市立認可保育園,2747becb-5af0-42e5-bc4b-5e73f1d5cc8d,1
220001_静岡県,【№01】河津町「公共施設」一覧,50f0ba1c-0c1d-4861-b565-c3d113cda82b,1
220001_静岡県,【№07】河津町「公衆無線LANアクセスポイント」一覧,549b13cd-e701-4cbe-a0d7-d61a53c6a2c8,1
220001_静岡県,【№11】河津町「観光施設」一覧,0d67cd4f-6e1a-4f42-80bf-6cc9494d2718,1
220001_静岡県,施術所一覧（柔道整復）,d657695f-c0a4-4b7a-b0d0-d9fcb695b6ef,1
220001_静岡県,特定保健指導実施医療機関一覧,d36c0b97-9eb4-4d46-8cdb-84383b959a35,1
220001_静岡県,子育て支援施設一覧,66e56685-983e-4753-ba34-3a4150120a9f,8
220001_静岡県,指定緊急避難所一覧,2f468afb-ab78-4841-ad55-98b98d11d4ea,1
220001_静岡県,公共施設一覧,1af24c3f-01c6-4390-a196-a679c7c7e92c,1
220001_静岡県,AED設置個所一覧,babe2e89-9d9d-461f-bcf2-9fc8f3d3c701,1
220001_静岡県,AED設置箇所一覧,e504fef5-2762-41da-ad8d-08b93c7f7ae7,1
220001_静岡県,観光施設一覧,5671332c-fb82-45c2-b905-2783f687d92f,1
220001_静岡県,公衆トイレ一覧（県営都市公園）,e97ed952-0be6-4ed9-ac60-5c679ed29cac,1
220001_静岡県,公衆トイレ一覧（自然ふれあい施設）,5202557b-a80f-4835-9f44-86d506be1952,1
220001_静岡県,公共施設一覧,3b64a6ee-6fa8-4f81-adea-83a0b6717a0b,1
220001_静岡県,AED設置箇所一覧,13799cbd-bb21-42eb-a6b0-a8733c089adf,1
220001_静岡県,公衆トイレ一覧,93eaa704-bb6c-4f39-8aff-094753affd65,1
220001_静岡県,観光施設一覧,9596a3d2-719d-4e47-a590-e51d593c5147,1
220001_静岡県,吉田町 公衆トイレ一覧,2b9c19a8-b69a-4a33-b1fc-5ca7352f0f28,1
220001_静岡県,指定緊急避難所一覧,5cd56917-4b55-4070-bce0-52848303eb6c,1
220001_静岡県,AED設置箇所一覧,fe8c05af-c1b6-4d50-89b7-408a08d328d6,1
220001_静岡県,公衆トイレ一覧,5a583c5e-fac3-4ad0-ba3b-a13a3301a322,1
220001_静岡県,公共施設一覧,867e5e25-2f8a-475a-9c73-ff768ee15c65,1
220001_静岡県,医療機関一覧,0a812a91-7894-4ac1-b98d-2a88c9f7991b,1
220001_静岡県,観光施設一覧,aae6261f-965b-4be3-a63a-35cef420ee5e,1
220001_静岡県,熱海市公衆トイレ一覧,3bbe8611-ac69-4aec-98ac-36261c6fdd51,1
220001_静岡県,指定緊急避難場所一覧,c0f2bb2b-aced-4098-a96e-c00f0000a3bb,1
220001_静岡県,公衆無線LANアクセスポイント一覧,c64b3cef-16b1-4c2a-ad3d-fc25db3dc8ba,1
220001_静岡県,AED設置箇所一覧,e8b0a8c0-71d0-4b17-b12e-66131cac0db3,1
220001_静岡県,観光施設一覧,7ccebb26-9d88-4fc4-8e56-2a9e997cfa92,1
220001_静岡県,公衆トイレ一覧,4ce5f55f-c533-415c-9f38-345592cb97a0,1
220001_静岡県,観光施設一覧,32a6a01b-3724-46e2-8f8c-1255d5a41154,1
220001_静岡県,AED設置個所一覧,95070b1c-4ae5-4f1c-81a8-4a925e5ded71,1
220001_静岡県,子育て施設一覧,fbf9b9f6-f778-449c-84e0-ec9afcc8a9d0,1
220001_静岡県,介護サービス事業所一覧,0e9f3c84-4fd8-4d22-9c5c-9d9bc79f23f1,1
220001_静岡県,消防水利施設一覧,31f74c7a-01ed-485b-a2b9-34c221ad7b25,1
220001_静岡県,観光施設一覧,abd6dc86-a38e-40c9-bd90-2ab6fbf7fd8b,1
220001_静岡県,伊豆市観光施設一覧,d1a91a08-b94f-481e-b909-77a82dff42fb,1
220001_静岡県,伊豆の国市公共施設一覧,6508cdd4-9f2b-437d-ba60-d8df54af737d,1
220001_静岡県,指定緊急避難場所一覧,7df10b6c-1362-4f0c-ae81-0181f7f98de1,1
220001_静岡県,小規模保育事業,862f6a99-6301-4e6e-a54d-35bdbf3e6a31,1
220001_静岡県,介護保険事業所一覧,00574493-fb07-46cb-b752-630737086bca,1
220001_静岡県,予防接種委託医療機関,9ee512f3-e6f7-40b2-950a-8ddf12310daf,1
220001_静岡県,藤枝市投票所一覧（R8.4.1.現在）,b17bc667-f56c-451e-a13f-f22552618cff,1
220001_静岡県,認可外保育施設,6c7b863c-5d66-43da-b379-34c18a089f7b,1
220001_静岡県,薬局製剤製造業,96742b69-8b5a-47ce-bf47-27e59f79fed7,1
220001_静岡県,医療法人一覧表,aa2bc8c2-7255-43f9-93df-d018173de243,1
220001_静岡県,薬局,a2a48610-8490-4a80-a01f-202a5a269b43,1
220001_静岡県,市指定避難所・避難地,6dbb5cec-d698-4d9e-bade-b2c4212d2a43,1
220001_静岡県,投票所,ba473015-d516-4622-abcb-6815a0c255cd,1
220001_静岡県,AED設置公共施設,0ecffd39-6e23-414a-96e5-61ef7ce62641,1
220001_静岡県,中学校一覧,40e5c3d7-ff1e-46af-b007-f085d5e8c443,1
220001_静岡県,小学校一覧,3b773e46-49a2-4634-a1fa-1e985a5df7c6,1
220001_静岡県,指定避難所・避難地（2016年６月更新）,01e66c65-f538-4952-96f3-e8afb0d5221e,1
220001_静岡県,袋井市の公共施設Wi-Fi設置場所,4295997d-d3f5-494c-b74d-fb1589071dfe,1
220001_静岡県,消防署,00b144f8-a3a5-419c-9f36-6c558ee66ae8,1
220001_静岡県,市営住宅,4b5ebc4f-15a9-4cdd-93f8-f1b243785388,1
220001_静岡県,幼稚園・保育所,5395d65d-d6bc-4c16-a7f6-fdaab8d76ad7,1
220001_静岡県,子育て支援センター,037468e9-09dd-4d73-8233-446fc115234a,1
220001_静岡県,高校・専門学校・大学,ff95f8e5-9114-4567-aedf-20ef1e94f9dc,1
220001_静岡県,公民館,abb7e577-5f80-418d-91bf-7fee78cf5713,1
220001_静岡県,文化施設,77bb3a66-3641-410a-9f04-292176f26e0f,1
220001_静岡県,図書館,e2ffb655-8556-41c0-b7f0-b862a03a23b5,1
220001_静岡県,防災倉庫,72bc2dca-2d8d-4219-ba7f-385eff1ff8ee,1
220001_静岡県,歯科医院,f039aac2-8e8d-41af-8b7f-4b0fa2a74826,2
220001_静岡県,学校給食センター一覧,3a2d919d-0665-4f2f-a647-fd2346573cde,1
220001_静岡県,島田市児童厚生施設及び児童厚生類似施設一覧,675ecf68-27f9-4a2e-99e6-73cce10ceab3,1
220001_静岡県,H26島田市公共施設情報,3415c10f-a175-43dc-bad0-05cea805af83,1
220001_静岡県,H28島田市公共施設情報,cc2a3cd0-4cef-4784-b1db-a1e98a4cb95c,1
220001_静岡県,島田市役所川根支所案内(平成29年度作成),c4e82dfe-fa90-4e0d-ad21-456f62dcaf1d,1
220001_静岡県,第一次避難所,a220c9e1-4af8-405a-bdb7-4726a7b2908a,1
220001_静岡県,島田市AED情報,8f9aacc5-4c06-4803-acbe-5452b98b6f9c,2
220001_静岡県,医療機関（H29.3）,7a818daa-96e3-4470-825d-30a3380a4852,2
220001_静岡県,島田市観光情報,3727cb17-fcf6-49da-96fd-10f8eef9aab0,1
220001_静岡県,公共無線ＬＡＮ情報,ad59578f-5afd-48ec-a90c-885f6d23be35,1
220001_静岡県,救護所,49e6864f-0b38-4237-a172-6307b52858d2,2
220001_静岡県,農産物直売所,c6423831-0b9f-4ec3-812b-76dff72cc206,1
220001_静岡県,指定緊急避難場所一覧,a5e9b8fb-ef9c-4218-98ee-1e91b0f2c7b3,1
220001_静岡県,指定避難場所一覧,c82851fd-5a4c-4647-9529-7027100ae6d8,1
220001_静岡県,裾野市　007_公衆無線LANアクセスポイント一覧,733bdac2-d08c-43e5-a6f0-cae1f6bc30f8,1
220001_静岡県,富士宮市公衆無線LANアクセスポイント一覧,ee9999e2-6773-4f8f-a8c0-14e9cf02a975,1
220001_静岡県,伊豆の国市子育て施設一覧,2a218a97-16eb-48f8-bc8f-125ff0b832a7,3
220001_静岡県,伊東市内介護保険サービス提供事業所一覧表,d248b746-923b-41a1-b1cd-853f18062d65,1
220001_静岡県,菊川市子育て施設情報,bd3e5ddf-c3fc-4f8a-86ff-4bd2b42b18ea,1
220001_静岡県,伊豆の国市文化財一覧,f3cac794-39b2-43c8-8a16-8a2e8230e364,3
220001_静岡県,伊東市子育て施設一覧,bdd830ac-13a4-49cb-8026-3057b1082a2a,1
220001_静岡県,沼津市地域包括支援センター一覧,1838f9a8-6d7a-4ded-8577-3455346eaf47,1
220001_静岡県,介護サービス事業所一覧,3b2a68ce-738e-4a10-8cc0-664b2475825a,1
220001_静岡県,医療機関一覧,e4476f65-6fde-4473-bf66-0996ad53076f,1
220001_静岡県,公衆トイレ一覧,95c4d12e-3bbd-4bac-b639-3f38880dde60,1
220001_静岡県,公共施設一覧,a3028045-cb81-441a-a7c3-c486988c0a94,1
220001_静岡県,子育て施設一覧,bb90cd89-31d5-4b13-b15f-90996268edeb,1
220001_静岡県,文化財一覧,ab0ed15b-bfcc-4c42-8571-c072b13b828d,1
220001_静岡県,2019.7.18時点_富士市公衆無線LANアクセスポイント一覧,504052f8-4861-40b6-85d4-1aff7a63acc4,1
220001_静岡県,Ｒ1.9.26介護保険事業所一覧（短期入所生活介護、短期入所療養介護 ）,4646d5a2-9eaa-4814-9b25-40c0898a9411,1
220001_静岡県,Ｒ1.9.26介護保険事業所一覧（小規模多機能型居宅介護、看護小規模多機能型居宅介護 ）,5de19668-d864-472f-9406-7da3d7fafdb2,1
220001_静岡県,Ｒ1.9.26介護保険事業所一覧（訪問介護、訪問入浴介護 、訪問看護、訪問リハビリテーション、定期巡回・随時対応型訪問介護看護）,476363fc-c3b4-409c-a8dc-404759d21a30,1
220001_静岡県,Ｒ1.9.26介護保険事業所一覧（ケアハウス、サービス付き高齢者向け住宅）,f7ffa2f9-7108-4351-8ba5-65cfa4a432de,1
220001_静岡県,Ｒ1.9.26介護保険事業所一覧（特定施設入居者生活介護、地域密着型特定施設入居者生活介護、認知症対応型共同生活介護）,806dbef0-504e-4d10-9e5b-061509ba8e5b,1
220001_静岡県,Ｒ1.9.26介護保険事業所一覧（地域包括支援センター、居宅介護支援事業所）,9037d6be-0e0c-40df-abdd-c23c533651bb,1
220001_静岡県,Ｒ1.9.26介護保険事業所一覧（介護老人福祉施設、地域密着型介護老人福祉施設、介護老人保健施設）,1c64c321-d721-4a0e-a58d-eed2c40ba1cb,1
220001_静岡県,Ｒ1.9.26介護保険事業所一覧（通所介護、地域密着型通所介護、通所リハビリテーション、認知症対応型通所介護）,a74e6566-47cf-41ac-9670-53730e7c2428,1
220001_静岡県,下田市公衆無線LAN（Wi-Fi）設置個所,02a0c356-adb4-42bc-897a-10a0359eeaec,1
220001_静岡県,【森町】町営住宅,2ccfd3dd-2d40-4116-a605-0eff06aa8dfd,1
220001_静岡県,【森町】庁舎,8b2824ff-01ec-46f4-8c29-12e7bae0ae32,1
220001_静岡県,【森町】病院,59fabf9f-9e10-4609-ba73-618216315d85,1
220001_静岡県,【森町】図書館,1be674fe-562a-41e2-b3d3-5cdba3240f0f,1
220001_静岡県,【森町】文化・教養施設,6c09302c-ee5f-4253-b665-d914b168f4d8,1
220001_静岡県,【森町】スポーツ施設,ef3896f2-3725-4e0b-892e-79c85c763841,1
220001_静岡県,【森町】消防施設,129811c6-b055-48dc-b4f3-6bcd5ccd1313,1
220001_静岡県,【森町】町立幼稚園,3b4e4ef8-e3e0-47b3-ade1-7b4bcee5d44d,1
220001_静岡県,【森町】町立小学校,b6ec94ca-8da3-435c-90d4-9d690e712dc6,1
220001_静岡県,【森町】町立中学校,a1d8b062-c39f-432d-8db9-f840d364c047,1
220001_静岡県,伊東市内医療機関一覧,acdf8a04-0d40-408b-a42a-d52067f19867,1
220001_静岡県,伊東市内観光施設,874ef20d-87b3-4b36-a6c3-44b57df7f270,1
220001_静岡県,伊豆市選挙投票所,90f14c0a-e5d6-485e-936c-7875a88054dd,1
220001_静岡県,AED設置個所一覧,ef08c226-192e-4bae-b68f-b4c94fdc8b95,1
220001_静岡県,介護サービス事業所一覧,28f2757a-ce0e-4b2a-91a3-89cfdcc113e7,1
220001_静岡県,医療機関一覧,dba615fd-99a1-4f3e-98dd-a10ce099f741,1
220001_静岡県,文化財一覧,0fd8bdb5-cc1e-4e4c-81b7-72439cc11bef,1
220001_静岡県,観光施設一覧,37e7c3fb-3a55-4385-b518-edd13774a804,1
220001_静岡県,公衆無線LANアクセスポイント一覧,898e35c7-8065-423f-8d36-a224d7f7df2d,1
220001_静岡県,公衆トイレ一覧,36de1590-e196-4d6b-83e4-e9ce40759cff,1
220001_静岡県,消防水利施設一覧,0ff609e0-47fa-4449-921b-a50659308ace,1
220001_静岡県,公共施設一覧,f7f5236f-51d8-4140-91ff-21d07320ef41,1
220001_静岡県,子育て施設一覧,36b298fe-d815-4161-a78a-e164ca4a2ea0,1
220001_静岡県,富士宮市AED設置箇所一覧,e051a5f1-e837-46c7-9373-ca1f5387a7c4,1
220001_静岡県,富士宮市指定緊急避難場所一覧,9027fd47-2e81-4351-9223-908248c94834,1
220001_静岡県,菊川ブランド,e16e7191-c5a2-4534-aa5f-3c8a3c0b6382,1
220001_静岡県,るるぶ菊川紹介スポット,3152cfd7-a248-4eaf-9165-446ed282ea74,1
220001_静岡県,焼津市_0013_子育て施設一覧,3aeccd1d-ae14-4228-8213-51717598247c,1
220001_静岡県,焼津市_0010_指定緊急避難場所一覧,17d3df63-eec5-442b-8b6b-84080050f98a,1
220001_静岡県,広報菊川「菊川グルメ」掲載飲食店,ff7e809a-c914-4223-b8de-b7968cc850b4,1
220001_静岡県,AED設置箇所一覧,e29e578e-a30e-4026-933c-a01794df806c,1
220001_静岡県,医療機関一覧,104f2a94-f55b-4607-8114-cef0e12c35ad,1
220001_静岡県,文化財一覧,420e0921-33d9-41d1-ae50-adc1aafa6cd0,1
220001_静岡県,公衆無線LANアクセスポイント一覧,13cf6ab8-26ba-4018-a694-02db47d2081c,1
220001_静岡県,指定緊急避難場所一覧,32490ab5-ed2f-4d38-8a3b-1a834b086fec,1
220001_静岡県,子育て施設一覧,6f928744-cb42-41af-b9f0-95ea635e13da,1
220001_静岡県,介護サービス事業所一覧,65a5d173-bb72-489a-ba47-7a0cd87280cd,1
220001_静岡県,公衆トイレ一覧,008ff6bb-856d-492b-af30-3dfdb436f6d0,1
220001_静岡県,消防水利施設一覧,551eb079-7833-4847-b9a7-24fa644d7a9e,1
220001_静岡県,伊東市内文化財一覧,6e03dbe9-3c87-4137-ba66-0051de40a63a,1
220001_静岡県,伊東市選挙投票所一覧,d49cc40c-62c4-437e-9514-ee2d2ad9c960,1
220001_静岡県,伊東市小中学校一覧,cc45b370-620d-470b-8469-d015a956980b,1
220001_静岡県,焼津市_0004_文化財等一覧,f98385bd-924b-41c0-a4ae-999b34319dee,1
220001_静岡県,12_公共施設一覧（牧之原市）,69d526fe-bab8-4a10-8512-222373889c8e,1
220001_静岡県,沼津市文化財一覧,147e9d29-781c-4906-b53b-3f11904bbdc1,1
220001_静岡県,指定緊急避難場所一覧,43fd61e7-546c-4cea-bb76-97a423707ff9,1
220001_静岡県,公共施設内多目的トイレ一覧,6f1f7926-003c-4cb5-b453-bd9d5303003f,1
220001_静岡県,沼津市子育て施設一覧,b42cc8fa-9b0a-4f90-aa2f-c93a9583913d,1
220001_静岡県,沼津市指定緊急避難場所一覧,e5858745-758e-4713-b48d-3d39bd9c4362,1
220001_静岡県,伊東市内公園一覧,fbb5c94c-d372-4b7a-86ee-9334ce8145a9,1
220001_静岡県,沼津市公共施設情報,e4f8df50-875d-43c2-b0e3-ecd4ce41dc32,1
220001_静岡県,富士宮市医療機関一覧,2bfb4913-4bd1-4664-a31a-b0ae4e63cc93,1
220001_静岡県,富士宮市子育て施設一覧,7de42244-143f-4d47-9e7e-39f68e6e2190,1
220001_静岡県,AED設置の市公共施設一覧,c93ae12c-9eef-4dde-b97e-4c8d4bad275e,1
220001_静岡県,消防水利施設一覧,0ec7e3df-d3fe-4aa2-9154-d606d90bc961,1
220001_静岡県,子育て施設一覧,ff6deab5-7bb9-4119-b33d-c0bdf1f113e0,1
220001_静岡県,公園情報,6438bc2b-3733-4c39-b05d-f7f3159f4463,1
220001_静岡県,湖西市　投票所データ（2021年4月　更新）,d7120f40-6183-4696-af1e-a9c31243e0ae,1
220001_静岡県,伊東市市営住宅一覧,8724105c-1fa4-4a95-8ae1-4078bd0a9c6d,1
220001_静岡県,焼津市_0007_公衆無線LAN一覧,a416da6a-a235-436f-8551-1b126c773fe5,1
220001_静岡県,01_AED設置個所一覧（牧之原市）,f5349248-b2fb-4468-8b67-847de96d68eb,1
220001_静岡県,公衆無線LANアクセスポイント一覧,4facb790-3f82-497f-b856-a3daad2c2230,1
220001_静岡県,御前崎市介護サービス事業所一覧,fcfcfe87-2dde-4ee6-ad0f-a106fbe5636c,2
220001_静岡県,御前崎市文化財一覧,a58943c2-118e-425f-90d1-dffaa851a9b9,2
220001_静岡県,御前崎市観光施設一覧,5b14fef9-cab2-456b-9539-5e80044afb4e,1
220001_静岡県,御前崎市公衆トイレ一覧,dcd4b5b3-bbf3-4f29-88e7-380e628abb1d,3
220001_静岡県,13_子育て施設一覧（牧之原市）,172b3459-5333-43af-9a03-0135ca9b2df2,1
220001_静岡県,焼津市_0001_AED設置箇所一覧,2219eb6c-053f-4d9e-b5d9-674262421441,1
220001_静岡県,御前崎市子育て施設一覧,0b389dec-2fa5-4397-9d8e-a5cf89843964,1
220001_静岡県,伊東市地域子育て支援センター一覧,a8eb622d-2047-4141-b222-edf70c1136f5,1
220001_静岡県,熱海市_公衆無線LANアクセスポイント一覧,5f0c2e31-c630-40a3-9fd2-5bdcc5f78aab,1
220001_静岡県,防災関係情報,5b1c6e12-147b-4fcb-aa3b-37ed69ffc737,6
220001_静岡県,FUKUROI_Free_Wi-Fi,917038bb-b17f-4f25-a1fa-efb7cfaa4861,1
220001_静岡県,医療救護所,8ef8a953-91ec-4562-a9e7-61b4fd30f9a3,1
220001_静岡県,伊東市移動図書館一覧,c744fc5c-6b45-4dcc-9cf5-ca1555c7bd96,1
220001_静岡県,伊東市内区民会館一覧,87063397-cf95-4b13-8670-112f8e20ac89,1
220001_静岡県,焼津市_0002_介護サービス事業所一覧,2275961c-c185-4af9-b0db-52e1b274eb64,1
220001_静岡県,焼津市_O00002_公園一覧,d876a33d-d5d0-468f-b5e7-8de70ab5f3d1,1
220001_静岡県,焼津市_O00003_放課後等デイサービス一覧,8c1ed93a-3727-421c-a27a-5bdbc5468090,1
220001_静岡県,04_文化財一覧（牧之原市）,1f41a87c-8adf-43a2-9390-9f6db586a05e,1
220001_静岡県,伊豆の国市介護サービス事業所一覧,7e282df6-2d7b-4083-9acc-9d635714c3e3,2
220001_静岡県,02_介護サービス事業所一覧（牧之原市）,99814033-c049-49ea-b56a-2883cea1affe,1
220001_静岡県,伊東市指定避難所一覧,d7241feb-4069-4d29-aeda-780f85104990,1
220001_静岡県,伊東市福祉避難所一覧,3596a1ec-946f-4431-b84e-e6285f29edf8,1
220001_静岡県,富士宮市公衆トイレ一覧,dde8ba77-8dbe-481e-99a8-3ed813179cbf,1
220001_静岡県,富士宮市観光施設一覧,a51a6f77-ec02-42d7-80ed-a25a47276f29,1
220001_静岡県,焼津市公共施設情報（令和４年３月）,06e64f1d-0a74-4bf9-acc9-d43fe28c9008,1
220001_静岡県,焼津市_0012_公共施設一覧,05f44de9-02ea-478e-8b03-2d7fea3614d9,1
220001_静岡県,09_消防水利施設一覧（牧之原市）,355f7918-b3a0-49ff-88bf-ddf4da287bbc,1
220001_静岡県,【森町】公衆無線LANアクセスポイント一覧,b418c038-66a4-4597-9bb5-d07945a1c5a7,2
220001_静岡県,10_指定緊急避難場所一覧（牧之原市）,81fa145e-d75e-4e44-bce9-e636a30af838,1
220001_静岡県,伊東市内環境施設一覧,039263c6-7060-4864-93a2-aa2dda78beed,1
220001_静岡県,伊東市内歯科医院一覧,92e1ac4f-b3c3-4a95-9ee9-45c781785e0e,1
220001_静岡県,伊東市内スポーツ・文化施設一覧,4392635e-9ccb-4796-881d-486e9e3eb63c,1
220001_静岡県,伊東市内公民館・コミセン一覧,14c0b4c1-fd4e-4419-8942-08733461381f,1
220001_静岡県,伊東市内図書館一覧,7ba40c98-86e6-414f-990d-8d6fafe4d433,1
220001_静岡県,伊東市内防災倉庫一覧,c3589a69-83a8-4b52-88f2-fea8a29cb1d7,1
220001_静岡県,伊東市消防団詰所一覧,274ec1e4-6b4e-4035-ab08-35b0be35eea9,1
220001_静岡県,伊東市内児童館一覧,8752c1d2-eddc-4281-bfb3-5c00b2888867,1
220001_静岡県,伊東市内動物病院一覧,75943678-b7b9-4433-8062-8d50b244015f,1
220001_静岡県,伊東市営駐車場一覧,37837c36-ebc6-4986-8f82-7171515e360e,1
220001_静岡県,下田市指定文化財,84fbd03d-bf35-4cb7-9130-224cf7df451f,1
220001_静岡県,伊東市営斎場一覧,948de4d2-3edd-431d-a4b5-b9df241c9073,1
220001_静岡県,伊東市営墓地一覧,36d61cc8-3bc3-401e-aab2-ce3176cb0977,1
220001_静岡県,介護サービス事業所一覧,1b9b1813-c69a-4f30-80f1-36d487e55c92,1
220001_静岡県,医療機関一覧,152451f6-fd1f-4461-a22f-6ba5fbdfb243,1
220001_静岡県,観光施設一覧,e41ae0ea-1781-4d21-add5-799c89fd18ea,1
220001_静岡県,公衆トイレ一覧,9a2d12b0-a91f-41c4-9008-b715e28bf289,1
220001_静岡県,消防水利施設一覧,618eb7a9-47a1-4e61-9498-e7768551b71b,1
220001_静岡県,市役所・出張所・連絡所一覧,15f5a682-5173-4e3e-81b9-41ba90212a50,1
220001_静岡県,浜松市公共施設情報（土地）,f66dc4c3-3237-4480-a62a-bf922c3f3226,1
220001_静岡県,下田市介護サービス事業所一覧,89f0f7ed-b9b4-41ab-a1fe-df4cbd916b10,1
220001_静岡県,下田市子育て施設一覧,8871baad-daa8-4ad6-a818-70223f34b3e2,1
220001_静岡県,下田市医療機関一覧,2026922b-20e0-4cfe-8e0d-05a3422bf8db,1
220001_静岡県,静岡県営都市公園情報一覧,e853bda1-fbf3-44f4-bca5-a1319f44625c,1
220001_静岡県,下田市消防水利施設一覧,03b034d6-c594-4077-954b-e5f1e56d4c86,1
220001_静岡県,下田市指定緊急避難場所一覧,39b8b8b6-7c56-4266-a30a-8be182982a96,1
220001_静岡県,伊東市公共施設内AED設置箇所一覧,277d3bbe-25c5-44aa-a509-6faf79909846,1
220001_静岡県,伊東市公共施設内公衆無線LANアクセスポイント一覧,95686ce7-659a-4e15-a7ac-5718a567ad45,1
220001_静岡県,文化財一覧,44fa7984-6f31-44b7-b2f7-e76bb3810fe7,1
220001_静岡県,御殿場市内消防水利施設一覧,b2fe502c-dbb5-4074-86eb-77daa21ae294,1
220001_静岡県,御殿場市公衆トイレ一覧,d4d85977-1ae9-431a-acb2-3001ed389ccf,1
220001_静岡県,御殿場市指定文化財一覧,9b66467e-81de-4b90-ad1d-54eb5342ed48,1
220001_静岡県,御殿場市公共Wi-Fi設置状況（令和4年度）,0f913661-64d6-4ca4-ac3a-f9ab1bdc2c58,1
220001_静岡県,下田市AED設置箇所一覧,3bc9ec21-52d5-42ff-a3b7-dd25ecc839ca,1
220001_静岡県,下田市観光施設一覧,28e15a72-694f-4b54-b201-ab8fbb580fab,1
220001_静岡県,下田市公衆トイレ一覧,27245545-9ed0-4b84-817c-738d2b2f9d88,1
220001_静岡県,下田市公共施設一覧,fbf7ea3d-55c7-42d6-ac8f-dcf4c650afdf,1
220001_静岡県,御殿場市市営住宅,8690e88f-f698-41bc-9a6c-6d6acf1db3d4,1
220001_静岡県,農産物直売所,e99ac20e-88bd-4788-9547-093a7fce0a99,1
220001_静岡県,指定緊急避難場所一覧,204d269b-035d-4775-87db-5fe8d0028049,1
220001_静岡県,介護サービス事業所一覧,c80fd71d-996e-4aee-9452-ac9573964ad8,2
220001_静岡県,御殿場市指定緊急避難場所一覧,5e68b907-81d3-4ffa-987b-1469eb8a2166,1
220001_静岡県,御殿場市医療機関一覧,33f8f460-91b3-499d-90ed-6570ac74a4f4,1
220001_静岡県,03_医療機関一覧（牧之原市）,2b1bf2dd-02c9-469d-8168-133ed4c3a411,1
220001_静岡県,焼津市_O00008_工場併設直売所一覧,fe4cae0e-9306-4de4-9d79-133a220574c1,1
220001_静岡県,焼津市_O00009_地図取込用公共施設データ一覧,bb553bf9-09a4-4ccf-a9c9-1db2a2ac5d72,1
220001_静岡県,焼津市_O00010_避難所一覧,f04746a7-e6d1-496b-8910-fae87f0fd4e2,1
220001_静岡県,焼津市_O00011_防火水槽一覧,2b8e4904-c68b-4a05-97d6-cd58a7cb706d,1
220001_静岡県,焼津市_O00012_防災倉庫一覧,6dd48e25-a063-4f52-9df8-5e76a80d5809,1
220001_静岡県,焼津市_O00014_指定津波避難ビル一覧,20f375c6-a7ed-4a5b-8a73-5591cad8d17b,1
220001_静岡県,焼津市_O00015_救護病院一覧,a0f36a9a-a714-4bd3-bff4-0e780f54b4ea,1
220001_静岡県,焼津市_O00016_救護所一覧,395cd2ed-ae7e-4ca4-8829-8284f1613378,1
220001_静岡県,焼津市_O00017_防災用ヘリポート一覧,ccf22a9e-3d28-40bd-9751-cdfc52ce3a11,1
220001_静岡県,焼津市_O00018_同報無線子局一覧,65098793-3f5d-4a9b-9c2f-84aeb3ffbba7,1
220001_静岡県,焼津市_O00019_飲料水用貯水槽一覧,ca8843db-bff5-49c9-9acd-e14a354aebb6,1
220001_静岡県,国・県指定文化財データ一覧,ab161e21-9fc3-4b62-8d57-aadb7942adbd,2
220001_静岡県,焼津市_0005_観光施設一覧,2b86b611-17eb-47b5-83b0-d814f5064acb,1
220001_静岡県,介護サービス事業所一覧,051f7318-6666-4a6d-abde-8b98864d3095,1
220001_静岡県,伊東市公衆トイレ一覧,3058a5a2-6d60-449d-a0f7-57fd369c920f,1
220001_静岡県,伊東市内公衆浴場一覧,341b2c49-7028-4ba7-89b8-fd0fbf7a037e,1
220001_静岡県,AED設置箇所一覧,6c130b64-3648-465f-819d-f1f075ebba5e,1
220001_静岡県,医療機関一覧,9888c169-273a-4965-9996-05384ad1c1be,1
220001_静岡県,公衆無線LANアクセスポイント一覧,cedfb5e6-6c27-49c7-a943-ae8b679f5729,1
220001_静岡県,観光施設一覧,db427267-bb4a-4476-b2e0-f3c7c9d73edf,1
220001_静岡県,文化財一覧,36eaf8f0-0a23-409a-97b7-ae9de7e516c5,1
220001_静岡県,指定緊急避難場所一覧,615580dc-64ad-4903-9e81-30946a5e590e,1
220001_静岡県,介護サービス事業所一覧,4fe4628c-7fa0-4f18-8182-8e2154ba6875,1
220001_静岡県,公衆トイレ一覧,f61b038e-3a43-4f31-8c2b-04b6842f2491,1
220001_静岡県,07_公衆無線アクセスポイント一覧(牧之原市）,50090820-191e-4353-8e7f-c902b4f58737,1
220001_静岡県,掛川市文化財一覧,8d72018d-3a59-41d7-9d1a-4235acaca874,1
220001_静岡県,掛川市消防水利施設一覧,49dfd370-3af2-4ffd-9550-9ae70085b36d,2
220001_静岡県,掛川市観光施設一覧,686fd3d7-a700-46dd-a9bb-b58cb4967973,1
220001_静岡県,介護サービス事業所一覧,e01ee924-1864-4ee3-a081-0cd4a3ac3c95,1
220001_静岡県,観光施設一覧,5d683317-c5f0-481c-b07e-65053674f946,1
220001_静岡県,AED設置箇所一覧,5e3017d5-eaa2-4355-a6a8-b51926b43dbb,1
220001_静岡県,介護サービス事業所一覧,7c4d8c47-d49e-4a7a-a139-f7628e820199,1
220001_静岡県,文化財一覧,084bc7fb-5ebe-4fc8-b360-358683f02396,1
220001_静岡県,消防水利施設一覧,8c82b7c5-7637-4a9b-af0d-3dcd06b9cfa7,1
220001_静岡県,指定緊急避難場所一覧,2bf64682-181d-45f6-b693-b871ad44c253,1
220001_静岡県,公共施設一覧,76e0c194-b600-4704-86bd-f98eead97f0c,1
220001_静岡県,子育て施設一覧,c4bfb863-a855-434f-adbc-a4be2ecc0a78,1
220001_静岡県,掛川市避難所一覧,d1774776-b68d-4ccd-b8eb-a81f96c9cb67,1
220001_静岡県,介護保険サービス事業所一覧,77e722e3-88e3-404d-b0ce-9ba707c964f3,7
220001_静岡県,掛川市公衆トイレ一覧,e066e483-cade-4e13-8766-c7aedf429d6a,1
220001_静岡県,掛川市子育て施設一覧,39b568fb-4f3f-4b87-a396-cd30e6bfee1e,1
220001_静岡県,静岡県公共施設情報（建物）（202403）,d21c8b70-2551-4e79-9b94-1e69dffa9fe1,1
220001_静岡県,静岡県公共施設情報（土地）（202403）,bf91d0b4-8866-424e-94f4-18260e04da5e,1
220001_静岡県,御殿場市子育て施設一覧,698f80e5-9a28-4b6b-baa5-ae371d109e13,1
220001_静岡県,05_観光施設一覧（牧之原市）,3204d267-150b-45ff-bf44-5e42a2592fe2,1
220001_静岡県,08_公衆トイレ一覧（牧之原市）,90c5b10c-d3eb-4573-b443-217edd2584d5,1
220001_静岡県,文化財一覧,42460d4e-79ab-421a-8aaa-ed3888dc76ca,1
220001_静岡県,菊川市文化財一覧,e87c0226-4731-4baf-8f57-3ef02fc7f730,1
220001_静岡県,菊川市消防水利施設一覧,faf97701-b25a-4772-a28d-8383184269ca,1
220001_静岡県,菊川市消火栓位置情報,fdc21a73-7463-4b01-8e2b-803f4f6b141a,1
220001_静岡県,菊川市投票所,1de3fd87-f84b-49ac-a7b8-9ecc0204ebb6,1
220001_静岡県,菊川市幼稚園保育園,fd2bc6d3-d609-4b26-94ee-88ad199308f2,1
220001_静岡県,菊川市AED設置場所一覧,722f6a93-dc9d-43e0-861d-f636f6094427,1
220001_静岡県,菊川市農村公園,ed0d0e5d-62cb-4e1c-905e-43cc4a752d47,1
220001_静岡県,菊川市都市公園,8512e7a9-1b6d-4a9b-8604-14b42fc77c78,1
220001_静岡県,菊川市避難所一覧,2bcd9ed9-64fb-4a68-b894-8d33b978aa62,1
220001_静岡県,菊川市　観光情報,197a7388-cc6d-4629-b658-3bb8db43fc25,2
220001_静岡県,菊川市公共施設情報(建物),d43e741e-c033-4325-9b2b-8a7d077f50c9,2
220001_静岡県,伊豆の国市観光施設,ee91f036-ae90-4a3c-9c1d-4e2ca0613d38,1
220001_静岡県,伊豆の国市入浴施設・足湯,46c6e389-71c1-4360-86c7-52f6e2ea45cd,1
220001_静岡県,伊豆の国市観光トイレ一覧,b9363938-2ed8-4883-acc0-b827920b23de,1
220001_静岡県,伊豆の国市富士山撮影スポット,4425c440-ea2e-4a4a-8a99-ad15db7d47c4,2
220001_静岡県,伊豆の国市桜の名所,466e5328-485f-4766-88e2-1d60b179bf70,2
220001_静岡県,伊豆の国市公衆無線LAN(WiFi)スポット,009f81ec-4622-490a-b819-62ea819cbc4e,2
220001_静岡県,伊豆の国市避難地・避難場所,9e424ca7-0544-441a-a100-61a2488e0834,2
220001_静岡県,伊豆の国市AED設置場所,7ebf7630-4f22-4d46-bab4-3c4f938c9a26,2
220001_静岡県,牧之原市公共施設情報（建物）,2c6585ad-9213-40d2-93b3-cdaef3d8d289,1
220001_静岡県,東伊豆町設置Wifiスポット一覧,7c9ef6bd-4508-4b7f-9dc7-eb006d8b7bf7,1
220001_静岡県,東伊豆町公共施設情報（建物）,ce5ce55c-00f8-4e73-b253-0e6d2ff1c96c,1
220001_静岡県,河津町の公衆トイレ情報,a38fc5b5-4e8e-4582-b4c9-945bc3ec5c18,1
220001_静岡県,公共施設一覧,860a9694-fffd-429c-8fcf-551147f0f004,1
220001_静岡県,松崎町の公衆トイレ情報,53384102-1520-4ee6-bcdf-881decaab325,1
220001_静岡県,清水町公共施設情報（建物）,d8510738-afe9-48f1-b3b5-1879b6cd8cbc,1
220001_静岡県,避難所,3de5c73d-6504-4abb-b493-5a8bc9c6556c,1
220001_静岡県,長泉町公共施設情報（土地）,50987ac0-f954-4612-a3bc-0d825c2a0eba,1
220001_静岡県,長泉町公共施設情報（建物）,5325d5a3-6e21-423d-9d6a-7feb67edf2aa,1
220001_静岡県,公共施設情報,3714af59-6f04-4db8-ba95-beac50e8ba5d,1
220001_静岡県,吉田町公共施設情報（建物）,74f6bc6b-ce41-4264-881d-123892f6ada7,1
220001_静岡県,川根本町公共施設情報,e69ec207-e9d2-4c78-bec9-9e3543c6e685,1
220001_静岡県,公衆無線LAN設置場所情報,b9ccf38a-161d-4098-987a-3984da8c13a5,1
220001_静岡県,川根本町観光情報,c51ba707-2194-4bae-8140-6324dce57c7e,1
220001_静岡県,Fujisan Free Wi-Fiプロジェクトのスポット,0541d825-27dc-402f-ab4f-3ae426958712,1
220001_静岡県,水産物直売所,c6281aa1-0d64-45b3-b9ea-e9c492ca5daf,1
220001_静岡県,市役所・町役場,0ddbc95f-2a73-42ff-973d-6df6c83021af,1
220001_静岡県,沼津市津波避難ビル一覧,6f90e689-5fc5-4bdf-a3ab-52e22b4bbe26,1
220001_静岡県,沼津市津波緊急避難施設一覧,6187691f-73bd-4cd5-92c4-00afcb4c97b7,1
220001_静岡県,駿東伊豆消防　消防本部・消防署・出張所,ab1aa253-03f4-4f24-8eab-499ba68df506,1
220001_静岡県,沼津市公衆無線LAN（Wi-Fiスポット）設置個所,be0628de-fb88-47f0-813c-0471bb954367,1
220001_静岡県,沼津市駐輪場一覧,0cbfba0b-809a-4ae2-9a01-7bf97ef1dbf6,1
220001_静岡県,沼津市公共施設情報,4b28c292-5557-45d5-90f2-f7651cf5e640,1
220001_静岡県,駿東伊豆消防　消防本部・消防署・出張所,8cdfc6fb-bc66-4fbb-99f7-5729ffc85170,1
220001_静岡県,指定避難所,ea0b252e-101d-426e-99aa-839695fe2459,1
220001_静岡県,沼津市公共施設情報（建物）,3e642d02-9240-479c-aed8-d72f4f77976b,1
220001_静岡県,熱海市指定避難所,8ab5ec0b-40f4-4e0d-8c48-d912a216d548,1
220001_静岡県,三島市_市内医療機関,3d5729ab-ff05-4bf8-bc31-c3b9d1406543,1
220001_静岡県,三島市_市内薬局,821faf8a-78be-4662-b15a-2a818557fd98,1
220001_静岡県,三島市_みしまタニタ健康クラブ活動量拠点,a5872c6d-2888-4921-a6ef-b8f27ac7b7fd,1
220001_静岡県,「みしまコロッケ」認定店一覧,82a156fa-61c6-479b-bfc3-03249ebe8777,1
220001_静岡県,三島市公共施設情報（土地）,a149d8cc-5b7a-4a84-8bf5-e762bc1f8755,1
220001_静岡県,三島市公共施設情報（建物）,e6336af9-319e-4a61-87f3-e88ee5b9c666,1
220001_静岡県,三島市内の桜の名所,6d5380fe-c7d7-480f-875a-ba549a247b5a,1
220001_静岡県,三島市消火栓・防火水槽,1eabca1e-ca90-40c3-90cb-1175e5a79a8e,1
220001_静岡県,三島市眺望地点 Best View Point,6798290a-c53f-4d28-b4c3-9e2254278f00,1
220001_静岡県,三島市　公衆トイレ設置場所,cd2afcd4-646e-4c76-abd0-ee0975cb7ce7,1
220001_静岡県,三島市　公共施設Wi-Fi設置場所,4f8d98ac-cfff-4633-81aa-056c5932e8ab,1
220001_静岡県,三島市　選挙投票所,53735055-2c77-481c-86e9-8b97d9bf68a2,1
220001_静岡県,三島市　避難所情報,0667ad3f-7cdd-4640-aaaa-2ad72f6db227,1
220001_静岡県,三島市　地域花壇マップ情報,b2831859-b5b8-4217-958e-06173d1d89b1,1
220001_静岡県,三島市　市内施設情報,631e6d94-d83d-42eb-b0cc-d216cc2b13a5,1
220001_静岡県,三島市　公園情報,689588be-7d25-49b0-ab80-8b7027889bc1,1
220001_静岡県,三島市　AED設置場所,74467063-d9be-4ed4-8989-7c6402b24ce7,1
220001_静岡県,富士宮市公共施設情報（建物）,07c8e06d-578e-4bf1-8f34-e20d7a100750,1
220001_静岡県,伊東市広域避難場所（指定緊急避難場所）,f92db4cb-89c6-430f-9877-d1f93c6931ff,1
220001_静岡県,伊東市観光トイレ一覧,51851335-884f-478b-89f1-a145d1cfadb5,1
220001_静岡県,島田市公共施設情報（建物）,e3c7e0a6-4501-4738-b580-82ea1fb015ed,1
220001_静岡県,島田市投票所,a30e8e32-5428-4cc3-8d1e-c8749dbc3ba0,1
220001_静岡県,島田市内農産物直売所,debcbb05-90fb-49ff-a714-04a783cf40b8,1
220001_静岡県,島田市公衆無線ＬＡＮ,c3d14bec-fe34-4d3e-9856-fec31ab7ccf5,1
220001_静岡県,島田市避難所,5461202b-9d6d-45da-b846-09610da9e6bb,1
220001_静岡県,島田市観光情報,2e75741d-bf84-4204-9796-1b14a55c7ef6,1
220001_静岡県,島田市AED情報,f830746e-088b-42ef-911f-2f4967b5b2c8,1
220001_静岡県,島田市避難所,6596fb2d-31b4-494d-8b77-a2ce25744978,1
220001_静岡県,島田市公共施設情報（建物）,586ec510-77e7-4842-ac76-5314a2ba48eb,1
220001_静岡県,防災へリポート,1fbae394-f86a-44e0-bf70-288044dabc9a,1
220001_静岡県,医療品等備蓄センター・赤十字血液センター（2020）,afb8a8c3-88dc-4ec7-aa9d-aaccf969c3c2,1
220001_静岡県,指定緊急避難場所・指定避難所・広域避難地一覧,0a01dd3e-262f-4ba3-b240-fb279a6dd637,1
220001_静岡県,富士市公共施設情報,dd4bd14d-4b39-4eec-8df8-137dba193e1e,1
220001_静岡県,介護サービス提供事業者（地域密着型サービス）,dc1dc036-d6aa-4275-870b-cefe62ab07cc,1
220001_静岡県,介護サービス提供事業者（居宅サービス）,126679a5-1110-459e-a830-777d1cc751da,1
220001_静岡県,介護サービス提供事業者（入所サービス）,9fac0b81-33c2-43f1-853f-eeabb76c137f,1
220001_静岡県,防災倉庫設置場所,cbeb5c84-7492-4163-8fe9-eb8c8dde2648,1
220001_静岡県,防災用マンホールトイレ設置場所,cabc5fe3-171d-46e3-a1b6-5e5f3aee11c3,1
220001_静岡県,土砂災害避難場所,dd108048-f775-49d2-91e9-878d3825e956,1
220001_静岡県,災害拠点病院（2018）,1efc7416-18fb-4219-8a06-ccc32007cd6a,1
220001_静岡県,津波避難施設一覧,13fb83fb-f43e-4be9-8e47-e636d8df5e9a,1
220001_静岡県,市営住宅一覧,23024e84-3acb-4f23-b86f-78866f59b227,1
220001_静岡県,一般廃棄物焼却施設（2020）,90449866-d52f-428f-9c9d-2cf681b162e2,1
220001_静岡県,交流センター,bd3dc2d1-5b3b-4911-95f1-92118d39ec06,1
220001_静岡県,磐田市公共施設情報,e0990568-23f1-4006-874c-5c359b1d8cad,1
220001_静岡県,磐田市 防火水槽位置,7dfa03f5-29ba-4ca0-935d-106f9e5f98e0,1
220001_静岡県,磐田市 消火栓位置,bfa8cae5-9e6a-4ae6-93a3-4f0af809fc2f,1
220001_静岡県,磐田市都市公園一覧,3181f32b-4ded-4b8f-8fd7-89b198d235b0,1
220001_静岡県,避難所一覧,57b1c3aa-366a-4003-93a6-593d304ba53a,1
220001_静岡県,投票所,cf17d95f-2a77-4fe3-83dc-3a95bf65597f,1
220001_静岡県,焼津市 放課後児童クラブ一覧,47aaa609-e5a1-4c58-964f-5564867fcc92,1
220001_静岡県,焼津市 放課後等デイサービス一覧,a8a97275-6cd2-435c-8755-10ab0de1c08d,1
220001_静岡県,焼津市公衆無線LANスポット（H30.1.1 現在）,74d30bd0-9eb7-46a1-bc5d-2715192f9592,1
220001_静岡県,焼津市 保育所・幼稚園一覧,ab572e14-0b3a-44c4-926d-2c2c2282ac55,1
220001_静岡県,焼津市投票所一覧,28a54368-9bfb-43ac-be12-c7c6c12e5647,1
220001_静岡県,焼津市 文化財等一覧,f0607002-439e-4edf-aebc-c7c325f0077d,1
220001_静岡県,焼津市AED設置場所一覧,e5f81371-ca06-4f6e-af7b-0dd1e853494f,1
220001_静岡県,焼津市公共施設情報（平成２７年３月時点）,d36995fb-1620-446d-91fc-a42bfdee272f,1
220001_静岡県,焼津市学校施設（小・中学校）所在地等,75f6a7cc-6584-41d9-94e2-2cef2b5be7d2,1
220001_静岡県,焼津市 津波避難タワー等一覧,c8bd0376-4572-4955-b214-754bdd9960cf,1
220001_静岡県,焼津市 避難所一覧,ded4e362-139f-49ac-bbe1-74706f8111ca,1
220001_静岡県,掛川市　AED設置箇所,2e0b175a-44f8-49ba-be96-1c1f17bb0a8c,1
220001_静岡県,幼稚園一覧,ca3a51fd-d4de-4399-8a4b-8179d353b6b2,1
220001_静岡県,地域型保育事業所一覧,6751e3c1-88ed-467c-9700-5e15afaf0026,1
220001_静岡県,認定こども園一覧,e77b4028-638f-4d4b-9d6c-4e321015e501,1
220001_静岡県,保育園一覧,391a09ed-0787-46ba-a5b7-e77a3e8916fe,1
220001_静岡県,藤枝市公共施設情報（建物）,18c7f011-cc08-4284-9a9d-21798fbf4603,1
220001_静岡県,御殿場市公共施設情報,3337688f-2505-4cd0-9286-a26e1e511b4a,1
220001_静岡県,袋井市臨時防災ヘリポート,fae45d05-ad05-4a46-bdc8-d4222d1f28c9,1
220001_静岡県,防災倉庫,5e33ca21-d914-4f7e-801f-f3b9bebb6a9d,1
220001_静岡県,図書館,10df393e-8de4-430f-b66f-cb193f6d8f75,1
220001_静岡県,文化施設,05c626eb-f081-451c-9e71-37d6094836a9,1
220001_静岡県,公民館,1fb9a138-5bc9-4258-97be-c0e097bbde48,1
220001_静岡県,高校・専門学校・大学,f4851898-d519-4912-b8f1-def7ae85f92e,1
220001_静岡県,子育て支援センター,9aca6ab9-f4ff-41ca-baf5-aea5adca9603,1
220001_静岡県,幼稚園・保育所,85d80ac0-7bfc-4b78-826d-5d7d02c5433b,1
220001_静岡県,市営住宅,7237d3b1-d510-4100-adc0-7736ca5ec294,1
220001_静岡県,市営墓地,6cd7e2fe-e836-4d28-9861-0145f439b376,1
220001_静岡県,農産物直売所,f527a0e9-b295-4bf4-acc0-77cab261a9fd,1
220001_静岡県,消防署,0d5ab5b7-14d9-4e9a-aaf0-04ab5f5bcba7,1
220001_静岡県,市の施設一覧,20100ed4-96b3-4de8-bdae-7e6c8d58a66d,1
220001_静岡県,袋井市の公共施設Wi-Fi設置場所,6ad33241-346d-4e98-a731-051e8e9daf2a,1
220001_静岡県,指定避難所・避難地（2016年６月更新）,d59f35b8-b3de-4c81-ad27-acb489d1619b,1
220001_静岡県,中学校一覧,cf39913c-2deb-46d4-a332-2b9c5e836ed3,1
220001_静岡県,小学校一覧,4ad82fea-27f3-44e3-95bb-3f53d22f858d,1
220001_静岡県,市指定避難所・避難地,34d87daf-2a6d-48a6-812e-78aaed6891ae,1
220001_静岡県,投票所,0661132a-ec8f-4c97-9511-a79af1184ccc,1
220001_静岡県,AED設置公共施設,7153dd60-3b28-43bd-bd96-c633759345a8,1
220001_静岡県,下田市公共施設情報（建物）,657881e0-621b-4428-bf9b-641e6d76be99,1
220001_静岡県,下田市公共施設情報（建物）,506bcd32-871a-481b-a306-e01b1dbe2d52,1
220001_静岡県,裾野市公共施設情報,4f4ab2fd-4a66-41ac-9a2d-507a51659420,1
220001_静岡県,裾野市　公共施設一覧,fbe17104-17af-4491-bfef-b9f43e2fc510,2
220001_静岡県,裾野市　観光マップ,4990b4bf-1504-4ba0-a0b7-3c046f00358b,1
220001_静岡県,裾野市　広域避難地・市指定避難所,16f53922-0e73-47ad-a44a-2ad86ab56653,1
220001_静岡県,裾野市　小・中学校、高等学校、保育園、幼稚園,552dd5ee-4742-4fed-87aa-947cc6a6939e,1
220001_静岡県,裾野市　都市公園,86f34cda-ba79-4d5a-9212-26be58417da7,1
220001_静岡県,裾野市　008_AED設置施設,91b663ea-b0d7-41a3-980c-1092e6e6f13e,2
220001_静岡県,裾野市　防火水槽位置,0c73cbe6-d009-4d73-8a35-3159f9c095d5,1
220001_静岡県,裾野市　消火栓位置,c331e732-550e-4260-b443-5c9fca200094,1
220001_静岡県,教育機関の施設データ（保育園、幼稚園、小学校、中学校）,2cb7369c-896e-4b65-ba22-c891ecaa5935,4
220001_静岡県,公共施設一覧,7775b9f8-bbb4-460b-bca0-1820259743d7,1
220001_静岡県,湖西市　避難所位置データ,e08b059b-8d92-4343-8cb1-d59645007628,2
220001_静岡県,公衆無線アクセスポイント一覧（湖西市）,46994962-7412-4c64-ba29-53721de98d02,1
220001_静岡県,伊豆市避難所,de4116df-bd50-4b5d-9ae9-3b881b35b3ac,1
220001_静岡県,御前崎市さくら見所一覧,a741a142-3a56-4991-8e62-54578295426e,1
220001_静岡県,新野左馬助親矩公の観光場所一覧,82c812fe-9a85-4bf3-9066-48851b5942b1,1
220001_静岡県,御前崎市公共施設情報（建物）,3b184964-f2d6-4952-845a-5a4228d94354,1
220001_静岡県,御前崎市公共施設一覧,7c682512-23b4-4c09-83b0-207d54ef4bf4,3
220001_静岡県,御前崎市防火水槽一覧,b9bac93a-816d-4fc6-84c8-53fc9538730e,1
220001_静岡県,御前崎市消火栓一覧,e4c4bd70-9031-40a1-97ed-6a8a59631047,1
220001_静岡県,御前崎市市営住宅一覧,4f9827c2-0397-4b97-83d2-8bc84fc45199,1
220001_静岡県,御前崎市公園一覧,f5eb605e-dd4c-4159-aab7-10b6ed4b6ed7,2
220001_静岡県,御前崎市公衆無線LAN設置箇所一覧,1a165120-9a5c-4c2f-8e3c-8fd9f45dc4df,3
220001_静岡県,御前崎市AED一覧,e2ca6f0d-5e64-4cdd-b51f-ace447a9192d,4
220001_静岡県,御前崎市内の投票所一覧,4f0b95dc-48af-46d6-823c-365f3e861d6f,3
220001_静岡県,御前崎市内の避難所一覧,b271a79a-eeb1-465f-aeb8-0e7f0def15fc,5
220001_静岡県,菊川市集会所・公会堂一覧,1ee58828-7b7b-42cd-af21-acc7cdda1365,1
220001_静岡県,菊川市公園一覧,ba623a86-8791-4185-b44a-46e8217253ba,1
220001_静岡県,菊川市介護サービス事業所一覧,d967143e-657c-410c-938f-0d52d6b1d638,1
220001_静岡県,菊川市歯科医院一覧,cd758655-1e6f-4670-93e2-984a46fa0f29,1
220001_静岡県,菊川市医療機関一覧,379ac942-b704-4b41-831e-24e49346b7d7,1
220001_静岡県,菊川市ため池一覧,1ead5b2c-e541-4115-9d33-119ba9958650,1
220001_静岡県,菊川市公衆無線LANアクセスポイント一覧,5e31855f-cbcc-41ae-8915-4cab4c004d7e,1
240001_三重県,アレルギー疾患医療を提供する医療機関一覧（一次医療機関）,240001_allergy_ichizi,1
240001_三重県,アレルギー疾患医療を提供する医療機関一覧（二次医療機関）,240001_allergy_nizi,1
240001_三重県,介護保険指定事業者・施設一覧,240001_kaigohoken_shiteijigyosha,1
240001_三重県,肝疾患に関する専門医療機関一覧,240001_kanshikkan_senmon_hospital,1
240001_三重県,特定医療費（指定難病）助成の医療機関に関するデータ,240001_tokutei_iryohi_shiteinambyo_josei_hospital,1
240001_三重県,有料老人ホーム一覧,240001_yuryoroujin,1
240001_三重県,【三重県津市】子どものお出かけ先,242012_odekakesaki,1
240001_三重県,【三重県四日市市】投票所,242021_00027,1
240001_三重県,健康づくり応援の店登録店一覧,242021_00049,1
240001_三重県,公園一覧表,242021_00081,1
240001_三重県,公衆トイレ一覧,242021_00123,1
240001_三重県,公衆無線LANアクセスポイント一覧,242021_00125,1
240001_三重県,子育て施設一覧,242021_00126,1
240001_三重県,AED設置箇所一覧,242021_00127,1
240001_三重県,消防水利施設一覧,242021_00128,1
240001_三重県,介護サービス事業所一覧,242021_00130,1
240001_三重県,【三重県四日市市】公共施設一覧,242021_00144,1
240001_三重県,【三重県四日市市】子どものお出かけ先,242021_00147,1
240001_三重県,【三重県松阪市】AED設置場所,242047_aed,1
240001_三重県,【三重県松阪市】公民館・地区コミュニティセンター,242047_community_center,1
240001_三重県,【三重県松阪市】見学可能な文化施設,242047_cultural_facilities,1
240001_三重県,【三重県松阪市】指定緊急避難場所・指定避難所,242047_evacuation,2
240001_三重県,【三重県松阪市】子どものお出かけ先,242047_facilities_for_children,1
240001_三重県,【三重県松阪市】中学校,242047_junior_high_school,1
240001_三重県,【三重県松阪市】保育園・幼稚園,242047_nursery_school,1
240001_三重県,【三重県松阪市】子育て支援センター,242047_preschool,1
240001_三重県,【三重県松阪市】小学校,242047_primary_school,1
240001_三重県,【三重県松阪市】観光施設,242047_tourism,1
240001_三重県,災害時の指定緊急避難場所・指定避難所,242055_20200306-163817,2
240001_三重県,小学校・中学校・幼稚園一覧,242055_438,1
240001_三重県,子どものお出かけ先,242055_kids,1
240001_三重県,子育て施設一覧,242055_preschool,1
240001_三重県,公衆無線ＬＡＮアクセスポイント一覧,242055_wifi,1
240001_三重県,三重県亀山市_ＡＥＤ設置箇所一覧,242101_01_aed,1
240001_三重県,三重県亀山市_医療機関一覧,242101_03_hospital,1
240001_三重県,三重県亀山市_文化財一覧,242101_04_cultural_property,1
240001_三重県,三重県亀山市_観光施設一覧,242101_05_tourism,1
240001_三重県,三重県亀山市_公衆トイレ一覧,242101_08_public_toilet,1
240001_三重県,三重県亀山市_消防水利施設一覧,242101_09_fire_hydrant,1
240001_三重県,三重県亀山市_子育て施設一覧,242101_13_preschool,1
240001_三重県,三重県亀山市_子どものお出かけ先,242101_shisetsu_kodomo,1
240001_三重県,熊野市AED設置箇所一覧,242128_aed,1
240001_三重県,熊野市介護サービス事業所一覧,242128_care_service,1
240001_三重県,【三重県熊野市】指定避難所一覧,242128_evacuation_shelter,1
240001_三重県,【三重県熊野市】熊野市指定緊急避難場所一覧,242128_evacuation_space,1
240001_三重県,熊野市消防水利施設一覧,242128_fire_hydrant,1
240001_三重県,熊野市医療機関一覧,242128_hospital,1
240001_三重県,【三重県熊野市】子どものお出かけ先一覧,242128_odekake,1
240001_三重県,熊野市子育て支援施設一覧,242128_preschool,1
240001_三重県,熊野市公共施設一覧,242128_public_facility,1
240001_三重県,熊野市公衆トイレ一覧,242128_public_toilet,1
240001_三重県,熊野市公衆無線LANアクセスポイント一覧,242128_public_wireless_lan,1
240001_三重県,熊野市観光施設一覧,242128_tourism,1
240001_三重県,【三重県伊賀市】介護サービス事業所一覧,242161_care_service,1
240001_三重県,【三重県伊賀市】文化財一覧,242161_cultural_property,1
240001_三重県,【三重県伊賀市】指定緊急避難場所一覧,242161_evacuation_space,1
240001_三重県,【三重県伊賀市】医療機関一覧,242161_hospital,1
240001_三重県,【三重県伊賀市】子育て施設一覧,242161_preschool,1
240001_三重県,【三重県伊賀市】公衆無線LANアクセスポイント一覧,242161_public_wireless_lan,1
240001_三重県,【三重県東員町】公共施設一覧,243248_,1
240001_三重県,【三重県東員町】AED設置箇所一覧,243248_aed,1
240001_三重県,【三重県東員町】介護サービス事業所一覧,243248_care_service,1
240001_三重県,【三重県東員町】消防水利施設一覧,243248_fire_hydrant,1
240001_三重県,【三重県東員町】医療機関一覧,243248_hospital,1
240001_三重県,【三重県東員町】子どものお出かけ先,243248_kids,1
240001_三重県,【三重県東員町】指定緊急避難場所・指定避難所一覧,243248_kinkyuuhinanbasyo,2
240001_三重県,【三重県東員町】子育て施設一覧,243248_preschool,1
240001_三重県,【三重県東員町】文化財一覧,243248_property,1
240001_三重県,【三重県東員町】公衆トイレ一覧,243248_public_toilet,1
240001_三重県,【三重県東員町】公衆無線LANアクセスポイント一覧,243248_public_wireless_lan,1
240001_三重県,【三重県東員町】観光施設一覧,243248_tourism,1
240001_三重県,【三重県明和町】子どものお出かけ先,244422_meiwa01,1
240001_三重県,【三重県明和町】指定緊急避難場所・指定避難所,244422_meiwa02,2
240001_三重県,【玉城町】指定避難所情報,244619_hinanjo,1
240001_三重県,【玉城町】子どものお出かけ先情報,244619_odekake,1
240001_三重県,【大紀町】子どものお出かけ先,244716_kodomo-odekake,1
240001_三重県,【三重県紀北町】指定緊急避難場所,245437_hinanbasyo,1
240001_三重県,【三重県紀北町】指定避難所,245437_hinanjo,1
240001_三重県,【三重県紀北町】子どものお出かけ先,245437_odekake,1
240001_三重県,【三重県御浜町】防災関連施設,245615_disaster_management_facilities,2
260002_京都府,【京都府】AED設置箇所一覧,260002_aed,2
260002_京都府,【京都府】指定緊急避難場所一覧,260002_evacuation_space,1
260002_京都府,【京都府】救急医療機関一覧,260002_hospital,1
260002_京都府,【京都府】観光施設一覧,260002_kankou_shisetsu,1
260002_京都府,【京都府】公営駐車場一覧_自治体標準オープンデータセット,260002_koueityuusyajou,1
260002_京都府,【京都府】公共施設一覧_自治体標準オープンデータセット,260002_koukyoushisetsu,1
260002_京都府,公衆無線LANアクセスポイント一覧,260002_public_wireless_lan,1
260002_京都府,【京都市】公衆無線LANアクセスポイント一覧,261009_,1
260002_京都府,【京都市】AED設置場所一覧,261009_aedsecchibasho,1
260002_京都府,【京都市】指定緊急避難場所一覧,261009_evacuation_space,1
260002_京都府,【京都市】公営駐車場一覧,261009_koueichuushajou,1
260002_京都府,【京都市】公共施設一覧,261009_koukyousisetuichiran,1
260002_京都府,【福知山市】AED設置場所,262013_aed,1
260002_京都府,【福知山市】防災行政無線設置箇所,262013_emergency_radio,1
260002_京都府,【福知山市】指定緊急避難所,262013_evacuation_space,1
260002_京都府,【福知山市】医療機関一覧,262013_iryoukikan_ichiran,1
260002_京都府,【福知山市】介護サービス事業所一覧,262013_kaigo,1
260002_京都府,【福知山市】公共施設一覧,262013_kokyoshisetu,1
260002_京都府,【福知山市】子育て施設一覧,262013_kosodateshisetu,1
260002_京都府,【福知山市】公衆トイレ一覧,262013_kousyutoire_ichiran,1
260002_京都府,【福知山市】公衆無線ＬＡＮアクセスポイント一覧,262013_musenlan,1
260002_京都府,【福知山市】消防水利施設一覧,262013_syoubousuiri,4
260002_京都府,【舞鶴市】AED設置箇所一覧,262021_aed,1
260002_京都府,【舞鶴市】病児保育実施施設一覧,262021_byojihoiku,1
260002_京都府,【舞鶴市】公営駐車場一覧,262021_car_park,1
260002_京都府,【舞鶴市】介護サービス事業所一覧,262021_care_service,1
260002_京都府,【舞鶴市】文化財一覧,262021_cultural_property,1
260002_京都府,【舞鶴市】防災行政無線設置一覧,262021_emergency_radio,1
260002_京都府,【舞鶴市】指定緊急避難場所一覧,262021_evacuation_space,1
260002_京都府,【舞鶴市】消防水利施設一覧,262021_fire_hydrant,1
260002_京都府,【舞鶴市】医療機関一覧,262021_hospital,1
260002_京都府,【舞鶴市】一時預かり（保育）実施施設一覧,262021_ichijiazukari,1
260002_京都府,【舞鶴市】幼児教育・保育の無償化対象施設一覧,262021_mushokataisho,1
260002_京都府,【舞鶴市】投票所一覧,262021_pollingstation,1
260002_京都府,【舞鶴市】子育て施設一覧,262021_preschool,1
260002_京都府,【舞鶴市】公共施設一覧,262021_public_facility,1
260002_京都府,【舞鶴市】観光施設一覧,262021_tourism,1
260002_京都府,【舞鶴市】公衆無線LANアクセスポイント一覧,262021_wirelesslan,1
260002_京都府,【綾部市】AED設置箇所一覧,262030_aed01,1
260002_京都府,【綾部市】指定緊急避難場所,262030_evacuation_space,1
260002_京都府,【綾部市】公共施設一覧,262030_kokyoshisetsu,1
260002_京都府,【綾部市】公営駐車場一覧,262030_kouei,1
260002_京都府,【綾部市】投票所一覧,262030_polling_place,1
260002_京都府,【綾部市】公衆無線LANアクセスポイント一覧,262030_public_wireless_lan,1
260002_京都府,【宇治市】介護施設,262048_care_service_,1
260002_京都府,【宇治市】文化財,262048_cultural_property,1
260002_京都府,【宇治市】指定緊急避難所,262048_evacuation_space,1
260002_京都府,【宇治市】中学校,262048_junior_high_school,1
260002_京都府,【宇治市】幼稚園,262048_kindergarten_,1
260002_京都府,【宇治市】集会所,262048_meeting_place_,1
260002_京都府,【宇治市】公園,262048_park,2
260002_京都府,【宇治市】公衆トイレ,262048_public_toilet,1
260002_京都府,【宇治市】公衆無線,262048_public_wireless_lan,1
260002_京都府,【宇治市】AED設置場所,262048_r5_aed,1
260002_京都府,【宇治市】公共施設,262048_r5_publicfactory,1
260002_京都府,【宇治市】小学校,262048_uji_elementary_school,1
260002_京都府,【宮津市】AED設置場所,262056_aed2,1
260002_京都府,【宮津市】公共施設一覧,262056miyazushisetsu,1
260002_京都府,【宮津市】公営駐車場,262056miyazutyuusyajyou,1
260002_京都府,【亀岡市】指定緊急避難場所一覧,262064_evacuation_space,1
260002_京都府,【亀岡市】AED設置箇所一覧,262064_kameoka_aedsettikasho,1
260002_京都府,【亀岡市】公共施設一覧,262064_kameoka_koukyousisetu,1
260002_京都府,【亀岡市】亀岡市公衆無線LANアクセスポイント一覧,262064_public_wireless_lan202601,1
260002_京都府,【城陽市】AED設置場所,262072_aedsetttikasyo,1
260002_京都府,【城陽市】指定緊急避難場所一覧,262072_evacuation_space,1
260002_京都府,【城陽市】公営駐車場一覧,262072_koueityuusyajyou,1
260002_京都府,【城陽市】公共施設一覧,262072_koukyoushisetsu,1
260002_京都府,【城陽市】公衆無線Wi-Fi設置箇所,262072_public_wireless_lan,1
260002_京都府,【向日市】AED設置箇所,262081_aed,1
260002_京都府,【向日市】指定緊急避難場所一覧,262081_evacuation_space,1
260002_京都府,【向日市】公共施設一覧,262081_facility,1
260002_京都府,【向日市】公営駐車場一覧,262081_park,1
260002_京都府,【向日市】投票所一覧,262081_polling_place,1
260002_京都府,【向日市】公衆無線LANアクセスポイント一覧,262081_public_wireless_lan,1
260002_京都府,【長岡京市】AED一覧_自治体標準データセット,262099_aed1,1
260002_京都府,【長岡京市】公営駐車場一覧_自治体標準オープンデータセット,262099_chushajyo1,1
260002_京都府,【長岡京市】指定緊急避難場所一覧,262099_evacuation_space,2
260002_京都府,【長岡京市】公共施設一覧_自治体標準オープンデータセット,262099_kokyo1,1
260002_京都府,【京都府八幡市】AED設置箇所_自治体標準オープンデータセット,262102_aedsettikasyo,1
260002_京都府,【京都府八幡市】指定緊急避難場所一覧_自治体標準オープンデータセット,262102_evacuation_space,1
260002_京都府,【京都府八幡市】公営駐車場_自治体標準オープンデータセット,262102_koueityusyajou,1
260002_京都府,【京都府八幡市】公共施設一覧_自治体標準オープンデータセット,262102_koukyoushisetsu,1
260002_京都府,【京都府八幡市】投票所一覧,262102_polling_place,1
260002_京都府,【京都府八幡市】公衆無線Wi-Fi設置箇所,262102_public_wireless_lan,1
260002_京都府,【京田辺市】AED設置場所,262111_aed,1
260002_京都府,【京田辺市】公共施設一覧,262111_kyotanabe,1
260002_京都府,【京田辺市】指定緊急避難場所一覧,262111_siteikinkyuuhinannbasyo,1
260002_京都府,【京田辺市】投票所一覧,262111_touhyousyo,1
260002_京都府,【京丹後市】AED設置場所,262129_aed,1
260002_京都府,【京丹後市】公共施設一覧,262129_publicfacility,1
260002_京都府,【南丹市】AED設置場所,262137_aed,1
260002_京都府,【木津川市】AED設置箇所_自治体標準オープンデータセット,262145_aed,1
260002_京都府,【木津川市】公営駐車場一覧_自治体標準オープンデータセット,262145_koueichusyazyo,1
260002_京都府,【木津川市】投票所一覧,262145_polling_place,1
260002_京都府,【木津川市】公衆無線LANアクセスポイント,262145_publiclan,1
260002_京都府,【大山崎町】AED設置場所,263036_aed,1
260002_京都府,【久御山町】AED設置場所,263222_aed,1
260002_京都府,【井手町】AED設置場所,263435_aed,1
260002_京都府,【宇治田原町】AED設置箇所一覧,263443_aed2,1
260002_京都府,【宇治田原町】公共施設一覧,263443_publicfacilities,1
260002_京都府,【笠置町】AED設置場所,263648_aed,1
260002_京都府,【和束町】AED設置場所,263656_aed,1
260002_京都府,【精華町】AED設置箇所一覧_自治体標準オープンデータセット,263664_aed,1
260002_京都府,【精華町】公共施設一覧_自治体標準オープンデータセット,263664_koukyoshisetsu,1
260002_京都府,【精華町】公共施設,263664_shisetsu,1
260002_京都府,【南山城村】AED設置場所,263672_aed,1
260002_京都府,【南山城村】公衆無線LAN（wifi),263672_lan,1
260002_京都府,【京丹波町】AED設置場所,264075_list_of_aed01,1
260002_京都府,【京丹波町】公共施設一覧,264075_list_of_public_facilities01,1
260002_京都府,【伊根町】AED設置場所,264636_aed,1
260002_京都府,【与謝野町】AED設置場所,264652_aed,1
270008_大阪府,公衆トイレ一覧,270008_barrier_free_toilet,1
270008_大阪府,介護サービス事業所一覧,270008_care_service,1
270008_大阪府,府内の市町村立中学校住所一覧,270008_chu_gakkou,1
270008_大阪府,大阪府内の保育施設一覧,270008_hoikusisetsu,1
270008_大阪府,公共施設一覧,270008_kokyoshisetsu,3
270008_大阪府,子育て施設一覧,270008_preschool,1
270008_大阪府,公衆無線LANアクセスポイント一覧,270008_public_wireless_lan,1
270008_大阪府,文化財一覧,270008_shiteibunkazai,1
270008_大阪府,府内の市町村立小学校住所一覧,270008_shou_gakkou,1
270008_大阪府,地域子育て支援拠点一覧,270008_tiikikosodateshienkyoten,1
270008_大阪府,観光施設一覧,270008_tourism,1
270008_大阪府,堺市 AED一覧,271403_sakai_aed,1
270008_大阪府,堺市 防火水槽一覧,271403_sakai_boukasuisou,1
270008_大阪府,堺市 文化財一覧,271403_sakai_bunkazai,1
270008_大阪府,堺市 病児保育,271403_sakai_byojihoiku,1
270008_大阪府,堺市 救急病院一覧,271403_sakai_firstaid_hospital,1
270008_大阪府,堺市 事業所内保育事業,271403_sakai_jigyosyonaihoikujigyo-kosei,1
270008_大阪府,堺市 中学校一覧,271403_sakai_junior_high_school,1
270008_大阪府,堺市 家庭的保育事業,271403_sakai_kateitekihoiku,1
270008_大阪府,堺市 休日保育（民間）,271403_sakai_kyujituhoikuminkan,1
270008_大阪府,堺市 急病診療・休日歯科診療,271403_sakai_kyuubyou,1
270008_大阪府,堺市 民間保育所（園）,271403_sakai_minkanhoikusyo-kosei2,1
270008_大阪府,堺市公園事務所一覧,271403_sakai_park_office,1
270008_大阪府,堺市 公園トイレ一覧,271403_sakai_park_toilet,1
270008_大阪府,堺市 小学校一覧,271403_sakai_primary_school,1
270008_大阪府,堺市 私立幼稚園一覧,271403_sakai_private_preschool,1
270008_大阪府,堺市 市役所・区役所一覧,271403_sakai_public_facility,1
270008_大阪府,堺市 公民館一覧,271403_sakai_public_hall,1
270008_大阪府,堺市 スポーツ施設一覧,271403_sakai_public_sportsgym,1
270008_大阪府,堺市 公衆トイレ一覧,271403_sakai_public_toilet,1
270008_大阪府,堺市 公衆無線LANアクセスポイント一覧,271403_sakai_public_wireless_lan,1
270008_大阪府,堺市指定避難所一覧,271403_sakai_shiteihinansho,1
270008_大阪府,堺市 小規模保育事業,271403_sakai_shokibohoiku,1
270008_大阪府,堺市 支援学校一覧,271403_sakai_siengakkou,1
270008_大阪府,堺市 観光施設一覧,271403_sakai_tourism,1
270008_大阪府,堺市 私立幼稚園における長時間預かり保育,271403_sakai_tyojikanazukari,1
270008_大阪府,堺市津波率先避難等協力事業所一覧,271403_tsunamihinankyouryoku,1
270008_大阪府,観光施設一覧,272027_sightseeing_facilities,1
270008_大阪府,防災情報（地図情報とよなか）,272035_bosai,2
270008_大阪府,介護サービス事業所一覧（豊中市）,272035_care_service,2
270008_大阪府,文化財一覧（豊中市）,272035_cultural_property,2
270008_大阪府,指定避難場所一覧（豊中市）,272035_evacuation_space,2
270008_大阪府,消防水利施設一覧（豊中市）,272035_fire_hydrant,2
270008_大阪府,医療機関一覧（豊中市）,272035_hospital,2
270008_大阪府,自転車保管所・駐輪場（地図情報とよなか）,272035_jitensya-tyurin,2
270008_大阪府,市営住宅（地図情報とよなか）,272035_jutaku,2
270008_大阪府,子育て施設一覧（豊中市）,272035_preschool,2
270008_大阪府,公共施設一覧（豊中市）,272035_public_facility,2
270008_大阪府,公衆トイレ一覧（豊中市）,272035_public_toilet,2
270008_大阪府,公衆無線LANアクセスポイント一覧（豊中市）,272035_public_wireless_lan,2
270008_大阪府,観光施設一覧（豊中市）,272035_tourism,2
270008_大阪府,朝市・直売所,272078_asaichityokubaijyo,1
270008_大阪府,文化交流施設,272078_bunkakoryu,1
270008_大阪府,文化財,272078_bunkazai,1
270008_大阪府,文化財施設,272078_bunkazaisisetsu,1
270008_大阪府,学童保育室,272078_gakudohoikusitu,1
270008_大阪府,避難場所・施設,272078_hinanjyo,1
270008_大阪府,公民館,272078_kominkan,1
270008_大阪府,子育て相談窓口,272078_kosodatesodan,1
270008_大阪府,図書館,272078_library,1
270008_大阪府,認可外保育施設,272078_ninkagaihoikusisetu,1
270008_大阪府,認可保育施設,272078_ninkahoikusyo,1
270008_大阪府,公園,272078_park,1
270008_大阪府,市立小・中学校,272078_syotyugakko,1
270008_大阪府,市立駐輪場,272078_tyurinjyo,1
270008_大阪府,市営駐車場,272078_tyusyajo,1
270008_大阪府,子どもの予防接種（委託医療機関）,272078_yobosessyuitaku,1
270008_大阪府,市立幼稚園,272078_yochien,1
270008_大阪府,AED設置箇所一覧,272086_aed,1
270008_大阪府,消防水利施設一覧,272086_firehydrant,1
270008_大阪府,指定緊急避難場所一覧,272086_hinan,1
270008_大阪府,介護サービス事業所一覧,272086_kaigo,1
270008_大阪府,観光施設一覧,272086_kanko,1
270008_大阪府,公園・緑地一覧,272086_park,1
270008_大阪府,子育て支援施設一覧,272086_preschool,1
270008_大阪府,公共施設一覧,272086_publicfacility,1
270008_大阪府,公衆トイレ一覧,272086_publictoilet,1
270008_大阪府,公衆無線LANアクセスポイント一覧,272086_publicwifi,1
270008_大阪府,特定健康診査個別健診実施医療機関一覧,272086_tokuteikenshin,1
270008_大阪府,津波避難ビル一覧,272086_tsunami,1
270008_大阪府,個別健（検）診実施医療機関一覧,272086_yobou,1
270008_大阪府,茨木市指定一般避難所・指定緊急避難場所一覧表（令和5年10月現在）,272116_p_35876_35876,1
270008_大阪府,茨木市公共施設AED設置一覧表（令和6年4月1日現在）,272116_p_36258_36258,1
270008_大阪府,茨木市 公・私立保育所等一覧表（令和8年4月現在）,272116_p_37017_37017,1
270008_大阪府,大阪府茨木市立公民館一覧表（令和8年3月現在）,272116_p_40431_40431,1
270008_大阪府,茨木市立小学校一覧表（令和8年3月現在）,272116_p_44538_44538,1
270008_大阪府,茨木市立中学校一覧表（令和8年3月現在）,272116_p_44539_44539,1
270008_大阪府,茨木市立図書館一覧表（令和8年3月現在）,272116_p_44656_44656,1
270008_大阪府,茨木市内消防署一覧表（平成31年4月現在）,272116_p_44657_44657,1
270008_大阪府,茨木市指定・登録文化財（令和7年9月30日現在）,272116_p_66931,1
270008_大阪府,茨木市観光施設一覧（令和7年5月現在）,272116_p_66938,1
270008_大阪府,茨木市公衆無線LANアクセスポイント一覧（令和7年10月現在）,272116_p_67829,1
270008_大阪府,泉佐野市観光施設一覧,272132_kankoshisetsu2025,1
270008_大阪府,AED設置箇所一覧,272141_aed,1
270008_大阪府,文化財一覧,272141_bunkazai,1
270008_大阪府,指定緊急避難場所,272141_hinan,1
270008_大阪府,介護サービス事業所一覧,272141_kaigo,1
270008_大阪府,観光施設一覧,272141_kankousisetu,1
270008_大阪府,子育て施設一覧,272141_kosodate,1
270008_大阪府,公共施設一覧,272141_koukyousisetu,1
270008_大阪府,公衆トイレ一覧,272141_koushuutoire,1
270008_大阪府,公衆無線LANアクセスポイント一覧,272141_lan,1
270008_大阪府,AED設置個所一覧,272159_aed,8
270008_大阪府,介護サービス事業所一覧,272159_care_service,3
270008_大阪府,子どもの予防接種（委任医療機関）,272159_child_vaccination_hospital,6
270008_大阪府,都市公園一覧,272159_city_park,1
270008_大阪府,文化財一覧,272159_cultural_property,1
270008_大阪府,指定緊急避難場所一覧,272159_evacuation_space,4
270008_大阪府,消防水利施設一覧,272159_fire_hydrant,3
270008_大阪府,市内高等学校一覧,272159_high_school,1
270008_大阪府,医療機関一覧,272159_hospital,5
270008_大阪府,子育て相談窓口,272159_kosodatesoudanmadoguchi,4
270008_大阪府,図書館一覧,272159_library,1
270008_大阪府,市営住宅一覧,272159_municipal_housing,4
270008_大阪府,寝屋川桜の名所,272159_neyagawasakuranomeisho,1
270008_大阪府,子育て施設一覧,272159_preschool,6
270008_大阪府,公共施設一覧,272159_public_facility,1
270008_大阪府,公衆トイレ一覧,272159_public_toilet,1
270008_大阪府,公衆無線LANアクセスポイント一覧,272159_public_wireless_lan,3
270008_大阪府,市営駐輪場,272159_shieityurinjyo,1
270008_大阪府,地域包括支援センター一覧,272159_tiikihokatsusiensenta,5
270008_大阪府,投票所一覧,272159_tohyojyo,4
270008_大阪府,観光施設一覧,272159_tourism,1
270008_大阪府,文化財一覧,272175_bunkazai,1
270008_大阪府,指定緊急避難場所一覧,272175_hinan,1
270008_大阪府,公共施設,272175_sisetu,1
270008_大阪府,公衆無線LANアクセスポイント一覧,272175_wifispot,1
270008_大阪府,ＡＥＤ（自動体外式除細動器）,272183_aed,1
270008_大阪府,防災行政無線設置一覧,272183_bousaigyouseimusenn,1
270008_大阪府,大東市の文化財,272183_bunkazai,1
270008_大阪府,大東市 公衆無線LANアクセスポイント一覧,272183_daito_public_wireless_lan,1
270008_大阪府,指定緊急避難場所一覧,272183_hinanbasyo,2
270008_大阪府,介護サービス施設（事業所）,272183_kaigoshisetu,1
270008_大阪府,消防水利施設一覧,272183_syoubousuiri,1
270008_大阪府,大東市観光施設データ,272183_tourism,1
270008_大阪府,AED設置箇所一覧,272205_aed,1
270008_大阪府,介護サービス事業所一覧,272205_care_service,1
270008_大阪府,文化財一覧,272205_cultural_property,1
270008_大阪府,指定緊急避難場所一覧,272205_evacuation_space,1
270008_大阪府,消防水利施設一覧,272205_fire_hydrant,3
270008_大阪府,医療機関一覧,272205_hospital,1
270008_大阪府,子育て施設一覧,272205_preschool,1
270008_大阪府,公共施設一覧,272205_public_facility,1
270008_大阪府,公衆トイレ一覧,272205_public_toilet,1
270008_大阪府,公衆無線LANアクセスポイント一覧,272205_public_wireless_lan,1
270008_大阪府,観光施設一覧,272205_tourism,1
270008_大阪府,AED設置箇所一覧,272230_aed,1
270008_大阪府,介護サービス事業所一覧,272230_care_service,1
270008_大阪府,文化財一覧,272230_cultural_property,1
270008_大阪府,指定緊急避難場所一覧,272230_evacuation_space,1
270008_大阪府,観光施設一覧,272230_kadoma_kankoshisetsu,2
270008_大阪府,就学前教育・保育施設等一覧,272230_preschool,1
270008_大阪府,公共施設一覧,272230_public_facility,1
270008_大阪府,公衆トイレ一覧,272230_public_toilet,1
270008_大阪府,公衆無線LANアクセスポイント一覧,272230_public_wireless_lan,1
270008_大阪府,摂津市市営駐輪場一覧,272248_bicycle_parking,1
270008_大阪府,摂津市市営駐車場一覧,272248_car_park,1
270008_大阪府,公衆無線LANアクセスポイント一覧,272248_public_wireless_lan,1
270008_大阪府,公共施設一覧,272272_1,1
270008_大阪府,医療機関一覧,272272_10,1
270008_大阪府,観光施設一覧,272272_11,1
270008_大阪府,公衆トイレ一覧,272272_13,1
270008_大阪府,消防水利施設一覧,272272_14,1
270008_大阪府,文化財一覧,272272_2,1
270008_大阪府,指定緊急避難場所一覧,272272_3,1
270008_大阪府,子育て施設一覧,272272_5,1
270008_大阪府,公衆無線LANアクセスポイント一覧,272272_7,1
270008_大阪府,AED設置箇所一覧,272272_8,1
270008_大阪府,介護サービス事業所一覧,272272_9,1
270008_大阪府,四條畷市_公共施設一覧,272299_2,1
270008_大阪府,四條畷市_文化財一覧,272299_3,1
270008_大阪府,四條畷市_市営住宅の状況,272299_34,1
270008_大阪府,四條畷市_指定緊急避難場所一覧,272299_4,1
270008_大阪府,四條畷市_子育て施設一覧,272299_6,1
270008_大阪府,四條畷市_AED設置箇所一覧,272299_7,1
270008_大阪府,四條畷市_介護サービス事業所一覧,272299_8,1
270008_大阪府,四條畷市_観光施設一覧,272299_9,1
270008_大阪府,文化財一覧,272311_cultural_property,1
270008_大阪府,観光施設一覧,272311_tourism,1
270008_大阪府,指定緊急避難場所一覧,272329_02,1
270008_大阪府,AED設置箇所一覧,272329_03,1
270008_大阪府,介護サービス事業所一覧,272329_04,1
270008_大阪府,医療機関一覧,272329_05,1
270008_大阪府,公衆無線LAN一覧,272329_07,1
270008_大阪府,公衆トイレ一覧,272329_08,1
270008_大阪府,消防水利施設一覧,272329_09,1
270008_大阪府,子育て施設一覧,272329_11,1
270008_大阪府,文化財一覧,272329_12,1
270008_大阪府,文化財一覧,273015_cultural_property,1
270008_大阪府,防災行政無線設置一覧,273015_emergency_radio,1
270008_大阪府,指定緊急避難場所一覧,273015_evacuation_space,1
270008_大阪府,公衆無線LANアクセスポイント一覧,273015_public_wireless_lan,1
270008_大阪府,観光施設一覧,273015_tourism,1
270008_大阪府,AED一覧,273619_aed,1
270008_大阪府,指定緊急避難場所一覧,273619_evacuation_space,1
270008_大阪府,公共施設一覧,273619_public_facility,1
270008_大阪府,公衆トイレ一覧,273619_public_toilet,1
270008_大阪府,公共無線LANアクセスポイント一覧,273619_public_wireless_lan,1
270008_大阪府,観光施設一覧,273619_tourism,1
300004_和歌山県,【和歌山県】私立学校一覧（R7.4.1現在）,300004_022100_privateschoollist_070401,1
300004_和歌山県,001_AED設置箇所一覧_和歌山市,302015_aed,1
300004_和歌山県,008_介護サービス事業所一覧_和歌山市,302015_care_service,1
300004_和歌山県,010_文化財一覧_和歌山市,302015_cultural_property,1
300004_和歌山県,003_指定緊急避難場所一覧_和歌山市,302015_evacuation_space,1
300004_和歌山県,013_消防水利施設一覧_和歌山市,302015_fire_hydrant,1
300004_和歌山県,009_医療機関一覧_和歌山市,302015_hospital,1
300004_和歌山県,038_児童発達支援・放課後等デイサービス事業所一覧_和歌山市,302015_outpatient_support_for_children_with_disabilities,1
300004_和歌山県,006_子育て施設一覧_和歌山市,302015_preschool,1
300004_和歌山県,005_公共施設一覧_和歌山市,302015_public_facility,1
300004_和歌山県,014_公衆トイレ一覧_和歌山市,302015_public_toilet,1
300004_和歌山県,012_公衆無線LANアクセスポイント一覧_和歌山市,302015_public_wireless_lan,1
300004_和歌山県,002_観光施設一覧_和歌山市,302015_tourism,1
300004_和歌山県,指定緊急避難場所一覧（自治体標準オープンデータセット）_海南市,302023_evacuation_space_standard_ods,1
300004_和歌山県,消防署一覧_海南市,302023_fire_station,1
300004_和歌山県,保育施設（保育所・こども園）一覧_海南市,302023_nursery_school,1
300004_和歌山県,投票所一覧_海南市,302023_polling_station,1
300004_和歌山県,公共施設一覧（自治体標準オープンデータセット）_海南市,302023_public_facility,1
300004_和歌山県,公衆無線LANアクセスポイント一覧_海南市,302023_public_wireless_lan,1
300004_和歌山県,学校施設（幼稚園・小中高等学校）一覧_海南市,302023_school,1
300004_和歌山県,006_AED設置箇所一覧_御坊市,302058_aed,1
300004_和歌山県,007_介護サービス事業所一覧_御坊市,302058_care_service,1
300004_和歌山県,009_文化財一覧_御坊市,302058_cultural_property,1
300004_和歌山県,001_指定緊急避難場所一覧_御坊市,302058_evacuation_space,1
300004_和歌山県,008_医療機関一覧_御坊市,302058_hospital,1
300004_和歌山県,005_子育て施設一覧_御坊市,302058_preschool,1
300004_和歌山県,010_公共施設一覧_御坊市,302058_public_facility,1
300004_和歌山県,004_公衆無線LANアクセスポイント一覧_御坊市,302058_public_wireless_lan,1
300004_和歌山県,新宮市公共施設一覧表,302074_,1
300004_和歌山県,新宮市AED設置一覧表,302074_aed,1
300004_和歌山県,和歌山県紀の川市_ＡＥＤ設置箇所一覧,302082_aed,1
300004_和歌山県,和歌山県紀の川市_介護サービス事業所一覧,302082_care_service,1
300004_和歌山県,和歌山県紀の川市_指定緊急避難場所一覧,302082_evacuation_space,1
300004_和歌山県,和歌山県紀の川市_消防水利施設一覧,302082_fire_hydrant,1
300004_和歌山県,和歌山県紀の川市_子育て施設一覧,302082_preschool,1
300004_和歌山県,和歌山県紀の川市_公衆無線ＬＡＮアクセスポイント一覧,302082_public_wireless_lan,1
300004_和歌山県,和歌山県紀の川市_観光施設一覧,302082_tourism,1
300004_和歌山県,003_指定緊急避難場所一覧_岩出市,302091_evacuation_space,1
300004_和歌山県,001_公共施設一覧_岩出市,302091_public_facility,1
300004_和歌山県,AED設置個所一覧,303046_aed,1
300004_和歌山県,介護サービス事業所一覧,303046_care_service,1
300004_和歌山県,文化財一覧,303046_cultural_property,1
300004_和歌山県,指定緊急避難場所一覧,303046_evacuation_space,1
300004_和歌山県,消防水利施設一覧,303046_fire_hydrant,1
300004_和歌山県,医療機関一覧,303046_hospital,1
300004_和歌山県,子育て施設一覧,303046_preschool,1
300004_和歌山県,公共施設一覧,303046_public_facility,1
300004_和歌山県,公衆トイレ一覧,303046_public_toilet,1
300004_和歌山県,公衆無線LANアクセスポイント一覧,303046_public_wireless_lan,1
300004_和歌山県,観光施設一覧,303046_tourism,1
300004_和歌山県,投票所一覧,303046_votingstation,1
300004_和歌山県,002_指定緊急避難場所一覧_古座川町,304247_evacuation_space,1
300004_和歌山県,001_公共施設一覧_古座川町,304247_public_facility,1
320005_島根県,【島根県】しまねはじまりWi-Fi設置箇所一覧,23,2
320005_島根県,【島根県】島根県立高等学校所在地及び入学定員,28,4
320005_島根県,【島根県】保育所一覧,30,1
320005_島根県,【島根県】認定こども園一覧,31,1
320005_島根県,【島根県】市町村立公民館等一覧,35,2
320005_島根県,【島根県】特別支援学校一覧,36,2
320005_島根県,【島根県】有料老人ホーム一覧表,40,1
320005_島根県,【島根県】介護療養型医療施設一覧表,41,2
320005_島根県,【島根県】軽費老人ホーム（ケアハウス）一覧表,42,1
320005_島根県,【島根県】特別養護老人ホーム一覧表,43,3
320005_島根県,【島根県】養護老人ホーム一覧表,45,3
320005_島根県,【島根県】介護老人保健施設一覧表,46,3
320005_島根県,【島根県】病院一覧,49,2
320005_島根県,【島根県】一般診療所一覧,50,2
320005_島根県,【島根県】歯科診療所一覧,51,2
320005_島根県,【島根県】AED設置箇所一覧,52,1
320005_島根県,【島根県】介護医療院一覧表,53,2
320005_島根県,【島根県】公共施設一覧,63,1
320005_島根県,【海士町】ＡＥＤ設置箇所一覧,127,1
320005_島根県,【海士町】避難所一覧,128,1
320005_島根県,【雲南市】文化施設一覧,129,1
320005_島根県,【知夫村】AED設置箇所一覧,130,1
320005_島根県,【知夫村】指定緊急避難場所一覧,131,1
320005_島根県,【知夫村】公共施設一覧,132,1
320005_島根県,【雲南市】施設一覧（小学校）,133,1
320005_島根県,【江津市】AED設置箇所一覧,136,4
320005_島根県,【江津市】介護サービス事業所一覧,137,5
320005_島根県,【江津市】文化財一覧,138,4
320005_島根県,【江津市】指定緊急避難場所一覧,139,4
320005_島根県,【江津市】医療機関一覧,141,3
320005_島根県,【江津市】子育て施設一覧,144,5
320005_島根県,【江津市】公共施設一覧,145,3
320005_島根県,【江津市】公衆トイレ一覧,146,4
320005_島根県,【江津市】公衆無線LANアクセスポイント一覧,147,3
320005_島根県,【江津市】観光施設一覧,148,4
320005_島根県,【浜田市】AED設置箇所一覧,156,1
320005_島根県,【浜田市】公共施設一覧,158,1
320005_島根県,【飯南町】AED　設置箇所一覧,159,1
320005_島根県,【飯南町】指定避難所,160,1
320005_島根県,【出雲市】ＡＥＤ設置個所一覧,162,1
320005_島根県,【出雲市】指定緊急避難場所一覧,167,1
320005_島根県,【出雲市】公共施設一覧,168,1
320005_島根県,【雲南市】施設一覧（中学校）,169,1
320005_島根県,【川本町】AED設置箇所一覧,171,1
320005_島根県,【雲南市】施設一覧（子育て施設）,196,1
320005_島根県,【美郷町】公共施設一覧,197,1
320005_島根県,【雲南市】交流センター一覧,198,1
320005_島根県,【益田市】AED設置箇所一覧,199,1
320005_島根県,【益田市】指定緊急避難場所一覧,200,1
320005_島根県,【益田市】公共施設一覧,201,1
320005_島根県,【松江市】公共施設一覧,202,1
320005_島根県,【松江市】指定緊急避難場所一覧,203,1
320005_島根県,【雲南市】名所・伝統施設,204,1
320005_島根県,【美郷町】AED設置箇所一覧,205,1
320005_島根県,【西ノ島町】AED設置場所一覧,212,1
320005_島根県,【大田市】ＡＥＤ設置箇所一覧,252,1
320005_島根県,【大田市】避難所一覧,253,1
320005_島根県,【大田市】公共施設一覧,254,1
320005_島根県,【邑南町】AED 設置箇所一覧,255,1
320005_島根県,【邑南町】指定緊急避難場所一覧,256,1
320005_島根県,【隠岐の島町】AED設置箇所一覧,257,1
320005_島根県,【奥出雲町】AED設置箇所一覧,258,1
320005_島根県,【奥出雲町】指定緊急避難場所一覧,259,1
320005_島根県,【奥出雲町】公共施設一覧,260,1
320005_島根県,【雲南市】指定避難所,270,1
320005_島根県,【美郷町】指定緊急避難所一覧,271,1
320005_島根県,【津和野町】AED設置個所一覧,274,1
320005_島根県,【津和野町】指定緊急避難場所一覧,275,1
320005_島根県,【津和野町】公共施設一覧,276,1
320005_島根県,【雲南市】AED設置箇所一覧,277,1
320005_島根県,【安来市】学校一覧,301,1
320005_島根県,【安来市】市内保育園・幼稚園施設一覧,312,1
320005_島根県,【安来市】子育て応援グループ一覧,328,1
320005_島根県,【安来市】子育てサロン一覧,329,1
320005_島根県,【安来市】子育て支援施設一覧,330,1
320005_島根県,【安来市】公共施設一覧（分野別）,333,14
320005_島根県,【安来市】交流センター一覧,334,1
320005_島根県,【安来市】公共スポーツ施設一覧,366,1
320005_島根県,【安来市】選挙の投票所一覧,372,1
320005_島根県,【安来市】どじょっこWi-Fiアクセスポイント一覧,373,1
320005_島根県,【吉賀町】AED設置箇所一覧,374,1
320005_島根県,【吉賀町】指定緊急避難場所一覧,375,1
320005_島根県,【吉賀町】公共施設一覧,376,1
320005_島根県,【雲南市】施設一覧（幼稚園・認定こども園・保育所）,377,1
320005_島根県,【浜田市】公衆無線LAN設置場所,736,1
320005_島根県,【海士町】介護サービス事業所一覧,815,1
320005_島根県,【海士町】文化財一覧,818,1
320005_島根県,【海士町】医療機関一覧,820,1
320005_島根県,【海士町】・子育て施設一覧,822,1
320005_島根県,【海士町】公共施設一覧,823,1
320005_島根県,【海士町】・公衆無線LANアクセスポイント一覧,824,1
320005_島根県,【海士町】観光施設一覧,825,1
320005_島根県,【益田市】公衆無線ＬＡＮアクセスポイント一覧,874,1
320005_島根県,【益田市】文化財一覧,875,1
320005_島根県,【浜田市】医療機関一覧202404,939,1
320005_島根県,【浜田市】保育所（園）・認定こども園一覧表,1223,1
320005_島根県,【益田市】公営駐輪場一覧,1228,1
320005_島根県,【益田市】公営駐車場一覧,1229,1
320005_島根県,【益田市】投票所一覧,1230,1
320005_島根県,子育て施設一覧,1273,1
330001_岡山県,津山市_中学校位置情報,172,3
330001_岡山県,津山市_小学校位置情報,173,3
330001_岡山県,津山市_市立図書館位置情報,174,3
330001_岡山県,津山市_公民館等集会施設位置情報,179,3
330001_岡山県,津山市_都市公園等位置情報,180,3
330001_岡山県,津山市_文化財位置情報,181,3
330001_岡山県,津山市_文化センター等位置情報,183,3
330001_岡山県,津山市_駐車場位置情報,186,3
330001_岡山県,津山市_観光施設等位置情報,187,3
330001_岡山県,津山市_公共施設のAED設置位置情報,190,3
330001_岡山県,津山市_避難場所位置情報,198,3
330001_岡山県,津山市_斎場位置情報,200,3
330001_岡山県,津山市_消防署位置情報,201,3
330001_岡山県,津山市_認定こども園位置情報,203,3
330001_岡山県,津山市_スポーツ施設位置情報,204,3
330001_岡山県,津山市_児童養護施設位置情報,205,3
330001_岡山県,津山市_放課後児童クラブ位置情報,206,3
330001_岡山県,津山市_児童館位置情報,207,3
330001_岡山県,津山市_幼稚園位置情報,208,3
330001_岡山県,津山市_保育園保育所位置情報,209,3
330001_岡山県,津山市_選挙投票所位置情報,211,3
330001_岡山県,AED公共施設等位置情報_20190301_20190311,471,1
330001_岡山県,鏡野町_公民館位置情報_20180401時点_20180913,475,1
330001_岡山県,鏡野町_小学校位置情報_20170401時点_20171031,477,1
330001_岡山県,鏡野町_図書館位置情報_20170401時点_20171031,478,1
330001_岡山県,鏡野町_中学校位置情報_20170401時点_20171031,479,1
330001_岡山県,鏡野町_文化センター等位置情報_20170401時点_20171031,481,1
330001_岡山県,鏡野町_保育園・保育所位置情報_20170401時点_20171031,482,1
330001_岡山県,鏡野町_幼稚園位置情報_20170401時点_20171031,483,1
330001_岡山県,倉敷市_AED_設置施設,496,6
330001_岡山県,倉敷市_避難場所,497,7
330001_岡山県,笠岡市_子育て_サービス_施設,639,1
330001_岡山県,笠岡市_AED_設置施設,640,1
330001_岡山県,総社市_子育て_サービス_施設,641,1
330001_岡山県,総社市_投票所,642,1
330001_岡山県,総社市_AED_設置施設,643,7
330001_岡山県,浅口市_子育て_サービス_施設,644,1
330001_岡山県,浅口市_投票所,645,1
330001_岡山県,新見市_投票所,647,1
330001_岡山県,新見市_AED_設置施設,648,4
330001_岡山県,井原市_AED_設置施設,649,2
330001_岡山県,高梁市_AED_設置施設,650,4
330001_岡山県,矢掛町_AED_設置施設,652,2
330001_岡山県,倉敷市_子育て施設一覧,678,7
330001_岡山県,倉敷市_介護サービス施設一覧,679,6
330001_岡山県,倉敷市_文化財一覧,680,5
330001_岡山県,倉敷市_観光_観光施設一覧,681,5
330001_岡山県,倉敷市_公衆無線LANアクセスポイント一覧,683,2
330001_岡山県,浅口市_指定緊急避難場所・指定避難場所,721,2
330001_岡山県,鏡野町_避難場所位置情報_20190401時点_20190607,906,1
330001_岡山県,AED設置個所,955,1
330001_岡山県,公共施設,956,1
330001_岡山県,里庄町_指定緊急避難場所・指定避難場所,978,1
330001_岡山県,庁舎の位置,1018,1
330001_岡山県,AED設置位置,1019,1
330001_岡山県,図書館,1022,1
330001_岡山県,文化センター位置情報,1023,1
330001_岡山県,公民館位置情報,1024,1
330001_岡山県,保育園位置情報,1025,1
330001_岡山県,防犯・防災,1084,1
330001_岡山県,面積・公共施設,1085,1
330001_岡山県,総社市_介護サービス施設一覧,1402,7
330001_岡山県,総社市_文化財一覧,1403,4
330001_岡山県,総社市_指定緊急避難場所一覧,1405,5
330001_岡山県,総社市_医療機関一覧,1410,7
330001_岡山県,総社市_子育て施設一覧,1412,4
330001_岡山県,総社市_公共施設一覧,1414,5
330001_岡山県,総社市_公衆無線LANアクセスポイント一覧,1417,3
330001_岡山県,総社市_観光施設一覧,1418,5
330001_岡山県,里庄町_公共施設一覧,1434,2
330001_岡山県,里庄町_子育て施設一覧,1435,1
330001_岡山県,倉敷市_消防水利施設一覧,1445,7
330001_岡山県,倉敷市_公共施設一覧,1645,8
330001_岡山県,鏡野町_公衆無線LAN設置場所位置情報,1670,1
330001_岡山県,新見市_医療機関一覧,2053,3
330001_岡山県,新見市_子育て施設一覧,2054,5
330001_岡山県,新見市_公衆無線LANアクセスポイント一覧,2055,2
330001_岡山県,新見市_観光施設一覧,2056,5
330001_岡山県,新見市_指定緊急避難場所一覧,2057,3
330001_岡山県,岡山県_防災情報（雨量観測所）,2910,1
350001_山口県,【山口市】市役所、支所,00001,1
350001_山口県,【山口市】幼稚園・保育園・認定こども園,00003,1
350001_山口県,【山口市】図書館,00006,1
350001_山口県,【山口市】文化・芸術施設,00007,1
350001_山口県,【山口市】観光施設,00008,1
350001_山口県,【山口市】スポーツ施設,00009,1
350001_山口県,【山口市】その他公共施設,00010,1
350001_山口県,【山口市】避難所,00011,1
350001_山口県,【山口市】投票所,00012,1
350001_山口県,【山口市】AED設置箇所,00014,1
350001_山口県,【山口市】医療機関情報,00015,2
350001_山口県,【山口市】介護サービス事業所,00016,1
350001_山口県,【阿武町】AED設置箇所一覧,02-aed,1
350001_山口県,【阿武町】文化財一覧,02-bunkazai,1
350001_山口県,【阿武町】医療機関一覧,02-hospital,1
350001_山口県,【阿武町】観光施設・観光ポイント一覧,02-kanko,1
350001_山口県,【阿武町】公共施設一覧,02-shisetsu,1
350001_山口県,【阿武町】指定緊急避難場所一覧,02-shiteihinan,1
350001_山口県,【周南市】02_公立保育園一覧,02_hoikuen,1
350001_山口県,【周南市】03_公立幼稚園一覧,03_youchien,2
350001_山口県,【周南市】04_小学校一覧,04_shogakko,2
350001_山口県,【周南市】05_中学校一覧,05_chugakko,2
350001_山口県,【周南市】06_指定緊急避難場所一覧,06_kinkyuuhinan,2
350001_山口県,【周南市】08_AED設置箇所一覧,08_aed,2
350001_山口県,【田布施町】投票所一覧,11111,1
350001_山口県,【山口県】指定緊急避難場所一覧,350001-evacuation,2
350001_山口県,【山口県】子育て施設一覧,350001_preschool,2
350001_山口県,【山口県】公衆無線LANアクセスポイント一覧,350001_public_wireless_lan,2
350001_山口県,【山口県】公共施設一覧,35000_public_facili,2
350001_山口県,【下関市】AED設置箇所一覧,352012-aed,1
350001_山口県,【下関市】介護サービス事業所一覧,352012-careservice,1
350001_山口県,【下関市】文化財一覧,352012-cultual-p,1
350001_山口県,【下関市】公衆無線LANアクセスポイント一覧,352012-lan,1
350001_山口県,【下関市】投票所一覧,352012-polling,2
350001_山口県,【下関市】子育て施設一覧,352012-preschool,1
350001_山口県,【下関市】公共施設一覧（公立学校）,352012-public-1,1
350001_山口県,【下関市】公共施設一覧（公民館）,352012-public-2,1
350001_山口県,【下関市】指定緊急避難場所一覧,352012_evacuation,2
350001_山口県,【下関市】消防水利施設一覧,352012_fire_hydrant,2
350001_山口県,【宇部市】AED設置施設,352021_aed_facility,1
350001_山口県,【宇部市】緊急避難場所及び避難所,352021_emergency_shelter,1
350001_山口県,【宇部市】公共施設,352021_pub_facility,1
350001_山口県,【宇部市】多目的トイレ設置施設,352021_tamokuteki,1
350001_山口県,【宇部市】ときわ公園　園内設置物（南部）,352021_tokiwa_park_list,2
350001_山口県,【宇部市】公衆トイレ,352021_ubetoile,2
350001_山口県,【防府市】防災行政無線設置一覧,352063-administrative_radio,2
350001_山口県,【防府市】医療機関一覧,352063_hospital,2
350001_山口県,【下松市】介護サービス事業所一覧,352071_care_service,1
350001_山口県,【下松市】文化財一覧,352071_cultural_property,1
350001_山口県,【下松市】指定緊急避難場所・避難所一覧,352071_evacuation_space,1
350001_山口県,【下松市】消防水利施設一覧,352071_fire_hydrant,1
350001_山口県,【下松市】医療機関一覧,352071_hospital,1
350001_山口県,【下松市】投票所一覧,352071_polling_place,1
350001_山口県,【下松市】子育て施設一覧,352071_preschool,1
350001_山口県,【下松市】公共施設一覧,352071_public_facility,1
350001_山口県,【下松市】公衆トイレ一覧,352071_public_toilet,1
350001_山口県,【下松市】公衆無線LANアクセスポイント一覧,352071_public_wireless_lan,1
350001_山口県,【下松市】観光施設・観光ポイント一覧,352071_tourism,1
350001_山口県,【岩国市】岩国市内介護保険サービス事業所一覧,352080-care,2
350001_山口県,【岩国市】文化財一覧,352080-cultural,1
350001_山口県,【岩国市】指定緊急避難場所一覧,352080-evacuation,1
350001_山口県,【岩国市】医療機関一覧,352080-hospital,1
350001_山口県,【岩国市】子育て施設一覧,352080-preschool,1
350001_山口県,【岩国市】公共施設一覧,352080-public,1
350001_山口県,【岩国市】観光施設一覧,352080-tourism,1
350001_山口県,【岩国市】公衆無線ＬＡＮアクセスポイント一覧,352080-wirelesslan,1
350001_山口県,【岩国市】ＡＥＤ設置箇所一覧,352080_aed,1
350001_山口県,【光市】公共施設一覧,352101_gyouseikeiei001,1
350001_山口県,【光市】子育て施設一覧,352101_kodomoseisaku001,1
350001_山口県,【光市】投票所一覧,352101_senkyo001,1
350001_山口県,【長門市】投票所一覧,352110-polling,1
350001_山口県,【長門市】公営駐輪場一覧,352110_bicycle_parking,1
350001_山口県,【長門市】子育て施設一覧,352110_preschool,1
350001_山口県,【長門市】公共施設一覧,352110_public_facility,1
350001_山口県,【長門市】観光施設・観光ポイント一覧,352111-tourism,1
350001_山口県,【柳井市】介護サービス事業所一覧,352128-care-service,1
350001_山口県,【柳井市】文化財一覧(令和2年3月10日時点),352128-cultural-prace,1
350001_山口県,【柳井市】指定緊急避難場所一覧(令和7年4月18日時点),352128-evacuation-2,1
350001_山口県,【柳井市】消防水利施設一覧(令和4年3月4日時点),352128-firehydrant,2
350001_山口県,【柳井市】子育て施設一覧(令和2年2月29日時点),352128-preschool-2,1
350001_山口県,【柳井市】公共施設一覧(令和2年1月29日時点),352128-public-fac,1
350001_山口県,【柳井市】公衆トイレ一覧(令和4年3月4日時点),352128-public-toi,1
350001_山口県,【柳井市】観光施設一覧(令和2年3月11日時点),352128-tourism,1
350001_山口県,【柳井市】公衆無線LANアクセスポイント一覧(令和元年10月31日時点),352128-wirelesslan,1
350001_山口県,【柳井市】公営駐輪場一覧（令和6年3月15日時点）,352128_bicycle_parking,1
350001_山口県,【美祢市】AED設置箇所一覧,352136_aed,1
350001_山口県,【美祢市】消防水利施設一覧,352136_fire_hydrant,1
350001_山口県,【美祢市】医療機関一覧,352136_hospital,1
350001_山口県,【美祢市】子育て施設一覧,352136_preschool,1
350001_山口県,【美祢市】公共施設一覧,352136_public_facility,12
350001_山口県,【美祢市】公衆トイレ一覧,352136_public_toilet,1
350001_山口県,【美祢市】公衆無線LANアクセスポイント一覧,352136_public_wireless_lan,1
350001_山口県,【美祢市】小中学校通学区域,352136_school_district,2
350001_山口県,【美祢市】観光施設一覧,352136_tourism,1
350001_山口県,【周南市】公衆無線LANアクセスポイント一覧,352152_public_wireless_lan,1
350001_山口県,【周南市】観光施設一覧,35215tourism,1
350001_山口県,【山陽小野田市】AED設置箇所一覧,352161-aed,1
350001_山口県,【山陽小野田市】指定緊急避難場所一覧,352161-evacuation_space,1
350001_山口県,【山陽小野田市】介護サービス事業所一覧,352161_care_service,1
350001_山口県,【山陽小野田市】文化財一覧,352161_cultural_property,1
350001_山口県,【山陽小野田市】医療機関一覧,352161_hospital,1
350001_山口県,【山陽小野田市】子育て施設一覧,352161_preschool,1
350001_山口県,【山陽小野田市】公共施設一覧,352161_public_facility,1
350001_山口県,【山陽小野田市】公衆無線LANアクセスポイント一覧,352161_public_wireless_lan,1
350001_山口県,【山陽小野田市】観光施設一覧,352161_tourism,1
350001_山口県,【周防大島町】指定緊急避難場所一覧,353051-evacuation,1
350001_山口県,【周防大島町】文化財一覧,353051_cultural_property,1
350001_山口県,【周防大島町】観光施設一覧,353051_tourism,1
350001_山口県,【周防大島町】公衆無線LANアクセスポイント一覧,353051wireless-lan,1
350001_山口県,【和木町】公民館・集会所一覧,353213_community-center,2
350001_山口県,【和木町】指定緊急避難場所一覧,353213_evacuation,1
350001_山口県,【和木町】子育て施設一覧,353213_preschool,1
350001_山口県,【和木町】公共施設一覧,353213_pub_facility,2
350001_山口県,【和木町】観光施設一覧,353213_tourism,1
350001_山口県,【上関町】AED設置場所一覧,353418-aed,1
350001_山口県,【上関町】文化財一覧,353418-bunkazai,1
350001_山口県,【上関町】指定緊急避難所,353418-hinanzyo,1
350001_山口県,【上関町】医療機関一覧,353418-iryokikan,1
350001_山口県,【上関町】介護サービス事業所一覧,353418-kaigojigyousyo,1
350001_山口県,【上関町】観光施設一覧,353418-kankoushisetsu,1
350001_山口県,【上関町】子育て施設一覧,353418-kosodate,1
350001_山口県,【上関町】公共施設一覧,353418-koukyoushisethu,1
350001_山口県,【上関町】公衆無線LANアクセスポイント一覧,353418-lan,1
350001_山口県,【田布施町】子育て施設一覧,353434-preschool,1
350001_山口県,【田布施町】公共施設一覧（令和2年3月31日時点）,353434-public-faci,1
350001_山口県,【田布施町】小学校・中学校一覧（令和３年３月３１日時点）,353434-school,1
350001_山口県,【田布施町】観光施設・観光スポット一覧,353434-tourism,1
350001_山口県,【田布施町】介護サービス事業所一覧,353434_care_service,1
350001_山口県,【田布施町】文化財一覧,353434_cultural_property,1
350001_山口県,【田布施町】指定緊急避難場所一覧,353434_evacuation_space,1
350001_山口県,【田布施町】医療機関一覧,353434_hospitals,1
350001_山口県,【田布施町】公衆トイレ一覧,353434_public_toilet,1
350001_山口県,【平生町】AED設置施設,353442_aed,1
350001_山口県,【平生町】介護サービス事業所一覧,353442_care,1
350001_山口県,【平生町】文化財一覧,353442_cultural-property,1
350001_山口県,【平生町】図書館一覧,353442_library,1
350001_山口県,【平生町】子育て施設一覧,353442_parenting,1
350001_山口県,【平生町】公園一覧,353442_park,1
350001_山口県,【平生町】投票所一覧,353442_polling_place,1
350001_山口県,【平生町】公共施設一覧,353442_public-facility,1
350001_山口県,【平生町】小学校・中学校一覧,353442_school,1
350001_山口県,【平生町】スポーツ施設一覧,353442_sports,1
350001_山口県,【平生町】観光施設一覧,353442_tourism,1
350001_山口県,【山口県】公衆トイレ一覧,_public_toilet,2
350001_山口県,【山口県】ＡＥＤ設置施設一覧,aed_sechilist,2
350001_山口県,【周防大島町】ＡＥＤ設置済町内公共施設一覧,aedlist,1
350001_山口県,防災行政無線設置一覧,bousaigyouseimusen,1
350001_山口県,【山口県】介護サービス事業所一覧,care_service,4
350001_山口県,周防大島町公営駐車場一覧,carparks,1
350001_山口県,【山口県】文化財一覧,cultural_property,2
350001_山口県,【周南市】文化財一覧,eg-mydataset,1
350001_山口県,【周南市】公共施設一覧,eg-public_facility,1
350001_山口県,【山口市】放課後児童クラブ,hokago,1
350001_山口県,【山口県】医療機関一覧,hospital,2
350001_山口県,【周南市】子育て施設一覧_児童クラブ,jidou_,1
350001_山口県,【山口市】健康・医療・福祉その他施設,kenko,1
350001_山口県,山口県こども食堂オープンデータ,kodomoshokudoudata,1
350001_山口県,【山口市】子育て支援施設,kosodate,1
350001_山口県,【周防大島町】子育て施設一覧（公園含む）,kosodateshisetsu,1
350001_山口県,【山口市】公園,kouen,1
350001_山口県,【宇部市】公衆無線LANアクセスポイント（公共施設分）,lan,1
350001_山口県,【山口市】公衆無線LANアクセスポイント一覧,lan-_,1
350001_山口県,【平生町】公衆無線LANアクセスポイント一覧,lan353442_public_wireless_lan,1
350001_山口県,【長門市】公衆無線LANアクセスポイント一覧（公共施設分）,lankoukyou,1
350001_山口県,【周防大島町】町内医療機関一覧,medical_institution,1
350001_山口県,【長門市】文化財一覧,nagatobunkazai,1
350001_山口県,【長門市】指定緊急避難場所・指定避難場所一覧,nagatohinanjyo,1
350001_山口県,【長門市】介護サービス事業者一覧,nagatokaigo,1
350001_山口県,【周南市】公衆トイレ一覧,public_toilet,2
350001_山口県,【山口市】斎場・霊園,saijou,1
350001_山口県,【周防大島町】公共施設一覧,shisetsu,1
350001_山口県,【山口市】消防施設,shoubou,1
350001_山口県,【周南市】医療機関一覧,shunan_hospital,1
350001_山口県,【周防大島町】公衆トイレ一覧,suo-oshimatoilet,1
350001_山口県,【山口市】地域子育て支援拠点施設,tiikikosodate,1
350001_山口県,【山口県】観光施設一覧,tourism,2
360007_徳島県,児童館一覧(とくしま はぐくみネット),0b20b86c-176a-46eb-b400-70f506fd4e82,1
360007_徳島県,保育所一覧(とくしま はぐくみネット),8ebf2850-8f6c-4b67-8ffe-5516cbeb96c8,1
360007_徳島県,放課後児童クラブ(学童保育)一覧(とくしま はぐくみネット),59e349b6-e396-4582-af7c-67e05436eddc,1
360007_徳島県,徳島県認定こども園一覧,96b517fa-f1b8-4e7e-8ded-e9ef9f846654,1
360007_徳島県,認可外保育施設一覧(とくしま はぐくみネット),f47d59d4-6801-43dc-bc11-d12c5a8f4311,1
360007_徳島県,徳島県養護老人ホーム一覧,29357b7e-cb8a-4ff5-9c26-84b5c1f81b51,1
360007_徳島県,徳島県軽費老人ホーム一覧,1458e3af-9080-4293-9684-7fc301ab77b6,1
360007_徳島県,幼稚園一覧(とくしま はぐくみネット),bdbcd18f-09a5-48f1-9118-47420a4488ba,1
360007_徳島県,徳島県観光施設一覧,5a5bd3ef-5d5c-4852-ba0b-8c96745378d4,1
360007_徳島県,公園・公共施設一覧(とくしま はぐくみネット),e44c7ed9-db34-49c1-a740-e450686bda4e,1
360007_徳島県,地域子育て支援拠点一覧(とくしま はぐくみネット),ead6b64c-74a6-48af-9fb8-6aa7c0323b15,1
360007_徳島県,平成28年度公立学校関係データ（幼保連携型認定こども園）,6aab1578-f3d3-419a-838f-e907e630061d,1
360007_徳島県,特別支援学校　設置状況，在学幼児児童生徒数・学級数,47e5c637-3597-43f3-89cc-c2912c95eb3b,1
360007_徳島県,平成28年度公立学校関係データ（幼稚園）,42d1864e-9f63-41b4-a34b-689d5d55d7ac,1
360007_徳島県,平成28年度公立学校関係データ（小学校）,080e8e03-27fb-4bac-bc9f-1d7ce57397b4,1
360007_徳島県,平成28年度公立学校関係データ（中学校）,35ad479e-c659-4a66-937b-730463f90558,1
360007_徳島県,平成28年度公立学校関係データ（高等学校）,b7e9064b-0afd-4ad0-ae60-63f6f125dfe9,1
360007_徳島県,平成28年度公立学校関係データ（特別支援学校）,37bf6348-f643-4052-8fbb-fec9bf1a18db,1
360007_徳島県,阿南市選挙投票所一覧,a2a2f8ab-fff6-4386-8bd4-9974fff9c358,1
360007_徳島県,阿南市スポーツ施設一覧,3b308d8b-610d-4570-b302-9050f9ca346a,1
360007_徳島県,平成29年度公立学校関係データ（幼保連携型認定こども園）,47305db5-0982-42e7-a3f2-fefa7e271e0d,1
360007_徳島県,平成29年度公立学校関係データ（幼稚園）,5ca0e5b7-3a80-497a-add3-ba15cfceaf04,1
360007_徳島県,平成29年度公立学校関係データ（小学校）,13e5fcce-3f79-4ccc-beb1-900a42fa83d7,1
360007_徳島県,平成29年度公立学校関係データ（中学校）,a8d0d9ce-f229-461e-99ff-66f9a09215ea,1
360007_徳島県,平成29年度公立学校関係データ（高等学校）,1d30f294-caa6-4a9f-a6c8-01d3608aa8ff,1
360007_徳島県,平成29年度公立学校関係データ（特別支援学校）,4612dbe8-589f-4186-b76a-cf1d3b40e55c,1
360007_徳島県,平成30年度公立学校関係データ（中学校）,a85e922d-240c-4069-b6b9-80899f8e506c,1
360007_徳島県,平成30年度公立学校関係データ（小学校）,1e94b4ed-b72b-41dd-b29b-61dee9afb4d4,1
360007_徳島県,平成30年度公立学校関係データ（幼稚園）,768da00f-9b17-4576-a4bc-ec6638f36705,1
360007_徳島県,平成30年度公立学校関係データ（幼保連携型認定こども園）,aaeea9cc-7c59-421d-b7a7-90cd6575773a,1
360007_徳島県,平成30年度公立学校関係データ（高等学校）,5a58a061-fb2d-44a0-ae4d-95571e186b80,1
360007_徳島県,平成30年度公立学校関係データ（特別支援学校）,0d8afc61-83cb-4f19-b395-08eaf51aceda,1
360007_徳島県,美馬市指定避難所及び指定緊急避難所一覧,a97bccc9-ae23-4fc9-a893-14b0eaa81e3f,2
360007_徳島県,美馬市文化財一覧,59950980-fc67-49a2-9194-c8cf8e5905b0,5
360007_徳島県,上板町指定避難所・指定避難場所・補助避難所一覧,c317558e-09bb-44ea-8cab-4cdfa1ea497f,1
360007_徳島県,松茂町文化財一覧,b2911525-07f6-4dc2-96c7-eafa4c2c4aa4,1
360007_徳島県,利用可能なトイレ一覧,fb579201-3bb7-4f66-8992-d9b71c4e6d2f,1
360007_徳島県,上勝町指定緊急避難場所一覧,f8c4c928-f77d-43b5-a3bc-e0b1c49fbb1b,1
360007_徳島県,藍住町指定緊急避難場所一覧,45e6dd6f-2790-42b7-91d7-00345341504e,1
360007_徳島県,那賀町子育て施設一覧,b0c85e30-89bb-416e-ab6e-ff8176f1c37e,1
360007_徳島県,上板町子育て施設一覧,dc469572-5369-4de4-bdaf-dfa17f611157,1
360007_徳島県,上勝町子育て施設一覧,70d2b30e-c53d-4fb5-9827-e0ffb379f1ea,1
360007_徳島県,牟岐町子育て施設一覧,ba0e1266-df96-4e28-b5a5-3ba5248c7658,1
360007_徳島県,美馬市子育て施設一覧,b31dde8e-73bd-4c8b-a83e-d8c050ce6970,1
360007_徳島県,【鳴門市】子育て施設一覧,1c06226f-a6c4-4be1-a940-e21cf2e2fa47,1
360007_徳島県,三好市_子育て施設等一覧,f8c3e847-81cd-4aa5-91ab-d15f38a61cdf,1
360007_徳島県,小松島市子育て施設一覧,f082e0db-a6a4-45c6-9014-13c41a8f7299,1
360007_徳島県,阿南市子育て施設等一覧,0fae7238-106c-4eaf-90f4-687fa16038cf,1
360007_徳島県,石井町　子育て施設一覧,d7733a8f-7d07-4f57-b433-e652c41f224a,1
360007_徳島県,佐那河内村子育て施設一覧,80c1215a-44ec-40a0-8b38-483ee3490c37,1
360007_徳島県,令和3年度公立学校関係データ（幼保連携型認定こども園）,6b217e40-b9d6-46c7-987a-a434fec8ad7c,1
360007_徳島県,令和3年度公立学校関係データ（幼稚園）,089207ec-f99b-4e05-a482-b6c23df4c5a5,1
360007_徳島県,令和3年度公立学校関係データ（小学校）,c89d447e-ba10-4de0-b9ef-82d3bcd04c4b,1
360007_徳島県,令和3年度公立学校関係データ（中学校）,330b5d4d-5cd1-4440-98b2-bf656ef0df6c,1
360007_徳島県,令和3年度公立学校関係データ（高等学校）,3c30e64b-fd36-4ac5-b6ec-3db526d883c6,1
360007_徳島県,令和3年度公立学校関係データ（特別支援学校）,6179756e-0d72-414d-8c7e-e4eb623fcde8,1
360007_徳島県,藍住町子育て施設一覧,5ff793a7-8d26-4da9-9457-0aec19b7e67b,1
360007_徳島県,板野町子育て施設一覧,34474f78-b7e7-45db-805f-352171ddddb5,1
360007_徳島県,松茂町子育て施設一覧,4c523350-a087-4aa4-9c4b-7c7b70f2e1f0,1
360007_徳島県,つるぎ町子育て施設,7201d03e-98f6-4d78-99a8-cd7296bb258d,1
360007_徳島県,阿南市文化財一覧,80475c83-a5f7-409b-8117-4420078b037a,1
360007_徳島県,東みよし町子育て施設,ff754bdd-fdff-4ded-a297-2c208906bd22,1
360007_徳島県,海陽町子育て施設,95b2096e-834e-4b09-afb7-b1e2fdd4aa39,1
360007_徳島県,神山町子育て施設,e4a70377-926a-424f-877c-8fcee9bb8b67,1
360007_徳島県,北島町指定緊急避難場所一覧（令和４年４月１日時点）,e2af61cb-5693-4a20-92c7-be7a262b35a2,1
360007_徳島県,令和4年度公立学校関係データ（小学校）,9802dc59-28a2-4589-b525-3417d38a79ec,1
360007_徳島県,令和4年度公立学校関係データ（中学校）,9b469e56-8f29-47aa-8159-fb6644cfccd1,1
360007_徳島県,令和4年度公立学校関係データ（幼稚園）,fd0688f6-8748-40fe-9bf9-f42ec058d401,1
360007_徳島県,令和4年度公立学校関係データ（高等学校）,191fcdc0-0134-4ae1-a8bd-518c9b0355e0,1
360007_徳島県,令和4年度公立学校関係データ（幼保連携型認定こども園）,54151951-68f0-4a18-8868-99d366bbd819,1
360007_徳島県,令和4年度公立学校関係データ（特別支援学校）,7be1ae7c-17de-4b39-859d-da5c09774e26,1
360007_徳島県,令和4年度公立学校関係データ（中等教育学校）,38b079fe-e12a-4350-ba49-cbb014d5fbd3,1
360007_徳島県,北島町公共施設一覧（令和４年４月１日時点）,cfc3d818-417c-4292-b518-44550dd888a4,1
360007_徳島県,公共施設一覧（牟岐町）,e6a8978c-1547-4f54-944c-102b74f4c93c,1
360007_徳島県,【鳴門市】公衆トイレ一覧,f34ed2f6-d2cd-44be-9dec-bd02dd3f66ea,1
360007_徳島県,【鳴門市】観光施設一覧,a509ff72-aac2-43d4-9650-4a0c606636e2,1
360007_徳島県,【鳴門市】公共施設一覧,bab88ae3-dc7f-464b-ab1b-3fcf0d3081e5,1
360007_徳島県,上勝町公共施設一覧（役場庁舎）,ef96cecd-d091-4ae6-b09c-edfa8f1b81a5,1
360007_徳島県,吉野川市公共施設一覧（市役所庁舎）,d891cdde-2505-499e-850e-99a6861c93b7,1
360007_徳島県,石井町　公共施設一覧,639ecb9d-d473-4925-a067-e14f528e5ff7,1
360007_徳島県,海陽町公共施設一覧（役場庁舎）,dfeb277c-8ef3-4c8b-9b80-be2fa1aec578,2
360007_徳島県,つるぎ町公共施設一覧,0f1282a5-cef1-48db-bcd5-07eec66157a1,1
360007_徳島県,徳島県公共施設一覧（推奨データセット）,fb37c54a-ad6b-4f94-a6c2-b5408575c2a0,1
360007_徳島県,那賀町公共施設一覧,86dc0856-5f76-496e-bf6e-a502bb4a6233,1
360007_徳島県,吉野川市子育て支援施設,067bab0f-243a-4240-8375-073693ef3ebd,2
360007_徳島県,吉野川市公衆無線LANアクセスポイント一覧,b3d6207c-6c6c-47e1-92bf-ca7e28a3d34f,1
360007_徳島県,小松島市公共施設一覧,9ed0d817-4065-474f-91e5-0280cb1d06d8,1
360007_徳島県,上板町公共施設一覧,f4a0adad-df6b-437c-a823-7ad463d82597,1
360007_徳島県,阿波市公共施設一覧,c5073d2c-67bb-4806-adca-0ef84a5b4a1c,1
360007_徳島県,公共施設一覧（藍住町）,d161ec99-06d8-4843-9deb-13b063fc3a7f,1
360007_徳島県,阿南市公共施設一覧,d4bb2600-9c23-4fc5-a58f-a95cdf6ec40c,1
360007_徳島県,阿南市のAED設置箇所一覧,04a14c8b-e18c-4322-8c3b-35eba0d8f1dc,1
360007_徳島県,とくしま無料Wi-Fiの位置データ（令和５年５月１６日現在）,f2acf7d5-add6-4a68-8eee-da50e53aada5,1
360007_徳島県,徳島県公共施設一覧（自治体標準オープンデータセット）,584336cb-186f-402d-a118-310a71e54bd1,1
360007_徳島県,三好市　公衆無線LANアクセスポイント一覧,a6187654-e691-4188-a1dc-8fe5b19c56da,1
360007_徳島県,三好市　公共施設一覧,3b3bd82f-9dc9-43a0-a61b-d1653d412685,1
360007_徳島県,美波町　AED設置箇所一覧,d75122b8-8465-4d85-b1d5-b135a0cdbf05,1
360007_徳島県,美波町　公衆無線LANアクセスポイント一覧,a09dc4da-9bb3-4a00-945b-5230b2b6e709,1
360007_徳島県,美波町　公衆トイレ一覧,ce95cc3e-e61c-4f63-8451-a98de19ab23e,1
360007_徳島県,美波町　子育て施設一覧,4796b034-a690-439f-8821-a1304c770e5a,1
360007_徳島県,令和5年度公立学校関係データ（幼保連携型認定こども園）,09940a6a-047d-4dbe-b992-73f2339370a7,1
360007_徳島県,令和5年度公立学校関係データ（幼稚園）,56950c6a-5691-432d-aa00-3b3d51945c34,1
360007_徳島県,令和5年度公立学校関係データ（高等学校）,924df0bb-cb04-4d5d-ac11-c62ab5123d01,1
360007_徳島県,令和5年度公立学校関係データ（中等教育学校）,bbfb47c8-efa7-4514-8896-8cdbb2f0a4ee,1
360007_徳島県,令和5年度公立学校関係データ（特別支援学校）,7a764c33-1837-4a7a-8289-6ed10a016e80,1
360007_徳島県,令和5年度公立学校関係データ（中学校）,96fb62b6-dc87-44b2-bf63-7a26b1d4d4a8,1
360007_徳島県,指定緊急避難場所一覧（牟岐町）,42d7935b-80af-4ea1-a4f5-dab0733be781,1
360007_徳島県,令和5年度公立学校関係データ（小学校）,edac50d1-f2e1-491f-be0d-5c70c5edbad0,1
360007_徳島県,阿南市指定緊急避難場所一覧,d93b8011-5003-4486-b609-d4d20ca3f597,1
360007_徳島県,津波避難ビル・緊急避難場所一覧(R5.10.16)（徳島市）,3d37c5f5-459b-4b3b-a1b1-da5e71f6b8cf,1
360007_徳島県,介護サービス事業所一覧（徳島市）,097f9f75-22f1-4e44-911f-0021defba4f2,7
360007_徳島県,つるぎ町指定緊急避難場所一覧,0ecf8b6b-3bb0-40eb-954f-a5f1c9679ba9,1
360007_徳島県,北島町文化財（令和５年４月１日時点）,6e9f39eb-c663-46d1-bab4-38dbd3278e58,1
360007_徳島県,阿波市子育て施設一覧,64e06cf2-7bb9-46ed-936e-c57f12adf42a,1
360007_徳島県,石井町 指定緊急避難場所一覧,1aa6ca77-21e3-47fc-a596-faea6c9e9794,1
360007_徳島県,北島町子育て施設一覧（令和５年４月１日時点）,8ae35f54-b75d-40e7-98e3-6a60027791f4,1
360007_徳島県,阿波市　指定緊急避難場所一覧,e1c6676c-7aa3-4d0e-920a-971eed087f12,1
360007_徳島県,佐那河内村指定緊急避難場所一覧,57895909-0ffa-4bad-a4cb-25a5a710fe09,1
360007_徳島県,小松島市指定緊急避難場所一覧,2c080c29-10a9-49c2-b8ea-2ef1936245dd,1
360007_徳島県,徳島市立葬斎場　所在地及び利用料金,df1a4446-4ac4-4e2f-b280-ddf27717eb68,1
360007_徳島県,小松島市AED設置箇所一覧,801c1cb6-5db1-406a-adb3-2b4c995a5138,1
360007_徳島県,令和６年度公立学校関係データ（小学校）,393d067f-8a2a-4c72-8c8e-db1cb1c56e26,1
360007_徳島県,令和6年度公立学校関係データ（幼保連携型認定こども園）,e9b0baad-c4c0-4349-bf31-7f6788341283,1
360007_徳島県,令和6年度公立学校関係データ（中学校）,718c7206-45db-440d-898e-dbbb87c29ed1,1
360007_徳島県,令和6年度公立学校関係データ（幼稚園）,c70dd3a1-3e79-4e33-82dd-6014b1601222,1
360007_徳島県,令和6年度公立学校関係データ（中等教育学校）,b7b4c161-fbc6-450f-877a-552aabd98c59,1
360007_徳島県,令和6年度公立学校関係データ（高等学校）,9e5441c7-f91f-4a55-8668-4c50f88dc517,1
360007_徳島県,令和6年度公立学校関係データ（特別支援学校）,30cde9a7-549e-456b-bd9c-da3cb4949e7d,1
360007_徳島県,美馬市ＡＥＤ設置箇所一覧,62a7702e-24fc-4df4-bb56-c472d657d708,1
360007_徳島県,美馬市医療機関一覧,181f1da2-88f4-44f4-819d-005647ad5cd6,1
360007_徳島県,美馬市観光施設一覧,2a836a73-01fc-4785-8e43-59d7a27a8ac3,1
360007_徳島県,美馬市公衆無線ＬＡＮアクセスポイント一覧,d77ef752-7dde-4b70-bab0-e44fe8b2c9a3,1
360007_徳島県,北島町子育て施設一覧（令和７年４月１日時点）,501419f2-da22-44d8-8a2e-6f3863ffce37,1
360007_徳島県,北島町公共施設一覧（令和６年４月１日時点）,d86a3174-874a-42e9-ac88-99dddf28267c,1
360007_徳島県,北島町指定緊急避難場所一覧（令和６年４月１日時点）,019d9981-e987-4d38-b8e8-81a5295c625b,1
360007_徳島県,小松島市観光施設一覧,cf276690-42f2-4caf-831d-1fb7096b2ee0,1
360007_徳島県,小松島市文化財一覧,84f9de83-0f77-46f0-82f5-ba4eea71444a,1
360007_徳島県,小松島市介護サービス事業所一覧,b22b6422-2768-4319-b238-d8ef652eb966,1
360007_徳島県,小松島市消防水利施設一覧,99b34897-e808-4711-bef7-a531dbd41172,3
360007_徳島県,公衆無線LANアクセスポイント一覧,3168bcf9-e618-4916-a620-79e63093f1c3,1
360007_徳島県,令和7年度公立学校関係データ（幼保連携型認定こども園）,632daa5a-e8bf-4688-890a-83cb9f9f2cca,1
360007_徳島県,令和7年度公立学校関係データ（幼稚園・幼稚園型認定こども園）,871f63c3-8c28-4b41-b883-8f497f2ecf99,1
360007_徳島県,令和7年度公立学校関係データ（小学校）,8b0246ac-2eb8-4b66-8695-d2dc7e76e1ce,1
360007_徳島県,令和7年度公立学校関係データ（中学校）,7d5fca4e-cc78-432b-9133-e08111de0df6,1
360007_徳島県,令和7年度公立学校関係データ（高等学校）,a6f91a5d-b2a6-41d9-97bc-70cd60d3c655,1
360007_徳島県,令和7年度公立学校関係データ（中等教育学校）,88cdd1c8-2481-4684-a102-d9992f03d459,1
360007_徳島県,令和7年度公立学校関係データ（特別支援学校）,2488d24d-80f4-4176-a0d1-a1f370de369e,1
360007_徳島県,北島町文化財（令和７年４月１日時点）,a60110f8-6067-4b8a-a71c-a1606de788a7,1
360007_徳島県,北島町公共施設一覧（令和７年４月１日時点）,858ef42b-a259-4df2-8792-23aa46bf90ee,1
360007_徳島県,北島町指定緊急避難場所一覧（令和７年４月１日時点）,8a9eb4fe-01e8-450c-8127-b554a1b1f71f,1
360007_徳島県,阿南市観光施設一覧,0d83c4d0-1fc9-4080-8667-96f01da2b165,1
360007_徳島県,小松島市防災行政無線設置一覧,f7b1ac07-d8a5-413a-a967-a0c5b8c56567,1
380008_愛媛県,AED設置個所一覧,1d31c9b4-e21d-40cb-9499-9f3801ebac8e,1
380008_愛媛県,AED設置場所一覧,1956f1e7-30a0-45ff-b8d6-077663d3a0fa,1
380008_愛媛県,AED設置箇所一覧,7437d057-6c41-40c2-a86e-5339c5bf42c4,1
380008_愛媛県,AED設置箇所一覧,fc20ef5a-3394-404f-a127-8d2f883efe84,1
380008_愛媛県,AED設置箇所一覧,7d85db3d-4e7b-484c-b681-bafd34bb976f,1
380008_愛媛県,AED設置箇所一覧,7472fd85-f30f-4973-97bf-42de9580ad27,11
380008_愛媛県,「松山フリーWi-Fi」アクセスポイント設置一覧,a5d12540-63f7-49b1-8e09-f3f22aae93ac,1
380008_愛媛県,介護サービス事業所一覧,48f2ba07-eadc-4d1c-bcd8-590885e19462,1
380008_愛媛県,保育園、認定こども園,d1963573-3ca3-4031-b96a-3a90c8aeec3f,1
380008_愛媛県,児童館一覧,391e6d4f-ddd4-4183-ad56-c182db7019d4,1
380008_愛媛県,児童館及びその他類似施設,39bf103b-efc1-445c-9a99-7f520544b3cd,1
380008_愛媛県,公共施設一覧,96ad4b09-39dd-45c5-aeab-8bab8cb89346,4
380008_愛媛県,公共施設一覧,a28add95-9ce1-4501-b0b7-ac15ccfc7eab,1
380008_愛媛県,公共施設一覧,5b41d9d1-ef37-4fa8-b8b1-a6ed6081248d,1
380008_愛媛県,公民館・公民分館一覧,499a1fe5-304c-437c-901c-216b4ef8dfc8,1
380008_愛媛県,公立保育所一覧,47114e7a-12fc-4e16-953b-923f65794155,1
380008_愛媛県,公立幼稚園一覧,d876ecce-0dc6-4d0a-9145-37073f288967,1
380008_愛媛県,公衆トイレデータ一覧,ce12eac1-6fdf-4297-b17c-5f935a0abea5,1
380008_愛媛県,公衆トイレ一覧,c3ce01ed-69b5-4720-9745-bd6087f4d4f4,1
380008_愛媛県,公衆無線LANアクセスポイント一覧,ac62bdb1-4cc9-4b86-9b43-6005032633db,1
380008_愛媛県,公衆無線LANアクセスポイント一覧,fa8c0156-5818-47f3-bbfc-7bacc390241a,1
380008_愛媛県,公衆無線LANアクセスポイント一覧,889f08d6-d01f-4c5d-a5fb-b54421486178,1
380008_愛媛県,公衆無線ＬＡＮアクセスポイント一覧,d4165855-29d4-4e67-a0ae-5fada07f2529,1
380008_愛媛県,公衆無線ＬＡＮアクセスポイント一覧,df1b6691-8b95-4bda-a321-27b22d8293fe,1
380008_愛媛県,医療機関一覧,67baa228-3648-408b-816e-90548f8389f2,1
380008_愛媛県,国立幼稚園一覧,d96af539-7fa6-495c-8087-4cce5e812db1,1
380008_愛媛県,地域型保育一覧,65369843-389a-4376-848f-a2b530fb840e,1
380008_愛媛県,地域子育て支援ひろば一覧,07ac08ea-5078-4cc7-8053-9a251d391962,1
380008_愛媛県,地域子育て支援センター一覧,170d8264-d503-44f8-9e80-66843a5a715f,1
380008_愛媛県,子育て施設一覧,f0060a2a-36a9-41b1-8431-cc4910a7aebc,1
380008_愛媛県,子育て施設一覧,1b11cc80-871b-4678-a734-96ef22da431c,1
380008_愛媛県,子育て施設一覧,fd9fae86-aefe-4c2a-bccd-60796dabeb5d,1
380008_愛媛県,学校施設の施設名・位置情報,93ba8959-11ec-4290-a99f-c9fe4a6435b7,1
380008_愛媛県,学校給食共同調理場一覧,baa6d3a5-c7da-40ba-91b6-4ba33fe74e71,1
380008_愛媛県,小・中学校,89044b0c-952a-4d1a-b106-8958a544da68,1
380008_愛媛県,市営住宅一覧,871f29aa-1420-4e84-9692-a20e7e3430bb,1
380008_愛媛県,指定緊急避難場所一覧,2f97d34c-1159-4fbe-b25a-fbb1af7c6d0f,1
380008_愛媛県,指定緊急避難場所一覧,83d98045-a78d-411d-a319-d8f640751cdc,1
380008_愛媛県,指定緊急避難場所一覧,cbb6ea0f-3107-481f-bd4b-eabf1d2cbb46,1
380008_愛媛県,指定緊急避難場所一覧,160f6110-d5f5-4b2f-8316-e58bab1cc329,1
380008_愛媛県,指定緊急避難場所一覧,d989e7ec-2354-4a66-84c9-32bfd77c3820,1
380008_愛媛県,指定緊急避難場所一覧,03de97bb-c917-4c04-a195-81877f90c107,1
380008_愛媛県,指定緊急避難所一覧,45639985-7167-4c3c-abe9-2a09989b527d,1
380008_愛媛県,救急医療機関一覧,ad169786-6fb9-4a96-b6df-7d584e7156b7,1
380008_愛媛県,文化財一覧,b2c60c25-f9b5-4715-992f-fa0a3fd20bf9,1
380008_愛媛県,文化財一覧,922d7e4d-d6ce-43dd-831d-724fa408889d,1
380008_愛媛県,松山市内公園一覧,c2e7cd83-e8de-4354-99cb-60e0e2fa611f,1
380008_愛媛県,松山市内指定文化財一覧,88ae08fc-18f3-453c-bb51-e8ce6888a4ec,1
380008_愛媛県,津波避難ビル一覧,1f6eb171-52df-432a-bbd4-7450c631271b,1
380008_愛媛県,消防団員応援事業所一覧,31ac09de-f204-4d5b-97b0-fefb5f865e70,1
380008_愛媛県,消防水利施設一覧,184b317d-26eb-40bf-9997-afa50d22f65c,1
380008_愛媛県,福祉避難場所一覧,f019da25-84d3-4889-8d81-22b6d2010b37,1
380008_愛媛県,私立保育所一覧,ec5ef6e5-3dd2-408f-940f-51e59e893c16,1
380008_愛媛県,私立幼稚園一覧,32a85456-389d-402f-893d-fa2fa821e8b1,1
380008_愛媛県,観光施設一覧,62a91d99-6b96-456b-9f6b-1e9aab6e5bad,1
380008_愛媛県,観光施設一覧,358cdc44-7813-4610-9a53-845dbe42b341,1
380008_愛媛県,認定こども園一覧,41493f0c-1ec6-415c-8f38-beea4cf7eb4e,1
380008_愛媛県,ＡＥＤ設置個所一覧,8dd3768e-3a6c-4c2f-a34e-f594ef1427b4,1
400009_福岡県,福岡県　指定緊急避難場所・指定一般避難所,400009_hinansho-hinanbasho,1
400009_福岡県,福岡県　保育所等一覧,400009_hoikushotouichiran,2
400009_福岡県,福岡県　公共施設一覧,400009_kokyoshisetsu,1
400009_福岡県,福岡県　指定福祉避難所一覧,400009_siteifukusi,1
400009_福岡県,北九州市　ＡＥＤ設置箇所一覧,401005_aed_ktq,2
400009_福岡県,北九州市　病児保育施設一覧,401005_byojihoikushisetsuichiran,2
400009_福岡県,北九州市　介護保険住所地特例施設一覧（住宅型有料老人ホーム）,401005_care_service_juutakugatayuuryou,1
400009_福岡県,北九州市　介護保険住所地特例施設一覧（サービス付き高齢者向け住宅）,401005_care_service_servicetsukikoureisya,1
400009_福岡県,北九州市　文化財一覧,401005_cultural_property_ktq,1
400009_福岡県,北九州市　放課後児童クラブ一覧,401005_houkagojidouclubichiran,3
400009_福岡県,北九州市　児童館一覧,401005_jidoukanichiran,3
400009_福岡県,北九州市　子育て支援施設一覧,401005_kosodateshienshisetsuichiran,3
400009_福岡県,北九州市　子育て施設一覧（放課後児童クラブ・児童館）,401005_kosodateshisetsuichiran_gakudo_jidokan,1
400009_福岡県,北九州市　子育て施設一覧（保育所・こども園・幼稚園）,401005_kosodateshisetsuichiran_hoikusho_kodomoen_yochien,1
400009_福岡県,北九州市　乳児院・児童養護施設一覧,401005_nyuujiinjidouyougoshisetsuichiran,3
400009_福岡県,北九州市　公共施設一覧,401005_public_facility,1
400009_福岡県,北九州市　公衆無線LANアクセスポイント一覧,401005_public_wireless_lan,4
400009_福岡県,北九州市　観光施設一覧,401005_tourism,1
400009_福岡県,北九州市　幼稚園・保育所・認定こども園一覧,401005_youchienhoikusyokodomoenichiran,3
400009_福岡県,福岡市　AED,401307_aed,1
400009_福岡県,福岡市　保育所等一覧,401307_fukuokacity_hoiku,4
400009_福岡県,福岡市　放課後児童クラブの連絡先一覧,401307_h26-rusukatei-kodomokai-renrakusaki,1
400009_福岡県,福岡市　介護サービス事業所,401307_kaigoservice,1
400009_福岡県,福岡市　公民館,401307_kouminkan,1
400009_福岡県,福岡市立学校一覧（幼稚園・小学校・中学校・高等学校・特別支援学校）,401307_school,1
400009_福岡県,福岡市　市役所・区役所・保健福祉センター,401307_shikuyakusho,1
400009_福岡県,福岡市　消防水利施設一覧,401307_suiri,1
400009_福岡県,福岡市　図書館,401307_toshokan,1
400009_福岡県,大牟田市内認定こども園一覧,402028_05,1
400009_福岡県,大牟田市内保育所（園）一覧,402028_06,1
400009_福岡県,大牟田市内幼稚園一覧,402028_07,1
400009_福岡県,大牟田市内の介護サービス事業所一覧（総合事業含む）,402028_08,2
400009_福岡県,観光情報,402036_0001000_00001,2
400009_福岡県,指定文化財一覧（久留米市）,402036_0001200_00001,1
400009_福岡県,図書館（室）一覧（久留米市）,402036_0001200_00020,1
400009_福岡県,学童保育所一覧（久留米市）【自治体標準ODS】,402036_0001200_00030,1
400009_福岡県,公園情報（久留米市）,402036_0001200_00032,1
400009_福岡県,久留米市公共施設予約システムに掲載している施設一覧,402036_0001200_00033,4
400009_福岡県,投票所一覧,402036_0001300_00013,5
400009_福岡県,避難所情報（久留米市）,402036_0001400_00003,1
400009_福岡県,トイレ情報,402036_0001500_00031,1
400009_福岡県,有料老人ホーム,402036_0009100_00001,3
400009_福岡県,軽費老人ホーム,402036_0009100_00002,1
400009_福岡県,養護老人ホーム,402036_0009100_00003,1
400009_福岡県,くるめ健康づくり応援店,402036_0009100_00004,13
400009_福岡県,AED設置場所一覧（久留米市）,402036_0009100_00011,1
400009_福岡県,福祉避難所一覧,402036_0009100_00013,1
400009_福岡県,医療機関一覧,402036_0009100_00014,14
400009_福岡県,指定小児慢性特定疾病医療機関一覧,402036_0009100_00021,1
400009_福岡県,介護サービス事業所一覧（久留米市）,402036_0009100_00022,69
400009_福岡県,久留米市認可幼稚園【自治体標準ODS】,402036_0009300_000015,1
400009_福岡県,認定こども園・認可幼稚園（新制度移行園）（久留米市）,402036_0009300_00002,3
400009_福岡県,久留米市認可幼稚園,402036_0009300_00003,3
400009_福岡県,病児保育実施施設一覧,402036_0009300_00005,1
400009_福岡県,事業所内保育事業所一覧,402036_0009300_00008,1
400009_福岡県,認定こども園・認可幼稚園（新制度移行園）（久留米市）【自治体標準ODS】,402036_0009300_00014,1
400009_福岡県,事業所内保育施設・小規模保育事業A型保育施設一覧【自治体標準ODS】,402036_0009300_00016,1
400009_福岡県,久留米市の農産物直売所一覧,402036_0009400_00009,1
400009_福岡県,市施設情報（庁舎等）（久留米市）,402036_0009900_00003,1
400009_福岡県,直方市医療機関一覧,402044__hospital,1
400009_福岡県,直方市子育て施設一覧,402044__preschool,1
400009_福岡県,直方市AED設置箇所一覧,402044_aed,1
400009_福岡県,介護サービス事業所一覧,402044_care_service,1
400009_福岡県,直方市1歳6か月、3歳6か月対象歯科健診実施医療機関一覧,402044_child_dental_check-up_facility,1
400009_福岡県,直方市公共施設等総合管理計画白書データ,402044_comprehensive_management_plan_white_paper,1
400009_福岡県,直方市文化財一覧,402044_cultural_property,1
400009_福岡県,直方市 指定緊急避難場所一覧,402044_evacuation_space,2
400009_福岡県,直方市公共施設一覧,402044_public_facility,1
400009_福岡県,直方市公衆無線LANアクセスポイント一覧,402044_public_wireless_lan,1
400009_福岡県,直方市観光施設一覧,402044_tourism,1
400009_福岡県,AED設置箇所一覧,402052_01,6
400009_福岡県,介護サービス事業所一覧,402052_02,75
400009_福岡県,医療機関一覧,402052_03,3
400009_福岡県,文化財一覧,402052_04,4
400009_福岡県,観光施設一覧,402052_05,3
400009_福岡県,公衆無線LANアクセスポイント一覧,402052_07,10
400009_福岡県,公衆トイレ一覧,402052_08,3
400009_福岡県,消防水利施設一覧,402052_09,2
400009_福岡県,指定緊急避難場所一覧,402052_10,11
400009_福岡県,公共施設一覧（過去歴）,402052_12,4
400009_福岡県,公共施設一覧（最新データ）,402052_12-1,1
400009_福岡県,子育て施設一覧,402052_13,5
400009_福岡県,公園一覧,402052_15,2
400009_福岡県,投票所一覧,402052_21,3
400009_福岡県,田川市指定緊急指定避難場所、指定避難所一覧,402061_hinan,1
400009_福岡県,公共施設一覧,402061_public_facilities,1
400009_福岡県,柳川市避難所データ,402079_001,1
400009_福岡県,学童保育所一覧（柳川市）,402079_gakudou,1
400009_福岡県,認可保育所情報（柳川市）,402079_hoikusyo,1
400009_福岡県,認定こども園（柳川市）,402079_kodomoen,1
400009_福岡県,八女市の避難場所一覧,402109_,1
400009_福岡県,筑後市　避難所一覧,402117_,1
400009_福岡県,市施設情報（大川市立学校一覧）,402125_0001200_00010,1
400009_福岡県,図書館一覧（大川市）,402125_0001200_00020,1
400009_福岡県,学童保育所一覧（大川市）,402125_0001200_00030,1
400009_福岡県,避難所情報（大川市）,402125_0001400_00003,1
400009_福岡県,保育所情報（大川市）,402125_0009300_00001,1
400009_福岡県,認定こども園（大川市）,402125_0009300_00002,1
400009_福岡県,市施設情報（庁舎等）（大川市）,402125_0009900_00003,1
400009_福岡県,文化財一覧（大川市）,402125_cultural_property,1
400009_福岡県,行橋市 指定緊急避難場所一覧,402133_hinan,1
400009_福岡県,中間市　指定緊急避難場所一覧,402150_hinanbasyo,1
400009_福岡県,公共施設一覧（庁舎等）（小郡市）,402168_siyakusyo,1
400009_福岡県,投票所一覧（小郡市）,402168_tohyo,1
400009_福岡県,図書館（室）（小郡市）,402168_tosho,1
400009_福岡県,AED設置箇所一覧,402184_aed,4
400009_福岡県,介護サービス事業所一覧,402184_care_service,4
400009_福岡県,春日市立中学校情報,402184_chugaku20180922,6
400009_福岡県,文化財一覧,402184_cultural_property,4
400009_福岡県,医療機関一覧,402184_hospital,4
400009_福岡県,子育て施設一覧,402184_preschool,4
400009_福岡県,春日市　公共施設一覧（自治体標準オープンデータセット形式）,402184_public_facility,1
400009_福岡県,公衆トイレ一覧,402184_public_toilet,4
400009_福岡県,春日市立小学校情報,402184_syougaku20180922,6
400009_福岡県,避難所情報（うきは市）,402257_00001,1
400009_福岡県,市施設情報（庁舎等）（うきは市）,402257_00002,1
400009_福岡県,市施設情報（うきは市立学校一覧）,402257_00003,1
400009_福岡県,保育所情報（認可保育所）（うきは市）,402257_00004,1
400009_福岡県,認定こども園（うきは市）,402257_00005,1
400009_福岡県,指定文化財一覧（うきは市）,402257_00010,1
400009_福岡県,投票所一覧（うきは市）,402257_0022,1
400009_福岡県,宮若市　指定緊急避難場所一覧,402265_kinkyuhinan,1
400009_福岡県,宮若市　公衆無線LANアクセスポイント,402265_wifi,1
400009_福岡県,嘉麻市文化財一覧,402273_cultural_property,1
400009_福岡県,子育て施設一覧,402273_oreschool,1
400009_福岡県,みやま市指定緊急避難場所データ,402290_evacuation_space,1
400009_福岡県,みやま市公共施設一覧,402290_public_facility,1
400009_福岡県,公共施設一覧,403415_public_facility,4
400009_福岡県,【篠栗町】公共施設一覧,403423_shisetsu,4
400009_福岡県,志免町 公共施設一覧（自治体標準オープンデータセット形式）,403431_public_facility2,2
400009_福岡県,新宮町　AED設置箇所一覧,403458_,1
400009_福岡県,粕屋町　文化財一覧,403491_cultural_property,2
400009_福岡県,粕屋町　公共施設一覧（データ連携基盤）,403491_public_facility_datalink,1
400009_福岡県,粕屋町　公衆無線LANアクセスポイント,403491_public_wireless_lan,2
400009_福岡県,粕屋町　公共施設（町内の郵便局）一覧,403491_publicfacility_postoffice,5
400009_福岡県,粕屋町　公共施設（町内の官公署）一覧,403491_publicfacility_publicoffice,5
400009_福岡県,粕屋町　公共施設（町内の駅（JR））一覧,403491_publicfacility_station,5
400009_福岡県,芦屋町指定緊急避難場所一覧,403814_hinan,3
400009_福岡県,芦屋町公共施設一覧,403814_public_facility,2
400009_福岡県,公衆無線LANアクセスポイント一覧,403814_publicwirelesslan,3
400009_福岡県,水巻町指定緊急避難場所一覧,403822_hinan,1
400009_福岡県,水巻町保育所一覧,403822_nurseryschool,1
400009_福岡県,水巻町学校一覧,403822_school,1
400009_福岡県,岡垣町　公共施設一覧,403831_2025koukyousisetsu,1
400009_福岡県,岡垣町　指定緊急避難場所一覧,403831_hinan,1
400009_福岡県,遠賀町 指定緊急避難場所一覧,403849_hinan,1
400009_福岡県,小竹町指定緊急避難所一覧,404012_test01,1
400009_福岡県,鞍手町 介護サービス事業所一覧,404021_care_service,1
400009_福岡県,鞍手町 指定緊急避難場所一覧,404021_hinan,1
400009_福岡県,鞍手町公共施設一覧,404021_koukyoushisetsu,1
400009_福岡県,指定緊急避難場所一覧,404217_keisen,1
400009_福岡県,筑前町 指定緊急避難場所一覧,404471_hinan,1
400009_福岡県,避難所情報（大刀洗町）,405035_hinansyo001,1
400009_福岡県,観光施設一覧（大刀洗町）,405035_kankoushisetsu,1
400009_福岡県,町施設情報（庁舎等）（大刀洗町）,405035_shisetu001,1
400009_福岡県,学校一覧情報（大刀洗町）,40503_tachigakkoichiran,2
400009_福岡県,文化財一覧（大木町）,405221_bunkazai,1
400009_福岡県,観光施設（大木町）,405221_kankou,1
400009_福岡県,子育て施設一覧（大木町）,405221_kosodate,1
400009_福岡県,避難場所・避難所データ,405442_01,2
400009_福岡県,川崎町指定緊急避難場所一覧,406058_hinan,1
400009_福岡県,大任町公共施設一覧,406082_koukyou,1
400009_福岡県,福智町　指定避難場所一覧,406104_hinan,1
400009_福岡県,苅田町指定緊急避難場所一覧,406210_evacuation_space,1
400009_福岡県,公共施設一覧,406210_public_facility,1
400009_福岡県,みやこ町　AED設置箇所一覧,406252_aed,1
400009_福岡県,みやこ町 指定緊急避難場所,406252_hinan,1
400009_福岡県,みやこ町　医療機関一覧,406252_iryokikan,1
400009_福岡県,みやこ町　子育て施設一覧,406252_kosodateshisetu,1
400009_福岡県,みやこ町　公共施設一覧,406252_koukyoushisetsu,1
400009_福岡県,みやこ町　公共施設内のWi-Fi設置個所一覧,406252_wifi,1
400009_福岡県,築上町指定緊急避難場所一覧,406473_hinanjo,1
400009_福岡県,築上町公共施設一覧,406473_shisetsu,1
410004_佐賀県,地域包括支援センター,410004_437xlsx,1
410004_佐賀県,（子育て施設）_病時病後時保育,410004_byoujibyougojihoiku,1
410004_佐賀県,（子育て施設）_地域型保育事業,410004_chiikigatahoikujigyo,1
410004_佐賀県,（子育て施設）_地域子育て支援拠点,410004_chiikikosodateshienkyoten,2
410004_佐賀県,（子育て施設）̲ファミリー・サポート・センター,410004_familysupportcenter,1
410004_佐賀県,（子育て施設）_保育所一覧,410004_hoikujoichiran,1
410004_佐賀県,（子育て施設）_認可外保育,410004_ninkagaihoiku,1
410004_佐賀県,（子育て施設）_認定こども園,410004_ninteikodomoen,1
410004_佐賀県,指定緊急避難場所一覧,410004_shiteikinkyuhinanbashoichiran,1
410004_佐賀県,（子育て施設）_図書館,410004_toshokan,1
410004_佐賀県,（子育て施設）_幼稚園,410004_youchien,1
410004_佐賀県,佐賀市AED設置施設一覧,412015_aed_facilities,5
410004_佐賀県,佐賀市保育施設等一覧,412015_childcare_facilities,21
410004_佐賀県,佐賀市駐車場一覧,412015_chuusyajyou,1
410004_佐賀県,佐賀市の教育・文化・生涯学習施設一覧,412015_education_culture_lifelong_learning,2
410004_佐賀県,佐賀市指定緊急避難場所,412015_evacuation_location,10
410004_佐賀県,佐賀市児童館・児童センター一覧,412015_jidoukan,2
410004_佐賀県,佐賀市公共施設一覧,412015_koukyoushisetsu,2
410004_佐賀県,佐賀市立図書館施設一覧,412015_library,2
410004_佐賀県,佐賀市医療関連施設一覧,412015_medical_facility,4
410004_佐賀県,佐賀市警察署・消防署一覧,412015_police_fire_station,2
410004_佐賀県,佐賀市立公民館_名称・所在地・連絡先等情報,412015_publichall,4
410004_佐賀県,佐賀市にある小・中・高等学校一覧,412015_shouchuukoutougakkou,1
410004_佐賀県,佐賀市にある図書館一覧,412015_tosyokan,1
410004_佐賀県,多久市　ＡＥＤ設置箇所一覧,412040_aed,1
410004_佐賀県,多久市　文化財一覧,412040_bunkazai,1
410004_佐賀県,多久市　医療機関一覧,412040_iryokikan,1
410004_佐賀県,多久市　介護サービス事業所一覧,412040_kaigojigyosho,1
410004_佐賀県,多久市　観光施設一覧,412040_kankoshisetsu,1
410004_佐賀県,多久市　公共施設一覧,412040_kokyoshisetsu,1
410004_佐賀県,多久市　公衆トイレ一覧,412040_koshutoire,1
410004_佐賀県,多久市　子育て施設一覧,412040_kosodateshisetu,1
410004_佐賀県,多久市　公衆無線LANアクセスポイント一覧,412040_musenlan,1
410004_佐賀県,多久市　指定緊急避難場所一覧,412040_shiteikinkyuhinanbasho,1
410004_佐賀県,多久市　消防水利施設一覧,412040_shobosuiri,1
410004_佐賀県,AED設置場所,412066_aed,1
410004_佐賀県,指定避難所・指定緊急避難場所,412066_designated_shelter,1
410004_佐賀県,小城市 指定緊急避難所一覧,412082_bousai1,1
410004_佐賀県,小城市消火栓・防火水槽一覧,412082_bousai2,1
410004_佐賀県,小城市　子育て施設一覧,412082_hoiku1,1
410004_佐賀県,放課後児童クラブ一覧（子育て施設）,412082_houkagojido,1
410004_佐賀県,小城市 公衆無線LANアクセスポイント一覧,412082_kikaku01,1
410004_佐賀県,AED設置箇所一覧,413275_aed,1
410004_佐賀県,医療機関一覧,413275_medical_institution,1
410004_佐賀県,公共施設一覧,413275_public_facility,1
410004_佐賀県,玄海町　指定緊急避難場所一覧,413879_bousai001,1
410004_佐賀県,玄海町　公衆無線LANアクセスポイント一覧,413879_jouhou001,1
410004_佐賀県,玄海町　介護サービス事業所一覧,413879_kaigo001,1
410004_佐賀県,玄海町　医療機関一覧,413879_kenko001,1
410004_佐賀県,玄海町　観光施設一覧,413879_kikaku001,1
410004_佐賀県,玄海町　公衆トイレ一覧,413879_kikaku003,1
410004_佐賀県,玄海町　子育て施設一覧,413879_kodomo001,1
410004_佐賀県,玄海町　AED設置個所一覧,413879_soumu001,1
410004_佐賀県,玄海町　公共施設一覧,413879_soumu002,1
420000_長崎県,指定避難所一覧（五島市）,420000_gotocityhinan,1
420000_長崎県,指定避難所一覧（波佐見町）,420000_hasamitownhinan,1
420000_長崎県,指定避難所一覧（東彼杵町）,420000_higashisonogitownhinan,1
420000_長崎県,指定避難所一覧（平戸市）,420000_hiradocityhinan,1
420000_長崎県,放課後児童クラブ一覧,420000_houkagozidouclub,1
420000_長崎県,指定避難所一覧（壱岐市）,420000_ikicityhinan,1
420000_長崎県,医療機関一覧,420000_iryoukikan,3
420000_長崎県,指定避難所一覧（諫早市）,420000_isahayacityhinan,1
420000_長崎県,児童養護施設一覧,420000_jidoyogoshisetsu,3
420000_長崎県,指定避難所一覧（川棚町）,420000_kawatanatownhinan,1
420000_長崎県,救急医療機関一覧,420000_kyukyuiryoukikan,2
420000_長崎県,指定避難所一覧（松浦市）,420000_matsuuracityhinan,1
420000_長崎県,指定避難所一覧（南島原市）,420000_mimamishimabaracityhinan,1
420000_長崎県,指定避難所一覧（長与町）,420000_nagayotownhinan,1
420000_長崎県,指定避難所一覧（大村市）,420000_oomuracityhinan,1
420000_長崎県,指定避難所一覧（小値賀町）,420000_ozikatownhinan,1
420000_長崎県,指定避難所一覧（西海市）,420000_saikaicityhihan,1
420000_長崎県,指定避難所一覧（佐世保市）,420000_sasebocityhinan,1
420000_長崎県,指定避難所一覧（佐々町）,420000_sazatownhinan,1
420000_長崎県,指定避難所一覧（島原市）,420000_shimabaracityhinan,1
420000_長崎県,指定避難所一覧（新上五島町）,420000_shinkamigototownhinan,1
420000_長崎県,指定避難所一覧（時津町）,420000_togitsutown,1
420000_長崎県,指定避難所一覧（対馬市）,420000_tsushimacityhinan,1
420000_長崎県,指定避難所一覧（雲仙市）,420000_unzencityhinan,1
420000_長崎県,児童館一覧,420000_zidoukan,1
420000_長崎県,AED設置箇所一覧（長崎市内の学校）,422011_aed_gk,1
420000_長崎県,AED設置箇所一覧（長崎市内の公共施設）,422011_aed_k,1
420000_長崎県,公営駐輪場一覧（長崎市）,422011_bicycle_parking,1
420000_長崎県,公営駐車場一覧（長崎市）,422011_car_park,1
420000_長崎県,介護サービス事業所一覧（長崎市）,422011_care_service,1
420000_長崎県,子育て施設一覧（長崎市内の児童館・児童センター）,422011_childrens_center,1
420000_長崎県,文化財一覧（長崎市）,422011_cultural_property,1
420000_長崎県,期日前投票所一覧（長崎市）,422011_early_polling_place,1
420000_長崎県,指定避難所一覧（長崎市）※自治体標準オープンデータセット版,422011_evacuation_shelter2,1
420000_長崎県,指定緊急避難場所一覧（長崎市）※推奨データセット版,422011_evacuation_space,1
420000_長崎県,指定緊急避難場所一覧（長崎市）※自治体標準オープンデータセット版,422011_evacuation_space2,1
420000_長崎県,消防水利施設一覧,422011_fire_hydrant,1
420000_長崎県,医療機関一覧（長崎市）,422011_hospital,1
420000_長崎県,子育て施設一覧（長崎市内の放課後児童クラブ）,422011_houkagojidouclub,1
420000_長崎県,子育て施設一覧（長崎市内の子育て支援センター）,422011_kosodateshiencenter,1
420000_長崎県,図書館一覧（長崎市）,422011_library,1
420000_長崎県,公民館・文化センター一覧（長崎市）,422011_list_of_community_centers_and_cultural_centers,1
420000_長崎県,子育て施設一覧,422011_preschool,1
420000_長崎県,子育て施設一覧（長崎市内の保育所）,422011_preschool_h,1
420000_長崎県,子育て施設一覧（長崎市内の認定こども園）,422011_preschool_n,1
420000_長崎県,子育て施設一覧（長崎市内の幼稚園）,422011_preschool_y,1
420000_長崎県,公共施設一覧（長崎市）※自治体標準オープンデータセット版,422011_public_facility2,1
420000_長崎県,公衆無線LANアクセスポイント一覧（長崎市）,422011_public_wireless_lan,1
420000_長崎県,市営住宅一覧（長崎市）,422011_shieijutaku_list,1
420000_長崎県,医療機関一覧（佐世保市内の病院）,422029_646,1
420000_長崎県,医療機関一覧（佐世保市内の診療所）,422029_647,1
420000_長崎県,医療機関一覧（佐世保市内の歯科医院）,422029_648,1
420000_長崎県,子育て応援マップ,422029_childmap,13
420000_長崎県,指定緊急避難所一覧（佐世保市）,422029_hinanzyomap,2
420000_長崎県,公共施設一覧（佐世保市保健福祉施設）,422029_hoken,1
420000_長崎県,観光施設一覧（佐世保市）,422029_kankousyoukou,1
420000_長崎県,公共施設一覧（佐世保市公園）,422029_kouenn,1
420000_長崎県,公共施設一覧（佐世保市)（教育・文化施設）,422029_kyouikubunka,2
420000_長崎県,公共施設一覧（佐世保市庁舎・支所等）,422029_shisyo,1
420000_長崎県,公共施設一覧（佐世保市のその他の公共施設）,422029_sonotakoukyou,1
420000_長崎県,公共施設一覧（佐世保市小学校）,422029_syougakkou,1
420000_長崎県,（選挙）当日投票所マップ（佐世保市）,422029_toujitu,12
420000_長崎県,公共施設一覧（佐世保市中学校）,422029_tyuugakkou,1
420000_長崎県,公共施設一覧（佐世保市運動施設）,422029_undou,1
420000_長崎県,AED設置箇所一覧,422037_aed,1
420000_長崎県,介護サービス事業所一覧,422037_careservice,1
420000_長崎県,文化財一覧,422037_culturalproperty,1
420000_長崎県,指定緊急避難場所一覧,422037_evacuationspace,1
420000_長崎県,消防水利施設一覧,422037_firehydrant,1
420000_長崎県,医療機関一覧,422037_hospital,1
420000_長崎県,子育て施設一覧,422037_preschool,1
420000_長崎県,公衆無線LANアクセスポイント一覧,422037_public_wireless_lan,1
420000_長崎県,公共施設一覧,422037_publicfacility,1
420000_長崎県,公衆トイレ一覧,422037_publictoilet,1
420000_長崎県,観光施設一覧,422037_touristfacilities,1
420000_長崎県,観光施設（諫早市）,422045_kankou_pic,1
420000_長崎県,指定緊急避難場所一覧,422045_no10hinanjyo,1
420000_長崎県,子育て施設一覧,422045_preschool,1
420000_長崎県,公共施設一覧,422045_public_facility,1
420000_長崎県,AED設置箇所一覧,422053_aedsetti,1
420000_長崎県,文化財一覧,422053_cultural_property,1
420000_長崎県,指定避難所一覧,422053_evacuation_shelter,1
420000_長崎県,指定緊急避難場所一覧,422053_evacuation_space,1
420000_長崎県,介護サービス事業所一覧,422053_kaigoservice,1
420000_長崎県,子育て施設一覧,422053_preschool,1
420000_長崎県,公共施設一覧,422053_public_facility,1
420000_長崎県,公衆無線LANアクセスポイント一覧,422053_public_wireless_lan,1
420000_長崎県,AED設置箇所一覧,422070_aed,1
420000_長崎県,指定緊急避難場所一覧,422070_hinanbasho,1
420000_長崎県,医療機関一覧,422070_iryokikan,1
420000_長崎県,観光施設一覧,422070_kankoshisetsu,1
420000_長崎県,公共施設一覧,422070_kokyoshisetsu,1
420000_長崎県,子育て施設一覧,422070_kosodate,1
420000_長崎県,指定緊急避難場所一覧（松浦市）,422088_evacuation_space,1
420000_長崎県,医療機関一覧（松浦市）,422088_iryoukikann,1
420000_長崎県,観光施設一覧（松浦市）,422088_kannkoushisetsu,1
420000_長崎県,公共施設一覧（松浦市公民館体育館等）,422088_koukyousshisetsukouminnkann,1
420000_長崎県,子育て施設一覧（松浦市）,422088_preschool,1
420000_長崎県,公共施設一覧（松浦市）,422088_public_facility,1
420000_長崎県,AED設置個所一覧,422096_,1
420000_長崎県,指定緊急避難場所一覧,422096_evacuation_space,1
420000_長崎県,消防水利施設一覧,422096_fire_hydrant,1
420000_長崎県,子育て施設一覧,422096_preschool,1
420000_長崎県,公共施設一覧,422096_public_facility,1
420000_長崎県,公衆トイレ一覧,422096_public_toilet,1
420000_長崎県,公衆無線LANアクセスポイント,422096_public_wireless_lan,1
420000_長崎県,観光施設一覧,422096_tourism,1
420000_長崎県,（長崎県データ連携基盤用）公共施設一覧,422096_tsushima_koukyousisetsu,1
420000_長崎県,文化財一覧,422096_tsushimacity_bunkazai,1
420000_長崎県,医療機関一覧,422096_tsushimacity_iryoukikan,1
420000_長崎県,介護サービス事業所一覧,422096_tsushimacity_kaigojijyousyo,1
420000_長崎県,【壱岐市】指定緊急避難場所一覧,422100_eva_001,1
420000_長崎県,【壱岐市】公衆無線LAN一覧,422100_lan_001,1
420000_長崎県,【壱岐市】子育て施設一覧,422100_preschool,1
420000_長崎県,【壱岐市】公共施設一覧,422100_pub_002,1
420000_長崎県,壱岐市公共施設一覧,422100_pub_004,1
420000_長崎県,【壱岐市】観光施設一覧,422100_tou_001,1
420000_長崎県,AED設置個所一覧,422118_aed,1
420000_長崎県,介護サービス事業所一覧（五島市）,422118_care_service,1
420000_長崎県,文化財一覧（五島市）,422118_cultural_property,1
420000_長崎県,指定緊急避難場所一覧（五島市）※推奨データセット版,422118_evacuation_space,1
420000_長崎県,指定緊急避難場所一覧（五島市）※自治体標準オープンデータセット版,422118_evacuation_space2,1
420000_長崎県,消防水利施設一覧（五島市）,422118_fire_hydrant,1
420000_長崎県,医療機関一覧（五島市）,422118_hospital,1
420000_長崎県,子育て施設一覧,422118_preschool,1
420000_長崎県,公共施設一覧（五島市） ※推奨データセット版,422118_public_facility,1
420000_長崎県,公共施設一覧（五島市） ※自治体標準オープンデータセット版,422118_public_facility2,1
420000_長崎県,公衆トイレ一覧（五島市）,422118_public_toilet,1
420000_長崎県,公衆無線LANアクセスポイント一覧（五島市）,422118_public_wireless_lan,1
420000_長崎県,観光施設一覧（五島市）,422118_tourism,1
420000_長崎県,公共施設一覧（西海市庁舎）,422126_2019koukyosisetu01tyousyasisyo,1
420000_長崎県,公共施設一覧（西海市の文化施設）,422126_bunka,1
420000_長崎県,公共施設一覧（西海市の中学校）,422126_chuugakkou,1
420000_長崎県,公共施設一覧（西海市の学童クラブ）,422126_gakudou,1
420000_長崎県,公共施設一覧（西海市の保育園等）,422126_hoikuen,1
420000_長崎県,公共施設一覧（西海市の保健・医療）,422126_hokeniryou,1
420000_長崎県,医療機関一覧（西海市）,422126_iryoukikan,1
420000_長崎県,公共施設一覧（西海市の児童館）,422126_jidoukan,1
420000_長崎県,観光施設一覧（西海市）,422126_kankosyoko,1
420000_長崎県,公共施設一覧（西海市の子育て支援センター）,422126_kosodateshien,1
420000_長崎県,子育て施設一覧,422126_kosodateshisetsu,1
420000_長崎県,公共施設一覧,422126_koukyousisetu,1
420000_長崎県,公共施設一覧（西海市の公民館）,422126_kouminkan,1
420000_長崎県,公共施設一覧（西海市の乳幼児相談・健診会場）,422126_nyuuyoujikenshin,1
420000_長崎県,公共施設一覧（西海市の歴史館）,422126_rekishi,1
420000_長崎県,公共施設一覧（西海市の社会教育施設）,422126_shakaikyouiku,1
420000_長崎県,指定避難所一覧（西海市）,422126_shiteihinan,1
420000_長崎県,指定緊急避難場所一覧（西海市）,422126_shiteikinkyuhinan,1
420000_長崎県,公共施設一覧（西海市の小学校）,422126_shougakkou,1
420000_長崎県,公共施設一覧（西海市の体育施設）,422126_taiiku,1
420000_長崎県,公共施設一覧（西海市の図書館（室））,422126_tosho,1
420000_長崎県,公共施設一覧（西海市の幼稚園）,422126_youchien,1
420000_長崎県,公共施設一覧,422134_koukyoushisetu,1
420000_長崎県,子育て施設,422134_preschool,1
420000_長崎県,指定避難所一覧,422134_shiteihinan_list,1
420000_長崎県,指定緊急避難場所一覧,422134_shiteikinkyuuhinanbasyo,1
420000_長崎県,指定緊急避難場所一覧（南島原市）,422142_evacuation_space,1
420000_長崎県,医療機関（南島原市）,422142_medicalinstitution,1
420000_長崎県,公共施設一覧（南島原市）,422142_public_facility,1
420000_長崎県,指定緊急避難場所一覧（長与町）,423076_,1
420000_長崎県,AED設置箇所一覧（長与町）,423076_aed,1
420000_長崎県,介護サービス事業所一覧（長与町）,423076_care_service,1
420000_長崎県,文化財一覧（長与町）,423076_cultural_property,1
420000_長崎県,医療機関一覧（長与町）,423076_hospital,1
420000_長崎県,子育て施設一覧（長与町）,423076_preschool,1
420000_長崎県,公共施設一覧（長与町）,423076_public_facility_ods,1
420000_長崎県,公衆トイレ一覧（長与町）,423076_public_toilet,1
420000_長崎県,公衆無線LANアクセスポイント一覧（長与町）,423076_public_wireless_lan,1
420000_長崎県,観光施設一覧（長与町）,423076_tourism,1
420000_長崎県,子育て施設一覧（時津町）,423084_,1
420000_長崎県,AED設置箇所一覧（時津町）,423084_aed,1
420000_長崎県,介護サービス事業所一覧（時津町）,423084_care_service,1
420000_長崎県,文化財一覧（時津町）,423084_cultural_property,1
420000_長崎県,指定緊急避難場所一覧（時津町）,423084_evacuation_space,1
420000_長崎県,消防水利施設一覧（時津町）,423084_fire_hydrant,1
420000_長崎県,医療機関一覧（時津町）,423084_hospital,1
420000_長崎県,公共施設一覧（時津町）,423084_public_facility,1
420000_長崎県,公衆トイレ一覧（時津町）,423084_public_toilet,1
420000_長崎県,公衆無線LANアクセスポイント一覧（時津町）,423084_public_wireless_lan,1
420000_長崎県,観光施設一覧（時津町）,423084_tourism,1
420000_長崎県,医療機関一覧（東彼杵町）,423211_iryoukikan,1
420000_長崎県,観光施設一覧（東彼杵町）,423211_kanko,1
420000_長崎県,子育て施設一覧（東彼杵町）,423211_kosodateshisetsu,1
420000_長崎県,指定緊急避難場所一覧（東彼杵町）,423211_shiteikinkyuhinan,1
420000_長崎県,指定避難所一覧,423220_evacuation_shelter,1
420000_長崎県,指定緊急避難場所一覧,423220_evacuation_space,1
420000_長崎県,医療機関一覧１（医療機関）,423220_iryou,1
420000_長崎県,医療機関一覧２（歯科医院）,423220_iryou2,1
420000_長崎県,観光施設一覧,423220_kankou,1
420000_長崎県,公共施設一覧,423220_koukyousisetu,1
420000_長崎県,公共施設一覧１（庁舎）,423220_koukyousisetu1,1
420000_長崎県,公共施設一覧２（学校施設）,423220_koukyousisetu2,1
420000_長崎県,公共施設一覧４（公園）,423220_koukyousisetu4-1,1
420000_長崎県,公共施設一覧３（その他施設）,423220_koukyousistu3,1
420000_長崎県,子育て施設一覧,423220_preschool,1
420000_長崎県,医療機関一覧（波佐見町）,423238_03,1
420000_長崎県,観光施設一覧（波佐見町）,423238_05,1
420000_長崎県,指定緊急避難場所一覧（波佐見町）,423238_10,1
420000_長崎県,公共施設一覧（波佐見町）,423238_13,1
420000_長崎県,子育て施設一覧（波佐見町）,423238_preschool,1
420000_長崎県,緊急避難場所施設,423831_evacuation_space,1
420000_長崎県,医療施設,423831_iryo,1
420000_長崎県,観光施設,423831_kakou,1
420000_長崎県,公共施設,423831_public_facility,1
420000_長崎県,公共施設一覧,423912_001,1
420000_長崎県,指定緊急避難場所一覧,423912_002,1
420000_長崎県,医療機関一覧,423912_003,1
420000_長崎県,観光施設一覧,423912_004,1
420000_長崎県,子育て施設一覧,423912_006,1
420000_長崎県,町内のAED設置場所一覧,424111_aedshinkamigoto,1
420000_長崎県,新上五島町指定緊急避難場所一覧,424111_hinannbasyo,1
420000_長崎県,新上五島町宿泊施設(Wi-Fi設置)一覧,424111_hotel-wifi,1
420000_長崎県,医療機関一覧,424111_iryokikan01,1
420000_長崎県,新上五島町公共施設一覧,424111_koukyoushisetsu,1
420000_長崎県,子育て施設一覧,424111_preschool,1
420000_長崎県,小学校一覧,424111_shogakkou,1
430005_熊本県,子ども食堂開設状況一覧,430005_00325,3
430005_熊本県,介護老人福祉施設一覧（特別養護老人ホーム・広域型のみ）,430005_00370,2
430005_熊本県,介護老人保健施設一覧,430005_00371,1
430005_熊本県,介護医療院一覧,430005_00372,1
430005_熊本県,特定施設入居者生活介護事業所一覧（介護専用型）,430005_00373,1
430005_熊本県,特定施設入居者生活介護事業所一覧（混合型）,430005_00374,1
430005_熊本県,地域密着型特定施設入居者生活介護事業所一覧,430005_00378,1
430005_熊本県,地域密着型介護老人福祉施設入所者生活介護事業所一覧,430005_00379,2
430005_熊本県,特別養護老人ホーム（広域型＋地域密着型）一覧,430005_00380,2
430005_熊本県,養護老人ホーム一覧,430005_00381,2
430005_熊本県,軽費老人ホーム（ケアハウス）一覧,430005_00382,1
430005_熊本県,経過的軽費老人ホーム（Ａ型・Ｂ型）一覧,430005_00383,1
430005_熊本県,生活支援ハウス一覧,430005_00384,1
430005_熊本県,有料老人ホーム一覧,430005_00387,1
430005_熊本県,地域包括支援センター（熊本市以外）一覧,430005_00391,1
430005_熊本県,在宅介護支援センター,430005_00392,1
430005_熊本県,おでかけ安心トイレ設置施設一覧,430005_00408,1
430005_熊本県,県営有料駐車場一覧,430005_00430,1
430005_熊本県,熊本県介護サービス事業所一覧,430005_01,1
430005_熊本県,熊本県医療機関一覧,430005_02,1
430005_熊本県,熊本県観光施設一覧,430005_04,1
430005_熊本県,熊本県「くまもとフリーWi-Fi」設置箇所一覧,430005_05,2
430005_熊本県,熊本県子育て施設一覧,430005_06,7
430005_熊本県,熊本市_駐輪場一覧,431001_050102,1
430005_熊本県,熊本市_子育て施設一覧（子育て支援センター）,431001_seisaku32,1
430005_熊本県,熊本市_薬局一覧,431001_seisaku35-3,1
430005_熊本県,熊本市_高度管理医療機器等販売業貸与業一覧,431001_seisaku35-5,1
430005_熊本県,八代市文化財一覧,432024_,1
430005_熊本県,八代市AED設置箇所一覧,432024_aed,1
430005_熊本県,八代市駐輪場一覧,432024_bicycle_parking,1
430005_熊本県,八代市介護サービス事業所一覧,432024_care_service,1
430005_熊本県,八代市指定緊急避難場所一覧,432024_evacuation_space,1
430005_熊本県,八代市子育て施設一覧,432024_preschool,1
430005_熊本県,八代市公共施設一覧,432024_public_facility,1
430005_熊本県,八代市公衆トイレ一覧,432024_public_toilet,1
430005_熊本県,八代市公衆無線LAN,432024_public_wireless_lan,1
430005_熊本県,八代市観光施設一覧,432024_tourism,1
430005_熊本県,人吉市指定緊急避難場所一覧,432032_evacuation_space,1
430005_熊本県,人吉市子育て施設一覧,432032_preschool,1
430005_熊本県,人吉市公共施設一覧,432032_public_facility,1
430005_熊本県,人吉市観光施設一覧,432032_tourism,1
430005_熊本県,08_AED設置箇所一覧,432041_aed,1
430005_熊本県,02_荒尾市文化財一覧,432041_bunnkazai,1
430005_熊本県,03_荒尾市避難所一覧,432041_hinanjyo,1
430005_熊本県,10_荒尾市医療機関一覧,432041_iryoukikann,1
430005_熊本県,11_荒尾市観光施設一覧,432041_kankoshisetsu,1
430005_熊本県,01_荒尾市公共施設,432041_kokyoshisetsu,1
430005_熊本県,05_荒尾市子育て施設一覧,432041_kosodatesisetsu,1
430005_熊本県,07_公衆無線LANアクセスポイント,432041_musen,1
430005_熊本県,14_消防水利施設一覧,432041_shobosuiri,1
430005_熊本県,13_公衆トイレ一覧,432041_toilet,1
430005_熊本県,02_指定緊急避難場所一覧(熊本県玉名市),432067_02,2
430005_熊本県,03_公衆無線LANアクセスポイント一覧(熊本県玉名市),432067_03,1
430005_熊本県,04_子育て施設一覧(熊本県玉名市),432067_04,1
430005_熊本県,05_文化財一覧(熊本県玉名市),432067_05,1
430005_熊本県,10_公園情報(熊本県玉名市),432067_10,2
430005_熊本県,11_公衆トイレ一覧(熊本県玉名市),432067_11,1
430005_熊本県,17_投票所一覧(熊本県玉名市),432067_17,1
430005_熊本県,18_観光施設一覧(熊本県玉名市),432067_18,1
430005_熊本県,19_公共施設一覧(熊本県玉名市),432067_19,1
430005_熊本県,20_介護サービス事業者(熊本県玉名市),432067_20,1
430005_熊本県,23_子育て支援センター(熊本県玉名市),432067_23,1
430005_熊本県,24_病児_病後児保育施設(熊本県玉名市),432067_24,1
430005_熊本県,ＡＥＤ設置箇所一覧（公共施設）,432083_aed,2
430005_熊本県,介護サービス事業所一覧,432083_care_service,2
430005_熊本県,指定緊急避難所一覧,432083_hinanjyoichiran,2
430005_熊本県,医療機関一覧,432083_hospital,2
430005_熊本県,子育て施設一覧,432083_kosodateshisetsu,2
430005_熊本県,公共施設一覧,432083_public,1
430005_熊本県,小中学校一覧,432083_school,2
430005_熊本県,図書館一覧,432083_tosyokan,2
430005_熊本県,観光施設一覧,432083_tourism,2
430005_熊本県,指定緊急避難所一覧,432105_hinanjyoichiran,1
430005_熊本県,子育て施設一覧,432105_kosodateshisetsu,1
430005_熊本県,公共施設一覧,432105_public,1
430005_熊本県,観光施設一覧,432105_tourism,1
430005_熊本県,宇土市内公共施設AED保有施設一覧,432113_aed,1
430005_熊本県,宇土市指定緊急避難場所一覧,432113_evacuation_space,1
430005_熊本県,宇土市公共施設一覧,432113_public_facility,1
430005_熊本県,AED設置箇所一覧,432121_aed,3
430005_熊本県,介護サービス事業所一覧,432121_care_service,3
430005_熊本県,文化財一覧,432121_cultural_property,3
430005_熊本県,指定緊急避難場所一覧,432121_evacuation_space,3
430005_熊本県,消防水利施設一覧,432121_fire_hydrant,3
430005_熊本県,医療機関一覧,432121_hospital,3
430005_熊本県,子育て施設一覧,432121_preschool,3
430005_熊本県,公共施設一覧,432121_public_facility,3
430005_熊本県,公衆トイレ,432121_public_toilet_1,3
430005_熊本県,公衆無線LANアクセスポイント,432121_public_wireless_lan_1,3
430005_熊本県,観光施設一覧,432121_tourism,3
430005_熊本県,宇城市_AED 設置箇所一覧,432130_aed,1
430005_熊本県,宇城市_介護サービス事業所一覧,432130_care_service,1
430005_熊本県,宇城市_文化財一覧,432130_cultural_property,2
430005_熊本県,宇城市_指定緊急避難場所一覧,432130_evacuation_space_all,1
430005_熊本県,宇城市_子育て施設一覧,432130_preschool,1
430005_熊本県,宇城市_公共施設一覧,432130_public_facility,1
430005_熊本県,宇城市_公衆トイレ一覧,432130_public_toilet,1
430005_熊本県,宇城市_観光施設一覧,432130_tourism,1
430005_熊本県,AED設置個所一覧,432148_aed,1
430005_熊本県,介護サービス事業所一覧,432148_care_service,1
430005_熊本県,文化財一覧,432148_cultural_property,1
430005_熊本県,防災行政無線一覧,432148_emergency_radio,1
430005_熊本県,指定緊急避難場所一覧,432148_evacuation_space,1
430005_熊本県,医療機関一覧,432148_hospital,1
430005_熊本県,投票所一覧,432148_polling_place,1
430005_熊本県,子育て施設一覧,432148_preschool,1
430005_熊本県,公共施設一覧,432148_public_facility,1
430005_熊本県,公衆トイレ一覧,432148_public_toilet,1
430005_熊本県,公衆無線LANアクセスポイント一覧,432148_public_wireless_lan,2
430005_熊本県,観光施設一覧,432148_tourism,1
430005_熊本県,天草市介護サービス事業所一覧,432156_,1
430005_熊本県,天草市公共施設一覧,432156_amakusa001,1
430005_熊本県,天草市ＡＥＤ設置場所一覧,432156_amakusa002,1
430005_熊本県,天草市指定緊急避難場所一覧,432156_amakusa003,1
430005_熊本県,天草市消防水利施設一覧,432156_amakusa004,1
430005_熊本県,天草市公衆トイレ一覧,432156_amakusa005,1
430005_熊本県,天草市医療機関一覧,432156_amakusa006,1
430005_熊本県,天草市文化財一覧,432156_amakusa009,1
430005_熊本県,天草市子育て施設一覧,432156_amakusa010,1
430005_熊本県,天草市観光施設一覧,432156_amakusa011,1
430005_熊本県,天草市公衆無線LANアクセスポイント一覧,432156_amakusa015,1
430005_熊本県,熊本県美里町 AED設置個所一覧,433489_aed,1
430005_熊本県,熊本県美里町 介護サービス事業所一覧,433489_care_service,1
430005_熊本県,熊本県美里町 文化財一覧,433489_cultural_propety,1
430005_熊本県,熊本県美里町 指定緊急避難場所一覧,433489_evacuation_space,1
430005_熊本県,熊本県美里町 医療機関一覧,433489_hospital,1
430005_熊本県,熊本県美里町 子育て施設一覧,433489_preschool,1
430005_熊本県,熊本県美里町 公共施設一覧,433489_public_facility,1
430005_熊本県,熊本県美里町 公衆トイレ一覧,433489_public_toilet,1
430005_熊本県,熊本県美里町 公衆無線LANアクセスポイント一覧,433489_public_wireless_lan,1
430005_熊本県,熊本県美里町 観光施設一覧,433489_tourism,1
430005_熊本県,指定緊急避難所一覧,433641_hinanjo,1
430005_熊本県,観光施設一覧,433641_kanko,1
430005_熊本県,子育て施設一覧,433641_kosodateshisetsu,1
430005_熊本県,公共施設一覧,433641_koukyousisetu,1
430005_熊本県,観光施設一覧,433675_nankankankou,1
430005_熊本県,指定緊急避難場所一覧,433675_nankankinkyuhinan,1
430005_熊本県,子育て施設一覧,433675_nankankosodateshisetsu,1
430005_熊本県,公共施設一覧,433675_nankankoukyoushisetsu,1
430005_熊本県,和水町AED設置箇所一覧,433691_aed,1
430005_熊本県,和水町_文化財一覧,433691_bunka,1
430005_熊本県,介護サービス事業所一覧,433691_care_service,1
430005_熊本県,和水町_子育て施設一覧,433691_child_care_facilities,1
430005_熊本県,和水町_指定緊急避難場所一覧,433691_evacuation_center,1
430005_熊本県,和水町_消防水利施設一覧,433691_firefightingwater,1
430005_熊本県,和水町_医療機関一覧,433691_medical_facilities,1
430005_熊本県,和水町_公共施設一覧,433691_public_facilities,1
430005_熊本県,和水町_公衆トイレ一覧,433691_toilet,1
430005_熊本県,観光施設一覧,433691_tourist_facilities,1
430005_熊本県,和水町_公衆無線LANアクセスポイント一覧,433691_wi-fi,1
430005_熊本県,大津町指定文化財一覧,434035_bunkazai,1
430005_熊本県,大津町子育て施設一覧,434035_kosodate,1
430005_熊本県,大津町公共施設一覧,434035_public_facilities,1
430005_熊本県,大津町公衆トイレ一覧,434035_toire,1
430005_熊本県,大津町観光施設一覧,434035_tourist_facilities,1
430005_熊本県,菊陽町指定緊急避難所一覧,434043_004,1
430005_熊本県,菊陽町投票所一覧,434043_006,1
430005_熊本県,菊陽町子育て施設一覧,434043_preschool,1
430005_熊本県,観光施設一覧,434248_kankoushisetsu,1
430005_熊本県,子育て施設一覧,434248_kosodate,1
430005_熊本県,公共施設一覧,434248_koukyoushisetsu,1
430005_熊本県,公衆無線LANアクセスポイント一覧,434248_musenlan,1
430005_熊本県,緊急指定避難所一覧,434248_shiteihinanjyo,1
430005_熊本県,高森町のAED設置個所一覧,434281_aed,1
430005_熊本県,高森町の文化財一覧,434281_bunkazai,1
430005_熊本県,高森町の指定緊急避難場所一覧,434281_hinanjo,1
430005_熊本県,高森町の医療機関一覧,434281_iryou,1
430005_熊本県,高森町の介護サービス事業所一覧,434281_kaigo,1
430005_熊本県,高森町の観光施設一覧,434281_kankou,1
430005_熊本県,高森町の子育て施設一覧,434281_kosodate,1
430005_熊本県,高森町の公共施設一覧,434281_koukyou,1
430005_熊本県,高森町の公衆無線ＬＡＮアクセスポイント一覧,434281_musenlan,1
430005_熊本県,高森町の消防水利施設一覧,434281_suiri,1
430005_熊本県,高森町の公衆トイレ一覧,434281_toire,1
430005_熊本県,観光施設一覧,434329_kankou,2
430005_熊本県,子育て施設一覧,434329_kosodate,2
430005_熊本県,指定避難場所・指定緊急避難場所一覧,434329_shiteihinansyo,1
430005_熊本県,公共施設一覧,434329_sisetu,2
430005_熊本県,AED設置箇所一覧,434337_aed,1
430005_熊本県,介護サービス事業所一覧,434337_care_service,1
430005_熊本県,文化財一覧,434337_cultural_property,1
430005_熊本県,指定避難場所一覧,434337_evacuation_space,1
430005_熊本県,消防水利施設一覧,434337_fire_hydrant,1
430005_熊本県,医療機関一覧,434337_hospital,1
430005_熊本県,子育て施設一覧,434337_preschool,1
430005_熊本県,公共施設一覧,434337_public_facility,1
430005_熊本県,公衆無線LANアクセスポイント一覧,434337_public_wireless_lan,1
430005_熊本県,公衆トイレ一覧,434337_toilet,1
430005_熊本県,観光施設一覧,434337_tourism,1
430005_熊本県,益城町AED設置箇所一覧,434434_aed,1
430005_熊本県,益城町介護サービス事業所一覧,434434_care_service,1
430005_熊本県,益城町登録・指定等文化財一覧,434434_cultural_property,1
430005_熊本県,益城町指定緊急避難場所一覧,434434_evacuation_space,1
430005_熊本県,益城町消防水利施設一覧,434434_fire_hydrant,1
430005_熊本県,益城町子育て施設一覧,434434_preschool,1
430005_熊本県,益城町公共施設一覧,434434_public_facility,1
430005_熊本県,益城町公衆トイレ一覧,434434_public_toilet,1
430005_熊本県,益城町観光施設一覧,434434_tourism,1
430005_熊本県,甲佐町指定緊急避難所一覧,434442_hinan,1
430005_熊本県,子育て施設一覧,434442_kosodate,1
430005_熊本県,公共施設一覧,434442_public_facility,2
430005_熊本県,観光施設一覧,434442_tourism,1
430005_熊本県,山都町ＡＥＤ設置箇所一覧,434477_aed,2
430005_熊本県,山都町介護サービス事業所一覧,434477_care_service,2
430005_熊本県,山都町文化財一覧,434477_cultural_property,2
430005_熊本県,山都町指定緊急避難場所一覧,434477_evacuation_space,2
430005_熊本県,山都町消防水利施設一覧,434477_fire_hydrant,2
430005_熊本県,山都町医療機関一覧,434477_hospital,2
430005_熊本県,山都町子育て施設一覧,434477_preschool,2
430005_熊本県,山都町公共施設一覧,434477_public_facility,2
430005_熊本県,山都町公衆トイレ一覧,434477_public_toilet,2
430005_熊本県,山都町公衆無線LANアクセスポイント一覧,434477_public_wireless_lan,2
430005_熊本県,山都町観光施設一覧,434477_tourism,2
430005_熊本県,AED設置箇所一覧,434680_aed,1
430005_熊本県,介護サービス事業所一覧,434680_care_service,1
430005_熊本県,文化財一覧,434680_cultural_property,1
430005_熊本県,指定緊急避難場所一覧,434680_evacuation_space,1
430005_熊本県,医療機関一覧,434680_hospital,1
430005_熊本県,子育て施設一覧,434680_preschool,1
430005_熊本県,公共施設一覧,434680_public_facility,1
430005_熊本県,公衆トイレ一覧,434680_public_toilet,1
430005_熊本県,観光施設一覧,434680_tourism,1
430005_熊本県,芦北町_AED設置箇所一覧,434825_aed,1
430005_熊本県,芦北町_介護サービス事業所一覧,434825_care_service,1
430005_熊本県,芦北町_文化財一覧,434825_cultural_property,2
430005_熊本県,芦北町_指定緊急避難所一覧,434825_evacuation_space,1
430005_熊本県,芦北町_医療機関一覧,434825_hospital,1
430005_熊本県,芦北町_子育て施設一覧,434825_preschool,2
430005_熊本県,芦北町_公共施設一覧,434825_public_facility,2
430005_熊本県,芦北町_公衆トイレ一覧,434825_public_toilet,1
430005_熊本県,芦北町_公衆無線LANアクセスポイント一覧,434825_public_wireless_lan,1
430005_熊本県,芦北町_観光施設一覧,434825_tourism,1
430005_熊本県,津奈木町_防火水槽一覧,434841_boukasuisou,1
430005_熊本県,津奈木町_公共施設一覧,434841_open1,1
430005_熊本県,津奈木町_消防水利施設一覧,434841_open14,1
430005_熊本県,津奈木町_指定緊急避難場所一覧,434841_open2,1
430005_熊本県,津奈木町_子育て施設一覧,434841_open4,1
430005_熊本県,津奈木町_観光施設一覧,434841_open5,1
430005_熊本県,津奈木町_文化財一覧,434841_open7,1
430005_熊本県,津奈木町_AED設置箇所一覧,434841_open8,1
430005_熊本県,津奈木町_消火栓一覧,434841_syokasen,1
430005_熊本県,錦町　指定緊急避難場所一覧,435015_hinan,1
430005_熊本県,錦町　子育て施設一覧,435015_kosodate,1
430005_熊本県,錦町　公共施設一覧,435015_koukyoushisetu,1
430005_熊本県,錦町　観光施設一覧,435015_tourism,1
440001_大分県,AED設置状況一覧,440001_aed,2
440001_大分県,指定文化財分布,440001_bunkazai,1
440001_大分県,介護保険指定事業所一覧,440001_care_service,2
440001_大分県,公衆無線Wi-Fi（おんせんおおいたWi-Fi）設置箇所一覧,440001_freewifi,2
440001_大分県,介護保険指定事業所一覧（複合型サービス事業所（看護小規模多機能型居宅介護事業所））,440001_fukugougatasaabisu,1
440001_大分県,福祉避難所指定一覧,440001_fukushihinansyoshitei,1
440001_大分県,発達障がいの診断等の対応が可能な医療機関リスト,440001_hattatuiryou,1
440001_大分県,介護保険指定事業所一覧（訪問看護事業所　ステーション以外）,440001_homonkangojigyousyo-suteisyonigai,1
440001_大分県,介護保険指定事業所一覧（訪問入浴介護事業所）,440001_houmonnyuuyokukaigojigyousyo,1
440001_大分県,介護保険指定事業所一覧（訪問リハビリテーション事業所）,440001_houmonrihabiri,1
440001_大分県,指定自立支援医療機関リスト,440001_jiritsusien,2
440001_大分県,特別保護樹木・樹木、巨樹巨木分布,440001_jyumoku,2
440001_大分県,介護保険指定事業所一覧（介護医療院）,440001_kaigoiryouin,1
440001_大分県,介護保険指定事業所一覧（介護予防福祉用具貸与事業所）,440001_kaigoyoboufukushiyougutaiyo,1
440001_大分県,介護保険指定事業所一覧（介護予防訪問入浴介護事業所）,440001_kaigoyobouhoumonnyuuyokukaigo,1
440001_大分県,介護保険指定事業所一覧（介護予防居宅療養管理指導事業所）,440001_kaigoyoboukyotakuryouyoukanrishidou,1
440001_大分県,介護保険指定事業所一覧（介護予防認知症対応型通所介護事業所）,440001_kaigoyobounintisyoutaiougatatuusyokaigo,1
440001_大分県,介護保険指定事業所一覧（介護予防小規模多機能型居宅介護事業所）,440001_kaigoyobousyoukibotakinougatakyotakukaigo,1
440001_大分県,介護保険指定事業所一覧（介護予防特定施設入居者生活介護事業所）,440001_kaigoyoboutokuteishisetunyuukyosyaseikatukaigo,1
440001_大分県,公衆浴場営業許可施設一覧,440001_koushuuyokujou_business,1
440001_大分県,介護保険指定事業所一覧（居宅介護支援事業所）,440001_kyotakukaigoshien,1
440001_大分県,介護保険指定事業所一覧（居宅療養管理指導事業所）,440001_kyotakuryouyoukanrishidou,1
440001_大分県,子育て施設一覧,440001_preschool,2
440001_大分県,大分県有財産一覧（公共施設一覧）,440001_public_facility,2
440001_大分県,施術所一覧,440001_sejutsusho,1
440001_大分県,介護保険指定事業所一覧（短期入所療養介護事業所）,440001_tankinyuusyoryouyoukaigo,1
440001_大分県,地域包括支援センター一覧,440001_tiikihoukatushien,1
440001_大分県,介護保険指定事業所一覧（特定福祉用具販売事業所）,440001_tokuteifukushiyouguhanbai,1
440001_大分県,介護保険指定事業所一覧（特定介護予防福祉用具販売事業所）,440001_tokuteikaigoyoboufukushiyouguhanbai,1
440001_大分県,介護保険指定事業所一覧（特定施設入居者生活介護事業所）,440001_tokuteishisetunyuukyosyaseikatukaigo,1
440001_大分県,津波避難ビル一覧,440001_tunamibuild,1
440001_大分県,介護保険指定事業所一覧（通所介護事業所）,440001_tuusyokaigojigyousyo,1
440001_大分県,介護保険指定事業所一覧（通所リハビリテーション事業所）,440001_tuusyorihabiri,1
440001_大分県,介護保険指定事業所一覧（夜間対応型訪問介護事業所）,440001_yakantaiougatakaigo,1
440001_大分県,大分市営駐輪場一覧,442011_bicycleparkinglot,2
440001_大分県,CKD病診連携システム協力医療機関,442011_ckd_hospital,1
440001_大分県,指定緊急避難場所一覧,442011_evacuation_space,1
440001_大分県,保育所の概況,442011_nursery_school,1
440001_大分県,保育施設入所申込,442011_nursery_school_application,1
440001_大分県,公共施設白書,442011_public_facility,1
440001_大分県,指定避難所一覧,442011_shelter,1
440001_大分県,津波避難ビル一覧,442011_tsunami_evacuation,1
440001_大分県,津波避難場所一覧,442011_tsunami_shelter,1
440001_大分県,別府市 指定緊急避難場所一覧,442020_hinan,1
440001_大分県,別府市　公共施設一覧,442020_public,1
440001_大分県,中津市指定緊急避難場所一覧,442038_hinan,1
440001_大分県,中津市公共施設一覧,442038_public,1
440001_大分県,公共施設一覧,442046_public_facility,1
440001_大分県,佐伯市 指定緊急避難場所一覧,442054_hinan,4
440001_大分県,佐伯市公共施設一覧,442054_public,2
440001_大分県,臼杵市　指定緊急避難場所一覧,442062_hinan,1
440001_大分県,臼杵市　公共施設一覧,442062_public,1
440001_大分県,津久見市AED設置箇所一覧,442071_aed,1
440001_大分県,津久見市指定緊急避難場所一覧,442071_hinan,1
440001_大分県,津久見市公共施設一覧,442071_public_facility,1
440001_大分県,竹田市　AED設置箇所一覧,442089_aed,1
440001_大分県,竹田市_文化財一覧,442089_cultural_property,1
440001_大分県,竹田市_指定避難所一覧,442089_hinan,1
440001_大分県,竹田市_投票所一覧,442089_polling_place,1
440001_大分県,竹田市_公共施設一覧,442089_public_facility,1
440001_大分県,竹田市_公衆無線LANアクセスポイント一覧,442089_public_wireless_lan,1
440001_大分県,竹田市　公衆トイレ一覧,442089_publictoilet,1
440001_大分県,竹田市　観光施設一覧,442089_touristfacilities,1
440001_大分県,豊後高田市　指定緊急避難所,442097_hinan,1
440001_大分県,公共施設一覧,442097_public_facility,1
440001_大分県,杵築市公共施設一覧,442101_public,1
440001_大分県,杵築市立小学校,442101_public10,1
440001_大分県,杵築市立中学校,442101_public11,1
440001_大分県,医療機関一覧,442101_public20,1
440001_大分県,杵築市観光施設一覧,442101_public60,1
440001_大分県,杵築市投票区投票所一覧,442101_public81,1
440001_大分県,杵築市指定緊急避難場所データ,442101_siteihinanbasho,1
440001_大分県,宇佐市のAED設置箇所一覧,442119_aed,2
440001_大分県,宇佐市の介護サービス事業所一覧,442119_care_service,1
440001_大分県,宇佐市指定緊急避難場所一覧,442119_hinan,2
440001_大分県,宇佐市の医療機関一覧,442119_hospitaol2022,1
440001_大分県,宇佐市の子育て施設一覧,442119_preschool2022,1
440001_大分県,宇佐市の公共施設一覧,442119_public_facility,3
440001_大分県,宇佐市の公衆無線LANアクセスポイント一覧,442119_public_lan,2
440001_大分県,宇佐市の観光施設一覧,442119_tourism,2
440001_大分県,豊後大野市　指定緊急避難場所一覧,442127_hinan,1
440001_大分県,豊後大野市　公共施設一覧,442127_public2,1
440001_大分県,介護サービス事業所一覧,442135_care_service,1
440001_大分県,文化財一覧,442135_cultural_property,1
440001_大分県,由布市指定緊急避難場所一覧,442135_hinan2,1
440001_大分県,子育て施設一覧,442135_preschool,1
440001_大分県,由布市公共施設一覧,442135_public_facility,1
440001_大分県,公衆無線LANアクセスポイント一覧,442135_public_wireless_lan,1
440001_大分県,AED設置場所,442143_aed,1
440001_大分県,国東市指定緊急避難場所一覧,442143_hinanbasyo,1
440001_大分県,国東市公共施設一覧,442143_public_facility,1
440001_大分県,公衆無線ＬＡＮアクセスポイント一覧,442143_public_wireless_lan,1
440001_大分県,姫島村　指定緊急避難場所一覧,443221_hinan,1
440001_大分県,姫島村　公共施設一覧,443221_public,1
440001_大分県,日出町　子育て施設一覧,443417_,1
440001_大分県,日出町の介護サービス事業所,443417__care_service,1
440001_大分県,日出町の指定緊急避難場所,443417_evacuation_space,1
440001_大分県,日出町 公共施設一覧,443417_public,1
440001_大分県,日出町が管理する公衆トイレ一覧,443417_public_toilet,1
440001_大分県,日出町の指定避難所,443417_shiteihinanjo01,1
440001_大分県,九重町 指定緊急避難場所一覧,444618_hinan,1
440001_大分県,九重町 公共施設一覧,444618_kokyoshisetsu,1
440001_大分県,玖珠町　  指定緊急避難場所一覧,444626_hinan,1
440001_大分県,玖珠町　指定避難所一覧,444626_hinansyo,1
440001_大分県,玖珠町公共施設,444626_public,1
450006_宮崎県,農林水産物直売所一覧,450006_1008,1
450006_宮崎県,救急医療機関一覧,450006_1058,6
450006_宮崎県,生活保護法指定歯科機関,450006_1067,1
450006_宮崎県,生活保護法指定薬局機関,450006_1068,1
450006_宮崎県,小規模保育事業等一覧,450006_1080,2
450006_宮崎県,宮崎県の県指定文化財,450006_418,2
450006_宮崎県,福祉避難所一覧,450006_533,1
450006_宮崎県,管内医療機関一覧,450006_536,9
450006_宮崎県,医療機関一覧,450006_539,6
450006_宮崎県,管内医療機関一覧（日向保健所）,450006_544,3
450006_宮崎県,関連施設等（療養介護）,450006_570,1
450006_宮崎県,関連施設等（生活介護）,450006_571,1
450006_宮崎県,生活保護法指定医療機関,450006_973,1
450006_宮崎県,医療機関一覧,450006_985,1
450006_宮崎県,宮崎市内のAED設置場所一覧,452017_aed,1
450006_宮崎県,宮崎市の文化財一覧,452017_bunkazai,1
450006_宮崎県,宮崎市立中学校の生徒数一覧,452017_chuugakkou,1
450006_宮崎県,宮崎市の津波避難ビル一覧,452017_hinanbldg,1
450006_宮崎県,宮崎市の指定避難所一覧,452017_hinanjo,1
450006_宮崎県,宮崎市内の保育所・こども園等の施設一覧,452017_hoikusho,1
450006_宮崎県,宮崎市児童館・児童センター一覧,452017_jidou_kan_jidou_center,1
450006_宮崎県,宮崎市交流センター等一覧,452017_kouminkan,1
450006_宮崎県,宮崎市立小学校の児童数一覧,452017_shougakkou,1
450006_宮崎県,宮崎市地域子育て支援センター一覧,452017_tiiki_kosodate_shien_center,1
450006_宮崎県,AED設置施設一覧（市の公共施設）,452025_aed_list,1
450006_宮崎県,文化財一覧,452025_bunkazai_list,1
450006_宮崎県,都城市　認可保育・教育施設等一覧,452025_hoikushotou,2
450006_宮崎県,都城市　児童館一覧,452025_jidoukan,2
450006_宮崎県,介護サービス事業所一覧,452025_kaigoservice_list,1
450006_宮崎県,都城市　子育て支援センター一覧,452025_kosodatesienc,2
450006_宮崎県,都城市　市内高等学校一覧,452025_koukou,2
450006_宮崎県,都城市　小学校・中学校一覧,452025_shoutyuugakkou,2
450006_宮崎県,AED設置箇所一覧(公共施設),452033_aed,1
450006_宮崎県,市立小・中・義務教育学校の住所一覧,452033_gakoujyusyo,1
450006_宮崎県,子育て支援拠点施設一覧,452033_kododatesiensisetu,1
450006_宮崎県,市内スポーツ施設一覧,452033_supo-tu,1
450006_宮崎県,日南市集計（健康・福祉）,452041_20250601025,3
450006_宮崎県,Kobayashi City Wi-Fiサービス情報,452050_02,1
450006_宮崎県,日向市公共Wi-Fiアクセスポイント一覧,452068_,1
450006_宮崎県,指定緊急避難場所・指定避難所一覧,452068_bosa2201_002_hinanjyo,1
450006_宮崎県,観光施設一覧,452068_kankou_2201_002_sisetu,1
450006_宮崎県,AED設置施設一覧,452068_kenkou_2201_001_aed,1
450006_宮崎県,認可保育所・認定こども園・幼稚園・認可外保育施設一覧,452068_kodomo2201_004_houikusyo,1
450006_宮崎県,地域包括支援センター・介護サービス事業所一覧,452068_kourei_2201_001_sisetu,1
450006_宮崎県,指定文化財,452068_kyosou_2201_001_bunkazai,1
450006_宮崎県,日向市公園一覧,452068_shigaichiseibi_2201_001_kouen,1
450006_宮崎県,公立公民館一覧,452068_syougaigakusyu_2201_001_kouminkan,1
450006_宮崎県,放課後子ども教室一覧,452068_syougaigakusyu_2201_003_houkago,1
450006_宮崎県,公衆無線LANアクセスポイント一覧,452076_public_wireless_lan,1
450006_宮崎県,避難場所一覧,452092_10_evacuation_space,1
450006_宮崎県,子育て施設一覧,452092_13_preschool,1
450006_宮崎県,医療機関一覧,452092_3_hospital,1
450006_宮崎県,公衆無線LANアクセスポイント,452092_7_public_wireless_lan,1
450006_宮崎県,文化財一覧,454028_cultural_property,1
450006_宮崎県,指定緊急避難場所一覧,454028_evacuation_space,1
450006_宮崎県,子育て施設一覧,454028_preschool,1
450006_宮崎県,公共施設一覧,454028_public_facility,1
450006_宮崎県,介護サービス一覧,454052_care_service,1
450006_宮崎県,消防水利施設一覧,454052_fire_hydrant,1
450006_宮崎県,子育て施設一覧,454052_preschool,1
450006_宮崎県,公共施設一覧,454052_public_facility,1
460001_鹿児島県,病児保育施設一覧,460001_byouji_20220501,1
460001_鹿児島県,児童養護施設一覧,460001_jidouyougo041001,2
460001_鹿児島県,鹿児島県所管有料老人ホーム及び有料老人ホームに該当するサービス付き高齢者向け住宅一覧,460001_kgod023,1
460001_鹿児島県,鹿児島県所管軽費老人ホーム一覧,460001_kgod024,1
460001_鹿児島県,児童館・児童センター・児童遊園一覧,460001_zidoukanntou_r41001,1
460001_鹿児島県,AED設置施設（国・県）,462012_aed-kuniken,1
460001_鹿児島県,AED設置施設（市）,462012_aed-shi,1
460001_鹿児島県,中学校,462012_chugaku,1
460001_鹿児島県,避難所,462012_hinanjyo,1
460001_鹿児島県,地域包括支援センター,462012_hokatsushien,1
460001_鹿児島県,介護施設ボランティアポイント登録事業所一覧,462012_kaigovolunteer,1
460001_鹿児島県,官公庁・公共施設（官公庁）,462012_kankocho,1
460001_鹿児島県,官公庁・公共施設（公民館等）,462012_kankocho-kominkan,1
460001_鹿児島県,官公庁・公共施設（教育・文化施設）,462012_kankocho-kyoikubunka,1
460001_鹿児島県,官公庁・公共施設（その他）,462012_kankocho-sonota,1
460001_鹿児島県,官公庁・公共施設（スポーツ施設）,462012_kankocho-sports,1
460001_鹿児島県,子育て支援施設（ちびっこ広場）,462012_kosodate-chibikko,1
460001_鹿児島県,子育て支援施設（地域子育て支援センター）,462012_kosodate-chiiki,1
460001_鹿児島県,子育て支援施設（保育所）,462012_kosodate-hoikusho,1
460001_鹿児島県,子育て支援施設（児童クラブ）,462012_kosodate-jidoclub,1
460001_鹿児島県,子育て支援施設（その他）,462012_kosodate-sonota,1
460001_鹿児島県,教育施設（中学校）,462012_kyoiku-chugaku,1
460001_鹿児島県,教育施設（高等学校）,462012_kyoiku-koukou,1
460001_鹿児島県,教育施設（小学校）,462012_kyoiku-shogaku,1
460001_鹿児島県,教育施設（特別支援学校）,462012_kyoiku-tokubetsu,1
460001_鹿児島県,教育施設（幼稚園）,462012_kyoiku-yochien,1
460001_鹿児島県,マンホールトイレ設置場所,462012_manholetoire,1
460001_鹿児島県,敬老パスの提示による公共施設の入館料等の減免施設一覧,462012_nyuukannryoutougenmen,1
460001_鹿児島県,小学校,462012_shogaku,1
460001_鹿児島県,その他保健・医療関係機関,462012_sonotahokenkikan,1
460001_鹿児島県,投票所,462012_tohyojo,1
460001_鹿児島県,自転車等駐車場等,462012_tyurinjo,1
460001_鹿児島県,AED設置施設（民間）,46201_aed-minkan,1
460001_鹿児島県,公園,46201_koen,1
460001_鹿児島県,鹿屋市　介護サービス事業所一覧,462039_care_service,1
460001_鹿児島県,鹿屋市　指定緊急避難場所一覧,462039_evacuation_space,1
460001_鹿児島県,鹿屋市　公共施設一覧,462039_public_facility,1
460001_鹿児島県,鹿屋市　公衆無線LANアクセスポイント一覧,462039_wirelesslan,1
460001_鹿児島県,指定緊急避難場所一覧,462080_evacuation_space,1
460001_鹿児島県,医療機関一覧,462080_hospital,1
460001_鹿児島県,子育て施設一覧,462080_preschool,1
460001_鹿児島県,垂水市　AED設置箇所一覧,462144_aed_2019,1
460001_鹿児島県,垂水市　介護サービス事業所一覧,462144_care_service_2019,1
460001_鹿児島県,垂水市　文化財一覧,462144_cultural_property_2019,1
460001_鹿児島県,垂水市　指定緊急避難場所一覧,462144_evacuation_space_2019,1
460001_鹿児島県,垂水市　消防水利施設一覧,462144_fire_hydrant_2019,1
460001_鹿児島県,垂水市　医療機関一覧,462144_hospital_2019,1
460001_鹿児島県,垂水市　子育て施設一覧,462144_preschool_2019,1
460001_鹿児島県,垂水市　公衆トイレ一覧,462144_public_toilet_2019,1
460001_鹿児島県,文化施設,462152_bunkashisetsu,1
460001_鹿児島県,介護事業所,462152_kaigojigyousho,3
460001_鹿児島県,環境施設,462152_kankyoshisetsu,1
460001_鹿児島県,指定避難所一覧,462152_shiteihinanjyo,1
460001_鹿児島県,市役所及び支所,462152_shiyakusyo,1
460001_鹿児島県,投票所,462152_touhyouzyo,1
460001_鹿児島県,AED設置個所一覧,462187_aed,3
460001_鹿児島県,介護サービス事業所一覧,462187_care_service,2
460001_鹿児島県,文化財一覧,462187_cultural_property-cleaned,3
460001_鹿児島県,指定緊急避難場所一覧,462187_evacuation_space,4
460001_鹿児島県,消防水利施設一覧,462187_fire_hydrant,2
460001_鹿児島県,医療機関一覧,462187_hospital,2
460001_鹿児島県,子育て施設一覧,462187_preschool,2
460001_鹿児島県,公衆無線LANアクセスポイント一覧,462187_public_wireless_lan,3
460001_鹿児島県,観光施設一覧,462187_tourism,1
460001_鹿児島県,AED設置個所一覧,462209_aed,1
460001_鹿児島県,消防水利施設,462209_firehydrant,1
460001_鹿児島県,公衆無線ＬＡＮアクセスポイント一覧,462209_public_wireless_lan,1
460001_鹿児島県,志布志市　避難場所一覧,462217_20200221_hiannnbasyoitirann,1
460001_鹿児島県,AED設置個所一覧,462217_aedlist,1
460001_鹿児島県,志布志市指定の介護保険サービス事業所,462217_kaigo2020,1
460001_鹿児島県,公衆無線LANアクセスポイント一覧（令和３年）,462217_musenlan,1
460001_鹿児島県,公衆トイレ一覧,462217_public_toilet,1
460001_鹿児島県,公衆無線LANアクセスポイント一覧（令和６年４月）,462217_public_wireless_lan,1
460001_鹿児島県,公衆無線LANアクセスポイント一覧（令和７年）,462217_r7_public_wireless_lan,1
460001_鹿児島県,観光施設一覧,462217_tourist-facilities,1
460001_鹿児島県,指定文化財一覧,462218_,1
460001_鹿児島県,AED設置箇所一覧,462225_aed,1
460001_鹿児島県,介護サービス事業所一覧,462225_careservice,1
460001_鹿児島県,指定緊急避難場所一覧,462225_evacuation_space,1
460001_鹿児島県,医療機関一覧,462225_hospital,1
460001_鹿児島県,子育て施設一覧,462225_preschool,1
460001_鹿児島県,文化財一覧,462225_property,1
460001_鹿児島県,公共施設一覧,462225_public,1
460001_鹿児島県,公衆トイレ一覧,462225_public_toilet_dokuji,1
460001_鹿児島県,公衆無線LANアクセスポイント一覧,462225_public_wireless_lan,1
460001_鹿児島県,南九州市　介護サービス事業所一覧,462233_care_service,1
460001_鹿児島県,南九州市　文化財一覧,462233_culturalproperty,1
460001_鹿児島県,南九州市　指定緊急避難場所一覧,462233_evacuation_center,1
460001_鹿児島県,南九州市　消防水利施設一覧,462233_firehydrant,1
460001_鹿児島県,南九州市　医療機関一覧,462233_hospital,1
460001_鹿児島県,南九州市　子育て施設一覧,462233_preschool,1
460001_鹿児島県,南九州市　公共施設一覧,462233_public_facility,1
460001_鹿児島県,南九州市　公衆トイレ一覧,462233_public_toilet,1
460001_鹿児島県,南九州市　公衆無線LANアクセスポイント一覧,462233_public_wireless_lan,1
460001_鹿児島県,南九州市　観光施設一覧,462233_tourism,1
460001_鹿児島県,AED設置箇所一覧,462250_aed,2
460001_鹿児島県,文化財一覧,462250_cultural_property,1
460001_鹿児島県,指定緊急避難場所一覧,462250_hinan20200312,2
460001_鹿児島県,医療機関一覧,462250_hospital_20200312,2
460001_鹿児島県,介護サービス事業所一覧,462250_kaigo_20200312,2
460001_鹿児島県,子育て施設一覧,462250_preschool20200312,2
460001_鹿児島県,公共施設一覧,462250_public_facility20200312-2,1
460001_鹿児島県,公衆トイレ一覧,462250_toilet20200312,2
460001_鹿児島県,観光施設一覧,462250_tourism20200312,2
460001_鹿児島県,長島町 指定緊急避難場所一覧,464040_hinan,1
460001_鹿児島県,福祉避難所一覧　【大崎町】,464686_hinanjo,1
460001_鹿児島県,指定緊急避難場所一覧【大崎町】,464686_hinanjo003,1
460001_鹿児島県,東串良町　避難場所一覧等,464821_hinan,4
460001_鹿児島県,錦江町の指定緊急避難場所一覧,464902_evacuation_space,1
460001_鹿児島県,南大隅町投票所,464911_,1
460001_鹿児島県,南大隅町　指定緊急避難場所,464911_hinan20200201,1
460001_鹿児島県,肝付町　観光施設一覧,464929_,1
460001_鹿児島県,肝付町AED設置個所一覧,464929_aed01,1
460001_鹿児島県,肝付町　文化財一覧,464929_cultural_property,1
460001_鹿児島県,肝付町　指定緊急避難場所一覧,464929_evacuation_space,1
460001_鹿児島県,肝付町　医療機関一覧,464929_iryou01,1
460001_鹿児島県,肝付町　子育て支援施設一覧,464929_preschool,1
460001_鹿児島県,肝付町　公共施設一覧,464929_public_facility,1
460001_鹿児島県,肝付町　公衆トイレ一覧,464929_toire02,1
460001_鹿児島県,肝付町　公衆無線LANアクセスポイント一覧,464929_wi-fi,2
460001_鹿児島県,指定緊急避難場所一覧,465011_hinan,1
460001_鹿児島県,医療機関一覧,465011_iryou,1
460001_鹿児島県,公衆無線LANアクセスポイント一覧,465011_kousyuumusen,1
460001_鹿児島県,南種子町　AED設置箇所,465020_aed,1
460001_鹿児島県,南種子町　文化財,465020_cultural,1
460001_鹿児島県,南種子町　公衆無線LANアクセスポイント,465020_lanap,1
460001_鹿児島県,南種子町　公衆トイレ,465020_public_toilets,1
460001_鹿児島県,南種子町　指定緊急避難場所,465020_shiteihinan,1
460001_鹿児島県,南種子町　観光施設,465020_tourist_facilities,1
460001_鹿児島県,AED設置個所一覧,465348_aed,1
470007_沖縄県,沖縄県公衆無線LANアクセスポイント一覧（Be.Okinawa Free Wi-Fi）,470007_beokinawa,2
470007_沖縄県,沖縄県文化財一覧,470007_bunkazai,3
470007_沖縄県,沖縄県指定介護サービス施設・事業所一覧,470007_care_service_20250909,2
470007_沖縄県,美ら島おきなわ・花と緑の名所100選一覧,470007_hanamidorimeisho,1
470007_沖縄県,沖縄県医療機関一覧,470007_okinawakeniryoukikan,2
470007_沖縄県,沖縄県　子育て施設一覧,470007_preschool,2
470007_沖縄県,沖縄県公営駐車場一覧,470007_public-parking-lots-list,1
470007_沖縄県,沖縄県公共施設一覧,470007_shisetsu,2
470007_沖縄県,防災行政無線一覧,472018_bousai_radio,1
470007_沖縄県,介護保険指定事業者一覧,472018_care_service,2
470007_沖縄県,指定緊急避難場所,472018_emergency_evacuation,1
470007_沖縄県,指定避難所,472018_evacuation_space,1
470007_沖縄県,津波一時緊急避難場所,472018_evacuationspace_tsunami,1
470007_沖縄県,消防水利施設（防火水槽）一覧,472018_fire_hydrant,1
470007_沖縄県,那覇市公衆無線LAN利用エリア一覧,472018_freewifi_kankou,1
470007_沖縄県,子育て施設一覧,472018_kosodate,1
470007_沖縄県,公衆トイレ一覧,472018_public_toilet,1
470007_沖縄県,公共施設一覧,472018_sisetu,1
470007_沖縄県,広域避難場所,472018_widearea_ecacuationspace,1
470007_沖縄県,介護サービス事業所一覧,472077_care_service,1
470007_沖縄県,子育て施設一覧,472077_preschool,1
470007_沖縄県,公共施設一覧,472077_public_facility,1
470007_沖縄県,指定緊急避難所一覧,472093_,1
470007_沖縄県,AED設置場所,472093_aed,1
470007_沖縄県,公衆無線Wi-Fi,472093_public_wireless_lan,1
470007_沖縄県,介護施設,47209_care,1
470007_沖縄県,【糸満市】指定緊急避難場所一覧,472107_evacuation_space,1
470007_沖縄県,指定緊急避難場所一覧データ,472115_1,5
470007_沖縄県,地域包括支援センター一覧データ,472115_11,5
470007_沖縄県,市立小学校・中学校一覧データ,472115_13,3
470007_沖縄県,放課後児童クラブ・児童館一覧データ,472115_14,7
470007_沖縄県,津波避難施設・津波避難場所一覧データ,472115_18,5
470007_沖縄県,保育施設一覧データ,472115_19,3
470007_沖縄県,指定避難場所一覧データ,472115_2,2
470007_沖縄県,幼稚園一覧データ,472115_20,2
470007_沖縄県,AED設置箇所一覧データ,472115_5,5
470007_沖縄県,公民館一覧データ,472115_7,3
470007_沖縄県,文化・生涯学習施設一覧データ,472115_8,5
470007_沖縄県,スポーツ施設一覧データ,472115_9,4
470007_沖縄県,介護サービス事業所一覧データ,472115_care_service_20241201,2
470007_沖縄県,消防水利施設一覧データ,472115_fire_hydrant_20241201,1
470007_沖縄県,医療機関一覧データ,472115_hospital,2
470007_沖縄県,公園・緑地一覧データ,472115_kouenryokuti_public_facility,2
470007_沖縄県,投票所一覧データ,472115_polling_place_20250401,1
470007_沖縄県,公衆トイレ一覧データ,472115_public_toilet,2
470007_沖縄県,指定避難所一覧データ,472115_siteihinanjo_20231201,3
470007_沖縄県,観光施設一覧データ,472115_tourism_20241201,1
470007_沖縄県,指定緊急避難場所一覧,472123_evacuation_space,1
470007_沖縄県,指定緊急避難場所一覧,472131_003,1
470007_沖縄県,指定緊急避難場所一覧,472140_evacuation_space_,2
470007_沖縄県,南城市AED設置場所一覧,472158_aed,1
470007_沖縄県,南城市文化財一覧,472158_cultural_property,1
470007_沖縄県,南城市指定緊急避難場所一覧,472158_evacuation_space,1
470007_沖縄県,南城市飲食店登録一覧,472158_food_business_all,1
470007_沖縄県,南城市医療機関一覧,472158_hospital,1
470007_沖縄県,大宜味村AED設置箇所一覧,473022_aed,1
470007_沖縄県,大宜味村介護サービス事業所一覧,473022_care_service,1
470007_沖縄県,大宜味村文化財一覧,473022_cultural,1
470007_沖縄県,大宜味村の指定緊急避難場所一覧,473022_evacuation_space,1
470007_沖縄県,大宜味村消防水利施設一覧,473022_fire_hydrant,1
470007_沖縄県,大宜味村医療機関一覧,473022_hospital,1
470007_沖縄県,大宜味村子育て施設一覧,473022_preschool,1
470007_沖縄県,大宜味村公共施設一覧,473022_public_facility,1
470007_沖縄県,大宜味村公衆トイレ一覧,473022_public_toilet,1
470007_沖縄県,大宜味村観光施設一覧,473022_tourism,1
470007_沖縄県,大宜味村公衆無線LANアクセスポイント一覧,473022_wireless_lan,1
470007_沖縄県,指定緊急避難場所一覧,473031_evacuation_space2024,1
470007_沖縄県,指定緊急避難所一覧,473081_evacuation_space,1
470007_沖縄県,AED設置場所,473138_aed,1
470007_沖縄県,指定緊急避難場所,473138_evacuation_space,1
470007_沖縄県,指定福祉避難所,473138_evacuation_space_hukushihinannsho,1
470007_沖縄県,指定一般避難所,473138_evacuation_space_shiteihinansho,1
470007_沖縄県,指定緊急避難場所一覧,473146_,1
470007_沖縄県,読谷村　AED設置場所一覧,473243_aed,1
470007_沖縄県,指定緊急避難場所＿避難ビル,473243_evacuation_space_biru,1
470007_沖縄県,指定緊急避難場所＿指定避難所,473243_evacuation_space_hinan,1
470007_沖縄県,指定緊急避難場所＿福祉避難所,473243_evacuation_space_hukushi,1
470007_沖縄県,指定緊急避難場所＿指定緊急避難場所,473243_evacuation_space_kinkyu,1
470007_沖縄県,指定緊急避難場所＿広域避難場所,473243_evacuation_space_kouiki,1
470007_沖縄県,自治公民館一覧表,473243_kouminkan,1
470007_沖縄県,読谷村　認可外保育所,473243_ninkagaihoikusyo1,1
470007_沖縄県,読谷村　認可公立保育所,473243_ninkakouritsu,1
470007_沖縄県,公共施設,473243_public_facility,2
470007_沖縄県,公衆無線LANアクセスポイント,473243_public_wireless_lan,1
470007_沖縄県,読谷村　私立幼稚園,473243_shiritsuyouchien,1
470007_沖縄県,指定緊急避難場所一覧,473247_evacuation_space,1
470007_沖縄県,AED設置個所一覧,473260_aed,1
470007_沖縄県,介護サービス事業所一覧,473260_care_services,1
470007_沖縄県,指定緊急避難場所,473260_evacuation,1
470007_沖縄県,子育て施設一覧,473260_hoiku,1
470007_沖縄県,AED設置場所,473278_aed,1
470007_沖縄県,子育て施設一覧,473278_kitanakagusuku_preschool,1
470007_沖縄県,公衆トイレ一覧,473278_public_toilet,1
470007_沖縄県,公衆無線LANアクセスポイント,473278_public_wireless_lan,1
470007_沖縄県,観光施設一覧,473278_tourism,1
470007_沖縄県,文化財一覧,47327_cultural,1
470007_沖縄県,ＡＥＤ設置箇所一覧,473286_aed,1
470007_沖縄県,西原町AED設置施設台帳,473294_2,1
470007_沖縄県,西原町指定緊急避難場所一覧,473294_3,1
470007_沖縄県,与那原町AED一覧,473481_aed01,1
470007_沖縄県,与那原町緊急指定避難場所,473481_evacuation_space,1
470007_沖縄県,指定緊急避難場所一覧,473502__evacuation_space,2
470007_沖縄県,AED設置箇所一覧,473502_aed,2
470007_沖縄県,介護サービス事業所一覧,473502_care_service,1
470007_沖縄県,文化財一覧,473502_cultural_property,2
470007_沖縄県,消防水利施設一覧,473502_fire_hydrant,1
470007_沖縄県,医療機関一覧,473502_hospital,1
470007_沖縄県,子育て施設一覧,473502_preschool,3
470007_沖縄県,公共施設一覧,473502_public_facility,1
470007_沖縄県,公衆トイレ一覧,473502_public_toilet,2
470007_沖縄県,観光施設一覧,473502_tourism,2
470007_沖縄県,渡嘉敷村内避難場所一覧,473537_,1
470007_沖縄県,指定緊急避難場所,473553_bousai01,1
470007_沖縄県,渡名喜村 指定緊急避難場所一覧,473561_,1
470007_沖縄県,AED設置箇所一覧,473570_aed,1
470007_沖縄県,介護サービス事業所一覧,473570_care_service,1
470007_沖縄県,文化財一覧,473570_cultural_property,1
470007_沖縄県,指定緊急避難場所一覧,473570_evacuation_space,1
470007_沖縄県,医療機関一覧,473570_hospital,1
470007_沖縄県,公衆トイレ一覧,473570_public_toilet,1
470007_沖縄県,公衆無線LANアクセスポイント一覧,473570_public_wireless_lan,1
470007_沖縄県,観光施設一覧,473570_tourism,1
470007_沖縄県,緊急指定避難場所,473600_,2
470007_沖縄県,AED設置個所一覧,473812_,1
470007_沖縄県,介護サービス事業所一覧,473812_care_service,1
470007_沖縄県,子育て施設一覧,473812_child_care_facility,1
470007_沖縄県,文化財一覧,473812_cultural_assets,1
470007_沖縄県,指定緊急避難場所一覧,473812_emergency_evacuation_site,1
470007_沖縄県,医療機関一覧,473812_hospital,1
470007_沖縄県,公共施設一覧,473812_public_facility,1
470007_沖縄県,公衆トイレ一覧,473812_public_toilet,1
470007_沖縄県,観光施設一覧,473812_tourism,1
470007_沖縄県,公衆無線LANアクセスポイント一覧,473812_wifiap,1
# 010006_北海道,36(1574/1574),r_sum=38,check=True
# 011002_北海道札幌市,8(262/262),r_sum=51,check=True
# 014257_北海道上砂川町,5(12/12),r_sum=5,check=True
# 020001_青森県,41(1047/1047),r_sum=42,check=True
# 040002_宮城県,188(343/343),r_sum=250,check=True
# 050008_秋田県,11(263/263),r_sum=16,check=True
# 090000_栃木県,80(416/416),r_sum=84,check=True
# 110001_埼玉県,201(1348/1348),r_sum=352,check=True
# 120006_千葉県,11(1715/1715),r_sum=14,check=True
# 122041_千葉県船橋市,13(605/605),r_sum=13,check=True
# 130001_東京都,588(9678/9678),r_sum=796,check=True
# 141003_神奈川県横浜市,6(658/658),r_sum=13,check=True
# 160008_富山県,15(135/135),r_sum=15,check=True
# 170003_石川県,330(995/995),r_sum=448,check=True
# 210005_岐阜県,531(1881/1881),r_sum=1370,check=True
# 220001_静岡県,664(3807/3807),r_sum=784,check=True
# 240001_三重県,80(489/489),r_sum=85,check=True
# 260002_京都府,111(1003/1003),r_sum=117,check=True
# 270008_大阪府,199(1016/1016),r_sum=261,check=True
# 300004_和歌山県,53(240/240),r_sum=53,check=True
# 320005_島根県,100(476/476),r_sum=159,check=True
# 330001_岡山県,80(1000/1000),r_sum=227,check=True
# 350001_山口県,176(770/770),r_sum=218,check=True
# 360007_徳島県,152(1917/1917),r_sum=167,check=True
# 380008_愛媛県,58(963/963),r_sum=71,check=True
# 400009_福岡県,173(3024/3024),r_sum=475,check=True
# 410004_佐賀県,54(664/664),r_sum=99,check=True
# 420000_長崎県,216(708/708),r_sum=246,check=True
# 430005_熊本県,245(859/859),r_sum=310,check=True
# 440001_大分県,105(858/858),r_sum=123,check=True
# 450006_宮崎県,61(1382/1382),r_sum=90,check=True
# 460001_鹿児島県,130(889/889),r_sum=157,check=True
# 470007_沖縄県,133(888/888),r_sum=194,check=True
# 総計 自治体数=33,4854,"True(d:34,t:33,c:33,s:30)",7343
